provider_name,end_date,start_hour,end_hour,vehicle_type,stop_name,radius,trips_starting,trips_ending
nextbike,2025-04-07,2025-04-06 16:00:00,2025-04-07 13:00:00,bicycle,*405 F Dornbusch/Am Grünhof,50,0,0
nextbike,2025-04-07,2025-04-06 16:00:00,2025-04-07 13:00:00,bicycle,*405 F Dornbusch/Am Grünhof,100,0,0
nextbike,2025-04-07,2025-04-06 16:00:00,2025-04-07 13:00:00,bicycle,*405 F Dornbusch/Am Grünhof,250,0,0
nextbike,2025-04-07,2025-04-06 16:00:00,2025-04-07 13:00:00,bicycle,*405 F Dornbusch/Am Grünhof,350,1,0
nextbike,2025-04-07,2025-04-06 16:00:00,2025-04-07 13:00:00,bicycle,F Francois-Mitterrand-Platz,50,0,0
nextbike,2025-04-07,2025-04-06 16:00:00,2025-04-07 13:00:00,bicycle,F Francois-Mitterrand-Platz,100,0,0
nextbike,2025-04-07,2025-04-06 16:00:00,2025-04-07 13:00:00,bicycle,F Francois-Mitterrand-Platz,250,0,0
nextbike,2025-04-07,2025-04-06 16:00:00,2025-04-07 13:00:00,bicycle,F Francois-Mitterrand-Platz,350,0,1
nextbike,2025-04-07,2025-04-06 16:00:00,2025-04-07 13:00:00,bicycle,F Miquel-/Adickesallee,50,0,0
nextbike,2025-04-07,2025-04-06 16:00:00,2025-04-07 13:00:00,bicycle,F Miquel-/Adickesallee,100,0,0
nextbike,2025-04-07,2025-04-06 16:00:00,2025-04-07 13:00:00,bicycle,F Miquel-/Adickesallee,250,1,0
nextbike,2025-04-07,2025-04-06 16:00:00,2025-04-07 13:00:00,bicycle,F Miquel-/Adickesallee,350,1,0
nextbike,2025-04-07,2025-04-06 16:00:00,2025-04-07 13:00:00,bicycle,F Plieningerstraße,50,0,0
nextbike,2025-04-07,2025-04-06 16:00:00,2025-04-07 13:00:00,bicycle,F Plieningerstraße,100,0,0
nextbike,2025-04-07,2025-04-06 16:00:00,2025-04-07 13:00:00,bicycle,F Plieningerstraße,250,0,0
nextbike,2025-04-07,2025-04-06 16:00:00,2025-04-07 13:00:00,bicycle,F Plieningerstraße,350,1,0
nextbike,2025-04-07,2025-04-06 16:00:00,2025-04-07 13:00:00,bicycle,F Weser-/Münchener Straße,50,0,0
nextbike,2025-04-07,2025-04-06 16:00:00,2025-04-07 13:00:00,bicycle,F Weser-/Münchener Straße,100,0,0
nextbike,2025-04-07,2025-04-06 16:00:00,2025-04-07 13:00:00,bicycle,F Weser-/Münchener Straße,250,0,0
nextbike,2025-04-07,2025-04-06 16:00:00,2025-04-07 13:00:00,bicycle,F Weser-/Münchener Straße,350,0,1
synthetic_bikesharing,2025-04-07,2025-04-07 00:00:00,2025-04-07 01:00:00,bicycle,*405 F Dornbusch/Am Grünhof,50,0,0
synthetic_bikesharing,2025-04-07,2025-04-07 00:00:00,2025-04-07 01:00:00,bicycle,*405 F Dornbusch/Am Grünhof,100,0,0
synthetic_bikesharing,2025-04-07,2025-04-07 00:00:00,2025-04-07 01:00:00,bicycle,*405 F Dornbusch/Am Grünhof,250,0,0
synthetic_bikesharing,2025-04-07,2025-04-07 00:00:00,2025-04-07 01:00:00,bicycle,*405 F Dornbusch/Am Grünhof,350,0,0
synthetic_e_scooter,2025-04-07,2025-04-07 00:00:00,2025-04-07 01:00:00,e-scooter,*405 F Dornbusch/Am Grünhof,50,0,0
synthetic_e_scooter,2025-04-07,2025-04-07 00:00:00,2025-04-07 01:00:00,e-scooter,*405 F Dornbusch/Am Grünhof,100,0,0
synthetic_e_scooter,2025-04-07,2025-04-07 00:00:00,2025-04-07 01:00:00,e-scooter,*405 F Dornbusch/Am Grünhof,250,0,0
synthetic_e_scooter,2025-04-07,2025-04-07 00:00:00,2025-04-07 01:00:00,e-scooter,*405 F Dornbusch/Am Grünhof,350,0,0
synthetic_bikesharing,2025-04-07,2025-04-07 00:00:00,2025-04-07 01:00:00,bicycle,F Francois-Mitterrand-Platz,50,0,0
synthetic_bikesharing,2025-04-07,2025-04-07 00:00:00,2025-04-07 01:00:00,bicycle,F Francois-Mitterrand-Platz,100,0,1
synthetic_bikesharing,2025-04-07,2025-04-07 00:00:00,2025-04-07 01:00:00,bicycle,F Francois-Mitterrand-Platz,250,0,1
synthetic_bikesharing,2025-04-07,2025-04-07 00:00:00,2025-04-07 01:00:00,bicycle,F Francois-Mitterrand-Platz,350,0,2
synthetic_e_scooter,2025-04-07,2025-04-07 00:00:00,2025-04-07 01:00:00,e-scooter,F Francois-Mitterrand-Platz,50,0,0
synthetic_e_scooter,2025-04-07,2025-04-07 00:00:00,2025-04-07 01:00:00,e-scooter,F Francois-Mitterrand-Platz,100,0,0
synthetic_e_scooter,2025-04-07,2025-04-07 00:00:00,2025-04-07 01:00:00,e-scooter,F Francois-Mitterrand-Platz,250,0,0
synthetic_e_scooter,2025-04-07,2025-04-07 00:00:00,2025-04-07 01:00:00,e-scooter,F Francois-Mitterrand-Platz,350,0,1
synthetic_bikesharing,2025-04-07,2025-04-07 00:00:00,2025-04-07 01:00:00,bicycle,F Miquel-/Adickesallee,50,0,0
synthetic_bikesharing,2025-04-07,2025-04-07 00:00:00,2025-04-07 01:00:00,bicycle,F Miquel-/Adickesallee,100,0,0
synthetic_bikesharing,2025-04-07,2025-04-07 00:00:00,2025-04-07 01:00:00,bicycle,F Miquel-/Adickesallee,250,0,0
synthetic_bikesharing,2025-04-07,2025-04-07 00:00:00,2025-04-07 01:00:00,bicycle,F Miquel-/Adickesallee,350,0,0
synthetic_e_scooter,2025-04-07,2025-04-07 00:00:00,2025-04-07 01:00:00,e-scooter,F Miquel-/Adickesallee,50,0,0
synthetic_e_scooter,2025-04-07,2025-04-07 00:00:00,2025-04-07 01:00:00,e-scooter,F Miquel-/Adickesallee,100,1,0
synthetic_e_scooter,2025-04-07,2025-04-07 00:00:00,2025-04-07 01:00:00,e-scooter,F Miquel-/Adickesallee,250,1,0
synthetic_e_scooter,2025-04-07,2025-04-07 00:00:00,2025-04-07 01:00:00,e-scooter,F Miquel-/Adickesallee,350,2,1
synthetic_bikesharing,2025-04-07,2025-04-07 00:00:00,2025-04-07 01:00:00,bicycle,F Plieningerstraße,50,0,0
synthetic_bikesharing,2025-04-07,2025-04-07 00:00:00,2025-04-07 01:00:00,bicycle,F Plieningerstraße,100,0,0
synthetic_bikesharing,2025-04-07,2025-04-07 00:00:00,2025-04-07 01:00:00,bicycle,F Plieningerstraße,250,0,0
synthetic_bikesharing,2025-04-07,2025-04-07 00:00:00,2025-04-07 01:00:00,bicycle,F Plieningerstraße,350,0,0
synthetic_e_scooter,2025-04-07,2025-04-07 00:00:00,2025-04-07 01:00:00,e-scooter,F Plieningerstraße,50,1,0
synthetic_e_scooter,2025-04-07,2025-04-07 00:00:00,2025-04-07 01:00:00,e-scooter,F Plieningerstraße,100,1,0
synthetic_e_scooter,2025-04-07,2025-04-07 00:00:00,2025-04-07 01:00:00,e-scooter,F Plieningerstraße,250,2,0
synthetic_e_scooter,2025-04-07,2025-04-07 00:00:00,2025-04-07 01:00:00,e-scooter,F Plieningerstraße,350,2,0
synthetic_bikesharing,2025-04-07,2025-04-07 00:00:00,2025-04-07 01:00:00,bicycle,F Weser-/Münchener Straße,50,0,0
synthetic_bikesharing,2025-04-07,2025-04-07 00:00:00,2025-04-07 01:00:00,bicycle,F Weser-/Münchener Straße,100,0,0
synthetic_bikesharing,2025-04-07,2025-04-07 00:00:00,2025-04-07 01:00:00,bicycle,F Weser-/Münchener Straße,250,0,0
synthetic_bikesharing,2025-04-07,2025-04-07 00:00:00,2025-04-07 01:00:00,bicycle,F Weser-/Münchener Straße,350,1,0
synthetic_e_scooter,2025-04-07,2025-04-07 00:00:00,2025-04-07 01:00:00,e-scooter,F Weser-/Münchener Straße,50,2,0
synthetic_e_scooter,2025-04-07,2025-04-07 00:00:00,2025-04-07 01:00:00,e-scooter,F Weser-/Münchener Straße,100,3,0
synthetic_e_scooter,2025-04-07,2025-04-07 00:00:00,2025-04-07 01:00:00,e-scooter,F Weser-/Münchener Straße,250,5,2
synthetic_e_scooter,2025-04-07,2025-04-07 00:00:00,2025-04-07 01:00:00,e-scooter,F Weser-/Münchener Straße,350,8,3
synthetic_bikesharing,2025-04-07,2025-04-07 01:00:00,2025-04-07 02:00:00,bicycle,*405 F Dornbusch/Am Grünhof,50,0,0
synthetic_bikesharing,2025-04-07,2025-04-07 01:00:00,2025-04-07 02:00:00,bicycle,*405 F Dornbusch/Am Grünhof,100,0,0
synthetic_bikesharing,2025-04-07,2025-04-07 01:00:00,2025-04-07 02:00:00,bicycle,*405 F Dornbusch/Am Grünhof,250,0,0
synthetic_bikesharing,2025-04-07,2025-04-07 01:00:00,2025-04-07 02:00:00,bicycle,*405 F Dornbusch/Am Grünhof,350,0,0
synthetic_e_scooter,2025-04-07,2025-04-07 01:00:00,2025-04-07 02:00:00,e-scooter,*405 F Dornbusch/Am Grünhof,50,0,0
synthetic_e_scooter,2025-04-07,2025-04-07 01:00:00,2025-04-07 02:00:00,e-scooter,*405 F Dornbusch/Am Grünhof,100,0,0
synthetic_e_scooter,2025-04-07,2025-04-07 01:00:00,2025-04-07 02:00:00,e-scooter,*405 F Dornbusch/Am Grünhof,250,0,0
synthetic_e_scooter,2025-04-07,2025-04-07 01:00:00,2025-04-07 02:00:00,e-scooter,*405 F Dornbusch/Am Grünhof,350,2,0
synthetic_bikesharing,2025-04-07,2025-04-07 01:00:00,2025-04-07 02:00:00,bicycle,F Francois-Mitterrand-Platz,50,0,1
synthetic_bikesharing,2025-04-07,2025-04-07 01:00:00,2025-04-07 02:00:00,bicycle,F Francois-Mitterrand-Platz,100,0,1
synthetic_bikesharing,2025-04-07,2025-04-07 01:00:00,2025-04-07 02:00:00,bicycle,F Francois-Mitterrand-Platz,250,0,1
synthetic_bikesharing,2025-04-07,2025-04-07 01:00:00,2025-04-07 02:00:00,bicycle,F Francois-Mitterrand-Platz,350,0,1
synthetic_e_scooter,2025-04-07,2025-04-07 01:00:00,2025-04-07 02:00:00,e-scooter,F Francois-Mitterrand-Platz,50,0,0
synthetic_e_scooter,2025-04-07,2025-04-07 01:00:00,2025-04-07 02:00:00,e-scooter,F Francois-Mitterrand-Platz,100,0,0
synthetic_e_scooter,2025-04-07,2025-04-07 01:00:00,2025-04-07 02:00:00,e-scooter,F Francois-Mitterrand-Platz,250,2,1
synthetic_e_scooter,2025-04-07,2025-04-07 01:00:00,2025-04-07 02:00:00,e-scooter,F Francois-Mitterrand-Platz,350,3,1
synthetic_bikesharing,2025-04-07,2025-04-07 01:00:00,2025-04-07 02:00:00,bicycle,F Miquel-/Adickesallee,50,0,0
synthetic_bikesharing,2025-04-07,2025-04-07 01:00:00,2025-04-07 02:00:00,bicycle,F Miquel-/Adickesallee,100,0,0
synthetic_bikesharing,2025-04-07,2025-04-07 01:00:00,2025-04-07 02:00:00,bicycle,F Miquel-/Adickesallee,250,0,0
synthetic_bikesharing,2025-04-07,2025-04-07 01:00:00,2025-04-07 02:00:00,bicycle,F Miquel-/Adickesallee,350,0,0
synthetic_e_scooter,2025-04-07,2025-04-07 01:00:00,2025-04-07 02:00:00,e-scooter,F Miquel-/Adickesallee,50,0,0
synthetic_e_scooter,2025-04-07,2025-04-07 01:00:00,2025-04-07 02:00:00,e-scooter,F Miquel-/Adickesallee,100,0,0
synthetic_e_scooter,2025-04-07,2025-04-07 01:00:00,2025-04-07 02:00:00,e-scooter,F Miquel-/Adickesallee,250,0,2
synthetic_e_scooter,2025-04-07,2025-04-07 01:00:00,2025-04-07 02:00:00,e-scooter,F Miquel-/Adickesallee,350,2,2
synthetic_bikesharing,2025-04-07,2025-04-07 01:00:00,2025-04-07 02:00:00,bicycle,F Plieningerstraße,50,0,0
synthetic_bikesharing,2025-04-07,2025-04-07 01:00:00,2025-04-07 02:00:00,bicycle,F Plieningerstraße,100,0,0
synthetic_bikesharing,2025-04-07,2025-04-07 01:00:00,2025-04-07 02:00:00,bicycle,F Plieningerstraße,250,0,0
synthetic_bikesharing,2025-04-07,2025-04-07 01:00:00,2025-04-07 02:00:00,bicycle,F Plieningerstraße,350,0,0
synthetic_e_scooter,2025-04-07,2025-04-07 01:00:00,2025-04-07 02:00:00,e-scooter,F Plieningerstraße,50,0,0
synthetic_e_scooter,2025-04-07,2025-04-07 01:00:00,2025-04-07 02:00:00,e-scooter,F Plieningerstraße,100,0,0
synthetic_e_scooter,2025-04-07,2025-04-07 01:00:00,2025-04-07 02:00:00,e-scooter,F Plieningerstraße,250,0,1
synthetic_e_scooter,2025-04-07,2025-04-07 01:00:00,2025-04-07 02:00:00,e-scooter,F Plieningerstraße,350,0,1
synthetic_bikesharing,2025-04-07,2025-04-07 01:00:00,2025-04-07 02:00:00,bicycle,F Weser-/Münchener Straße,50,0,0
synthetic_bikesharing,2025-04-07,2025-04-07 01:00:00,2025-04-07 02:00:00,bicycle,F Weser-/Münchener Straße,100,0,0
synthetic_bikesharing,2025-04-07,2025-04-07 01:00:00,2025-04-07 02:00:00,bicycle,F Weser-/Münchener Straße,250,0,0
synthetic_bikesharing,2025-04-07,2025-04-07 01:00:00,2025-04-07 02:00:00,bicycle,F Weser-/Münchener Straße,350,0,0
synthetic_e_scooter,2025-04-07,2025-04-07 01:00:00,2025-04-07 02:00:00,e-scooter,F Weser-/Münchener Straße,50,0,0
synthetic_e_scooter,2025-04-07,2025-04-07 01:00:00,2025-04-07 02:00:00,e-scooter,F Weser-/Münchener Straße,100,0,0
synthetic_e_scooter,2025-04-07,2025-04-07 01:00:00,2025-04-07 02:00:00,e-scooter,F Weser-/Münchener Straße,250,0,2
synthetic_e_scooter,2025-04-07,2025-04-07 01:00:00,2025-04-07 02:00:00,e-scooter,F Weser-/Münchener Straße,350,1,2
synthetic_bikesharing,2025-04-07,2025-04-07 02:00:00,2025-04-07 03:00:00,bicycle,*405 F Dornbusch/Am Grünhof,50,0,0
synthetic_bikesharing,2025-04-07,2025-04-07 02:00:00,2025-04-07 03:00:00,bicycle,*405 F Dornbusch/Am Grünhof,100,0,0
synthetic_bikesharing,2025-04-07,2025-04-07 02:00:00,2025-04-07 03:00:00,bicycle,*405 F Dornbusch/Am Grünhof,250,0,0
synthetic_bikesharing,2025-04-07,2025-04-07 02:00:00,2025-04-07 03:00:00,bicycle,*405 F Dornbusch/Am Grünhof,350,0,0
synthetic_e_scooter,2025-04-07,2025-04-07 02:00:00,2025-04-07 03:00:00,e-scooter,*405 F Dornbusch/Am Grünhof,50,0,0
synthetic_e_scooter,2025-04-07,2025-04-07 02:00:00,2025-04-07 03:00:00,e-scooter,*405 F Dornbusch/Am Grünhof,100,0,0
synthetic_e_scooter,2025-04-07,2025-04-07 02:00:00,2025-04-07 03:00:00,e-scooter,*405 F Dornbusch/Am Grünhof,250,1,2
synthetic_e_scooter,2025-04-07,2025-04-07 02:00:00,2025-04-07 03:00:00,e-scooter,*405 F Dornbusch/Am Grünhof,350,1,2
synthetic_bikesharing,2025-04-07,2025-04-07 02:00:00,2025-04-07 03:00:00,bicycle,F Francois-Mitterrand-Platz,50,0,0
synthetic_bikesharing,2025-04-07,2025-04-07 02:00:00,2025-04-07 03:00:00,bicycle,F Francois-Mitterrand-Platz,100,0,0
synthetic_bikesharing,2025-04-07,2025-04-07 02:00:00,2025-04-07 03:00:00,bicycle,F Francois-Mitterrand-Platz,250,0,0
synthetic_bikesharing,2025-04-07,2025-04-07 02:00:00,2025-04-07 03:00:00,bicycle,F Francois-Mitterrand-Platz,350,0,0
synthetic_e_scooter,2025-04-07,2025-04-07 02:00:00,2025-04-07 03:00:00,e-scooter,F Francois-Mitterrand-Platz,50,0,0
synthetic_e_scooter,2025-04-07,2025-04-07 02:00:00,2025-04-07 03:00:00,e-scooter,F Francois-Mitterrand-Platz,100,0,0
synthetic_e_scooter,2025-04-07,2025-04-07 02:00:00,2025-04-07 03:00:00,e-scooter,F Francois-Mitterrand-Platz,250,0,0
synthetic_e_scooter,2025-04-07,2025-04-07 02:00:00,2025-04-07 03:00:00,e-scooter,F Francois-Mitterrand-Platz,350,0,0
synthetic_bikesharing,2025-04-07,2025-04-07 02:00:00,2025-04-07 03:00:00,bicycle,F Miquel-/Adickesallee,50,0,0
synthetic_bikesharing,2025-04-07,2025-04-07 02:00:00,2025-04-07 03:00:00,bicycle,F Miquel-/Adickesallee,100,1,0
synthetic_bikesharing,2025-04-07,2025-04-07 02:00:00,2025-04-07 03:00:00,bicycle,F Miquel-/Adickesallee,250,1,0
synthetic_bikesharing,2025-04-07,2025-04-07 02:00:00,2025-04-07 03:00:00,bicycle,F Miquel-/Adickesallee,350,2,0
synthetic_e_scooter,2025-04-07,2025-04-07 02:00:00,2025-04-07 03:00:00,e-scooter,F Miquel-/Adickesallee,50,0,0
synthetic_e_scooter,2025-04-07,2025-04-07 02:00:00,2025-04-07 03:00:00,e-scooter,F Miquel-/Adickesallee,100,2,1
synthetic_e_scooter,2025-04-07,2025-04-07 02:00:00,2025-04-07 03:00:00,e-scooter,F Miquel-/Adickesallee,250,3,1
synthetic_e_scooter,2025-04-07,2025-04-07 02:00:00,2025-04-07 03:00:00,e-scooter,F Miquel-/Adickesallee,350,4,1
synthetic_bikesharing,2025-04-07,2025-04-07 02:00:00,2025-04-07 03:00:00,bicycle,F Plieningerstraße,50,0,0
synthetic_bikesharing,2025-04-07,2025-04-07 02:00:00,2025-04-07 03:00:00,bicycle,F Plieningerstraße,100,0,0
synthetic_bikesharing,2025-04-07,2025-04-07 02:00:00,2025-04-07 03:00:00,bicycle,F Plieningerstraße,250,0,0
synthetic_bikesharing,2025-04-07,2025-04-07 02:00:00,2025-04-07 03:00:00,bicycle,F Plieningerstraße,350,0,0
synthetic_e_scooter,2025-04-07,2025-04-07 02:00:00,2025-04-07 03:00:00,e-scooter,F Plieningerstraße,50,0,0
synthetic_e_scooter,2025-04-07,2025-04-07 02:00:00,2025-04-07 03:00:00,e-scooter,F Plieningerstraße,100,0,0
synthetic_e_scooter,2025-04-07,2025-04-07 02:00:00,2025-04-07 03:00:00,e-scooter,F Plieningerstraße,250,1,0
synthetic_e_scooter,2025-04-07,2025-04-07 02:00:00,2025-04-07 03:00:00,e-scooter,F Plieningerstraße,350,1,0
synthetic_bikesharing,2025-04-07,2025-04-07 02:00:00,2025-04-07 03:00:00,bicycle,F Weser-/Münchener Straße,50,0,0
synthetic_bikesharing,2025-04-07,2025-04-07 02:00:00,2025-04-07 03:00:00,bicycle,F Weser-/Münchener Straße,100,0,0
synthetic_bikesharing,2025-04-07,2025-04-07 02:00:00,2025-04-07 03:00:00,bicycle,F Weser-/Münchener Straße,250,0,0
synthetic_bikesharing,2025-04-07,2025-04-07 02:00:00,2025-04-07 03:00:00,bicycle,F Weser-/Münchener Straße,350,0,0
synthetic_e_scooter,2025-04-07,2025-04-07 02:00:00,2025-04-07 03:00:00,e-scooter,F Weser-/Münchener Straße,50,0,1
synthetic_e_scooter,2025-04-07,2025-04-07 02:00:00,2025-04-07 03:00:00,e-scooter,F Weser-/Münchener Straße,100,0,1
synthetic_e_scooter,2025-04-07,2025-04-07 02:00:00,2025-04-07 03:00:00,e-scooter,F Weser-/Münchener Straße,250,0,3
synthetic_e_scooter,2025-04-07,2025-04-07 02:00:00,2025-04-07 03:00:00,e-scooter,F Weser-/Münchener Straße,350,0,3
synthetic_bikesharing,2025-04-07,2025-04-07 03:00:00,2025-04-07 04:00:00,bicycle,*405 F Dornbusch/Am Grünhof,50,0,0
synthetic_bikesharing,2025-04-07,2025-04-07 03:00:00,2025-04-07 04:00:00,bicycle,*405 F Dornbusch/Am Grünhof,100,0,0
synthetic_bikesharing,2025-04-07,2025-04-07 03:00:00,2025-04-07 04:00:00,bicycle,*405 F Dornbusch/Am Grünhof,250,0,0
synthetic_bikesharing,2025-04-07,2025-04-07 03:00:00,2025-04-07 04:00:00,bicycle,*405 F Dornbusch/Am Grünhof,350,0,0
synthetic_e_scooter,2025-04-07,2025-04-07 03:00:00,2025-04-07 04:00:00,e-scooter,*405 F Dornbusch/Am Grünhof,50,0,0
synthetic_e_scooter,2025-04-07,2025-04-07 03:00:00,2025-04-07 04:00:00,e-scooter,*405 F Dornbusch/Am Grünhof,100,1,0
synthetic_e_scooter,2025-04-07,2025-04-07 03:00:00,2025-04-07 04:00:00,e-scooter,*405 F Dornbusch/Am Grünhof,250,1,0
synthetic_e_scooter,2025-04-07,2025-04-07 03:00:00,2025-04-07 04:00:00,e-scooter,*405 F Dornbusch/Am Grünhof,350,1,0
synthetic_bikesharing,2025-04-07,2025-04-07 03:00:00,2025-04-07 04:00:00,bicycle,F Francois-Mitterrand-Platz,50,0,0
synthetic_bikesharing,2025-04-07,2025-04-07 03:00:00,2025-04-07 04:00:00,bicycle,F Francois-Mitterrand-Platz,100,0,0
synthetic_bikesharing,2025-04-07,2025-04-07 03:00:00,2025-04-07 04:00:00,bicycle,F Francois-Mitterrand-Platz,250,0,0
synthetic_bikesharing,2025-04-07,2025-04-07 03:00:00,2025-04-07 04:00:00,bicycle,F Francois-Mitterrand-Platz,350,0,0
synthetic_e_scooter,2025-04-07,2025-04-07 03:00:00,2025-04-07 04:00:00,e-scooter,F Francois-Mitterrand-Platz,50,0,0
synthetic_e_scooter,2025-04-07,2025-04-07 03:00:00,2025-04-07 04:00:00,e-scooter,F Francois-Mitterrand-Platz,100,0,0
synthetic_e_scooter,2025-04-07,2025-04-07 03:00:00,2025-04-07 04:00:00,e-scooter,F Francois-Mitterrand-Platz,250,0,0
synthetic_e_scooter,2025-04-07,2025-04-07 03:00:00,2025-04-07 04:00:00,e-scooter,F Francois-Mitterrand-Platz,350,0,0
synthetic_bikesharing,2025-04-07,2025-04-07 03:00:00,2025-04-07 04:00:00,bicycle,F Miquel-/Adickesallee,50,1,0
synthetic_bikesharing,2025-04-07,2025-04-07 03:00:00,2025-04-07 04:00:00,bicycle,F Miquel-/Adickesallee,100,1,0
synthetic_bikesharing,2025-04-07,2025-04-07 03:00:00,2025-04-07 04:00:00,bicycle,F Miquel-/Adickesallee,250,1,1
synthetic_bikesharing,2025-04-07,2025-04-07 03:00:00,2025-04-07 04:00:00,bicycle,F Miquel-/Adickesallee,350,1,1
synthetic_e_scooter,2025-04-07,2025-04-07 03:00:00,2025-04-07 04:00:00,e-scooter,F Miquel-/Adickesallee,50,0,0
synthetic_e_scooter,2025-04-07,2025-04-07 03:00:00,2025-04-07 04:00:00,e-scooter,F Miquel-/Adickesallee,100,0,1
synthetic_e_scooter,2025-04-07,2025-04-07 03:00:00,2025-04-07 04:00:00,e-scooter,F Miquel-/Adickesallee,250,0,1
synthetic_e_scooter,2025-04-07,2025-04-07 03:00:00,2025-04-07 04:00:00,e-scooter,F Miquel-/Adickesallee,350,0,1
synthetic_bikesharing,2025-04-07,2025-04-07 03:00:00,2025-04-07 04:00:00,bicycle,F Plieningerstraße,50,0,0
synthetic_bikesharing,2025-04-07,2025-04-07 03:00:00,2025-04-07 04:00:00,bicycle,F Plieningerstraße,100,0,0
synthetic_bikesharing,2025-04-07,2025-04-07 03:00:00,2025-04-07 04:00:00,bicycle,F Plieningerstraße,250,0,0
synthetic_bikesharing,2025-04-07,2025-04-07 03:00:00,2025-04-07 04:00:00,bicycle,F Plieningerstraße,350,0,0
synthetic_e_scooter,2025-04-07,2025-04-07 03:00:00,2025-04-07 04:00:00,e-scooter,F Plieningerstraße,50,0,0
synthetic_e_scooter,2025-04-07,2025-04-07 03:00:00,2025-04-07 04:00:00,e-scooter,F Plieningerstraße,100,0,0
synthetic_e_scooter,2025-04-07,2025-04-07 03:00:00,2025-04-07 04:00:00,e-scooter,F Plieningerstraße,250,0,0
synthetic_e_scooter,2025-04-07,2025-04-07 03:00:00,2025-04-07 04:00:00,e-scooter,F Plieningerstraße,350,0,0
synthetic_bikesharing,2025-04-07,2025-04-07 03:00:00,2025-04-07 04:00:00,bicycle,F Weser-/Münchener Straße,50,0,0
synthetic_bikesharing,2025-04-07,2025-04-07 03:00:00,2025-04-07 04:00:00,bicycle,F Weser-/Münchener Straße,100,0,0
synthetic_bikesharing,2025-04-07,2025-04-07 03:00:00,2025-04-07 04:00:00,bicycle,F Weser-/Münchener Straße,250,0,0
synthetic_bikesharing,2025-04-07,2025-04-07 03:00:00,2025-04-07 04:00:00,bicycle,F Weser-/Münchener Straße,350,0,0
synthetic_e_scooter,2025-04-07,2025-04-07 03:00:00,2025-04-07 04:00:00,e-scooter,F Weser-/Münchener Straße,50,0,1
synthetic_e_scooter,2025-04-07,2025-04-07 03:00:00,2025-04-07 04:00:00,e-scooter,F Weser-/Münchener Straße,100,0,2
synthetic_e_scooter,2025-04-07,2025-04-07 03:00:00,2025-04-07 04:00:00,e-scooter,F Weser-/Münchener Straße,250,0,2
synthetic_e_scooter,2025-04-07,2025-04-07 03:00:00,2025-04-07 04:00:00,e-scooter,F Weser-/Münchener Straße,350,0,2
synthetic_bikesharing,2025-04-07,2025-04-07 04:00:00,2025-04-07 05:00:00,bicycle,*405 F Dornbusch/Am Grünhof,50,0,0
synthetic_bikesharing,2025-04-07,2025-04-07 04:00:00,2025-04-07 05:00:00,bicycle,*405 F Dornbusch/Am Grünhof,100,0,0
synthetic_bikesharing,2025-04-07,2025-04-07 04:00:00,2025-04-07 05:00:00,bicycle,*405 F Dornbusch/Am Grünhof,250,0,0
synthetic_bikesharing,2025-04-07,2025-04-07 04:00:00,2025-04-07 05:00:00,bicycle,*405 F Dornbusch/Am Grünhof,350,0,0
synthetic_e_scooter,2025-04-07,2025-04-07 04:00:00,2025-04-07 05:00:00,e-scooter,*405 F Dornbusch/Am Grünhof,50,0,0
synthetic_e_scooter,2025-04-07,2025-04-07 04:00:00,2025-04-07 05:00:00,e-scooter,*405 F Dornbusch/Am Grünhof,100,0,0
synthetic_e_scooter,2025-04-07,2025-04-07 04:00:00,2025-04-07 05:00:00,e-scooter,*405 F Dornbusch/Am Grünhof,250,0,0
synthetic_e_scooter,2025-04-07,2025-04-07 04:00:00,2025-04-07 05:00:00,e-scooter,*405 F Dornbusch/Am Grünhof,350,0,0
synthetic_bikesharing,2025-04-07,2025-04-07 04:00:00,2025-04-07 05:00:00,bicycle,F Francois-Mitterrand-Platz,50,0,0
synthetic_bikesharing,2025-04-07,2025-04-07 04:00:00,2025-04-07 05:00:00,bicycle,F Francois-Mitterrand-Platz,100,0,0
synthetic_bikesharing,2025-04-07,2025-04-07 04:00:00,2025-04-07 05:00:00,bicycle,F Francois-Mitterrand-Platz,250,0,0
synthetic_bikesharing,2025-04-07,2025-04-07 04:00:00,2025-04-07 05:00:00,bicycle,F Francois-Mitterrand-Platz,350,1,0
synthetic_e_scooter,2025-04-07,2025-04-07 04:00:00,2025-04-07 05:00:00,e-scooter,F Francois-Mitterrand-Platz,50,0,0
synthetic_e_scooter,2025-04-07,2025-04-07 04:00:00,2025-04-07 05:00:00,e-scooter,F Francois-Mitterrand-Platz,100,0,0
synthetic_e_scooter,2025-04-07,2025-04-07 04:00:00,2025-04-07 05:00:00,e-scooter,F Francois-Mitterrand-Platz,250,0,1
synthetic_e_scooter,2025-04-07,2025-04-07 04:00:00,2025-04-07 05:00:00,e-scooter,F Francois-Mitterrand-Platz,350,0,1
synthetic_bikesharing,2025-04-07,2025-04-07 04:00:00,2025-04-07 05:00:00,bicycle,F Miquel-/Adickesallee,50,0,0
synthetic_bikesharing,2025-04-07,2025-04-07 04:00:00,2025-04-07 05:00:00,bicycle,F Miquel-/Adickesallee,100,0,0
synthetic_bikesharing,2025-04-07,2025-04-07 04:00:00,2025-04-07 05:00:00,bicycle,F Miquel-/Adickesallee,250,0,0
synthetic_bikesharing,2025-04-07,2025-04-07 04:00:00,2025-04-07 05:00:00,bicycle,F Miquel-/Adickesallee,350,0,0
synthetic_e_scooter,2025-04-07,2025-04-07 04:00:00,2025-04-07 05:00:00,e-scooter,F Miquel-/Adickesallee,50,0,0
synthetic_e_scooter,2025-04-07,2025-04-07 04:00:00,2025-04-07 05:00:00,e-scooter,F Miquel-/Adickesallee,100,0,0
synthetic_e_scooter,2025-04-07,2025-04-07 04:00:00,2025-04-07 05:00:00,e-scooter,F Miquel-/Adickesallee,250,0,0
synthetic_e_scooter,2025-04-07,2025-04-07 04:00:00,2025-04-07 05:00:00,e-scooter,F Miquel-/Adickesallee,350,0,0
synthetic_bikesharing,2025-04-07,2025-04-07 04:00:00,2025-04-07 05:00:00,bicycle,F Plieningerstraße,50,0,0
synthetic_bikesharing,2025-04-07,2025-04-07 04:00:00,2025-04-07 05:00:00,bicycle,F Plieningerstraße,100,0,0
synthetic_bikesharing,2025-04-07,2025-04-07 04:00:00,2025-04-07 05:00:00,bicycle,F Plieningerstraße,250,0,0
synthetic_bikesharing,2025-04-07,2025-04-07 04:00:00,2025-04-07 05:00:00,bicycle,F Plieningerstraße,350,0,0
synthetic_e_scooter,2025-04-07,2025-04-07 04:00:00,2025-04-07 05:00:00,e-scooter,F Plieningerstraße,50,0,0
synthetic_e_scooter,2025-04-07,2025-04-07 04:00:00,2025-04-07 05:00:00,e-scooter,F Plieningerstraße,100,0,0
synthetic_e_scooter,2025-04-07,2025-04-07 04:00:00,2025-04-07 05:00:00,e-scooter,F Plieningerstraße,250,1,0
synthetic_e_scooter,2025-04-07,2025-04-07 04:00:00,2025-04-07 05:00:00,e-scooter,F Plieningerstraße,350,1,0
synthetic_bikesharing,2025-04-07,2025-04-07 04:00:00,2025-04-07 05:00:00,bicycle,F Weser-/Münchener Straße,50,0,1
synthetic_bikesharing,2025-04-07,2025-04-07 04:00:00,2025-04-07 05:00:00,bicycle,F Weser-/Münchener Straße,100,0,1
synthetic_bikesharing,2025-04-07,2025-04-07 04:00:00,2025-04-07 05:00:00,bicycle,F Weser-/Münchener Straße,250,1,3
synthetic_bikesharing,2025-04-07,2025-04-07 04:00:00,2025-04-07 05:00:00,bicycle,F Weser-/Münchener Straße,350,1,3
synthetic_e_scooter,2025-04-07,2025-04-07 04:00:00,2025-04-07 05:00:00,e-scooter,F Weser-/Münchener Straße,50,0,0
synthetic_e_scooter,2025-04-07,2025-04-07 04:00:00,2025-04-07 05:00:00,e-scooter,F Weser-/Münchener Straße,100,0,0
synthetic_e_scooter,2025-04-07,2025-04-07 04:00:00,2025-04-07 05:00:00,e-scooter,F Weser-/Münchener Straße,250,0,0
synthetic_e_scooter,2025-04-07,2025-04-07 04:00:00,2025-04-07 05:00:00,e-scooter,F Weser-/Münchener Straße,350,0,0
synthetic_bikesharing,2025-04-07,2025-04-07 05:00:00,2025-04-07 06:00:00,bicycle,*405 F Dornbusch/Am Grünhof,50,0,0
synthetic_bikesharing,2025-04-07,2025-04-07 05:00:00,2025-04-07 06:00:00,bicycle,*405 F Dornbusch/Am Grünhof,100,0,0
synthetic_bikesharing,2025-04-07,2025-04-07 05:00:00,2025-04-07 06:00:00,bicycle,*405 F Dornbusch/Am Grünhof,250,0,0
synthetic_bikesharing,2025-04-07,2025-04-07 05:00:00,2025-04-07 06:00:00,bicycle,*405 F Dornbusch/Am Grünhof,350,0,0
synthetic_e_scooter,2025-04-07,2025-04-07 05:00:00,2025-04-07 06:00:00,e-scooter,*405 F Dornbusch/Am Grünhof,50,0,0
synthetic_e_scooter,2025-04-07,2025-04-07 05:00:00,2025-04-07 06:00:00,e-scooter,*405 F Dornbusch/Am Grünhof,100,0,0
synthetic_e_scooter,2025-04-07,2025-04-07 05:00:00,2025-04-07 06:00:00,e-scooter,*405 F Dornbusch/Am Grünhof,250,0,0
synthetic_e_scooter,2025-04-07,2025-04-07 05:00:00,2025-04-07 06:00:00,e-scooter,*405 F Dornbusch/Am Grünhof,350,0,0
synthetic_bikesharing,2025-04-07,2025-04-07 05:00:00,2025-04-07 06:00:00,bicycle,F Francois-Mitterrand-Platz,50,0,0
synthetic_bikesharing,2025-04-07,2025-04-07 05:00:00,2025-04-07 06:00:00,bicycle,F Francois-Mitterrand-Platz,100,0,0
synthetic_bikesharing,2025-04-07,2025-04-07 05:00:00,2025-04-07 06:00:00,bicycle,F Francois-Mitterrand-Platz,250,0,1
synthetic_bikesharing,2025-04-07,2025-04-07 05:00:00,2025-04-07 06:00:00,bicycle,F Francois-Mitterrand-Platz,350,0,1
synthetic_e_scooter,2025-04-07,2025-04-07 05:00:00,2025-04-07 06:00:00,e-scooter,F Francois-Mitterrand-Platz,50,1,0
synthetic_e_scooter,2025-04-07,2025-04-07 05:00:00,2025-04-07 06:00:00,e-scooter,F Francois-Mitterrand-Platz,100,1,0
synthetic_e_scooter,2025-04-07,2025-04-07 05:00:00,2025-04-07 06:00:00,e-scooter,F Francois-Mitterrand-Platz,250,2,0
synthetic_e_scooter,2025-04-07,2025-04-07 05:00:00,2025-04-07 06:00:00,e-scooter,F Francois-Mitterrand-Platz,350,2,0
synthetic_bikesharing,2025-04-07,2025-04-07 05:00:00,2025-04-07 06:00:00,bicycle,F Miquel-/Adickesallee,50,0,0
synthetic_bikesharing,2025-04-07,2025-04-07 05:00:00,2025-04-07 06:00:00,bicycle,F Miquel-/Adickesallee,100,0,0
synthetic_bikesharing,2025-04-07,2025-04-07 05:00:00,2025-04-07 06:00:00,bicycle,F Miquel-/Adickesallee,250,1,0
synthetic_bikesharing,2025-04-07,2025-04-07 05:00:00,2025-04-07 06:00:00,bicycle,F Miquel-/Adickesallee,350,1,1
synthetic_e_scooter,2025-04-07,2025-04-07 05:00:00,2025-04-07 06:00:00,e-scooter,F Miquel-/Adickesallee,50,0,0
synthetic_e_scooter,2025-04-07,2025-04-07 05:00:00,2025-04-07 06:00:00,e-scooter,F Miquel-/Adickesallee,100,0,0
synthetic_e_scooter,2025-04-07,2025-04-07 05:00:00,2025-04-07 06:00:00,e-scooter,F Miquel-/Adickesallee,250,1,0
synthetic_e_scooter,2025-04-07,2025-04-07 05:00:00,2025-04-07 06:00:00,e-scooter,F Miquel-/Adickesallee,350,2,1
synthetic_bikesharing,2025-04-07,2025-04-07 05:00:00,2025-04-07 06:00:00,bicycle,F Plieningerstraße,50,0,0
synthetic_bikesharing,2025-04-07,2025-04-07 05:00:00,2025-04-07 06:00:00,bicycle,F Plieningerstraße,100,0,0
synthetic_bikesharing,2025-04-07,2025-04-07 05:00:00,2025-04-07 06:00:00,bicycle,F Plieningerstraße,250,0,0
synthetic_bikesharing,2025-04-07,2025-04-07 05:00:00,2025-04-07 06:00:00,bicycle,F Plieningerstraße,350,0,0
synthetic_e_scooter,2025-04-07,2025-04-07 05:00:00,2025-04-07 06:00:00,e-scooter,F Plieningerstraße,50,0,0
synthetic_e_scooter,2025-04-07,2025-04-07 05:00:00,2025-04-07 06:00:00,e-scooter,F Plieningerstraße,100,0,0
synthetic_e_scooter,2025-04-07,2025-04-07 05:00:00,2025-04-07 06:00:00,e-scooter,F Plieningerstraße,250,0,0
synthetic_e_scooter,2025-04-07,2025-04-07 05:00:00,2025-04-07 06:00:00,e-scooter,F Plieningerstraße,350,0,0
synthetic_bikesharing,2025-04-07,2025-04-07 05:00:00,2025-04-07 06:00:00,bicycle,F Weser-/Münchener Straße,50,0,0
synthetic_bikesharing,2025-04-07,2025-04-07 05:00:00,2025-04-07 06:00:00,bicycle,F Weser-/Münchener Straße,100,0,0
synthetic_bikesharing,2025-04-07,2025-04-07 05:00:00,2025-04-07 06:00:00,bicycle,F Weser-/Münchener Straße,250,2,0
synthetic_bikesharing,2025-04-07,2025-04-07 05:00:00,2025-04-07 06:00:00,bicycle,F Weser-/Münchener Straße,350,2,0
synthetic_e_scooter,2025-04-07,2025-04-07 05:00:00,2025-04-07 06:00:00,e-scooter,F Weser-/Münchener Straße,50,0,0
synthetic_e_scooter,2025-04-07,2025-04-07 05:00:00,2025-04-07 06:00:00,e-scooter,F Weser-/Münchener Straße,100,1,0
synthetic_e_scooter,2025-04-07,2025-04-07 05:00:00,2025-04-07 06:00:00,e-scooter,F Weser-/Münchener Straße,250,1,0
synthetic_e_scooter,2025-04-07,2025-04-07 05:00:00,2025-04-07 06:00:00,e-scooter,F Weser-/Münchener Straße,350,1,0
synthetic_bikesharing,2025-04-07,2025-04-07 06:00:00,2025-04-07 07:00:00,bicycle,*405 F Dornbusch/Am Grünhof,50,0,0
synthetic_bikesharing,2025-04-07,2025-04-07 06:00:00,2025-04-07 07:00:00,bicycle,*405 F Dornbusch/Am Grünhof,100,1,0
synthetic_bikesharing,2025-04-07,2025-04-07 06:00:00,2025-04-07 07:00:00,bicycle,*405 F Dornbusch/Am Grünhof,250,4,1
synthetic_bikesharing,2025-04-07,2025-04-07 06:00:00,2025-04-07 07:00:00,bicycle,*405 F Dornbusch/Am Grünhof,350,5,1
synthetic_e_scooter,2025-04-07,2025-04-07 06:00:00,2025-04-07 07:00:00,e-scooter,*405 F Dornbusch/Am Grünhof,50,0,0
synthetic_e_scooter,2025-04-07,2025-04-07 06:00:00,2025-04-07 07:00:00,e-scooter,*405 F Dornbusch/Am Grünhof,100,0,0
synthetic_e_scooter,2025-04-07,2025-04-07 06:00:00,2025-04-07 07:00:00,e-scooter,*405 F Dornbusch/Am Grünhof,250,1,2
synthetic_e_scooter,2025-04-07,2025-04-07 06:00:00,2025-04-07 07:00:00,e-scooter,*405 F Dornbusch/Am Grünhof,350,1,2
synthetic_bikesharing,2025-04-07,2025-04-07 06:00:00,2025-04-07 07:00:00,bicycle,F Francois-Mitterrand-Platz,50,0,0
synthetic_bikesharing,2025-04-07,2025-04-07 06:00:00,2025-04-07 07:00:00,bicycle,F Francois-Mitterrand-Platz,100,0,0
synthetic_bikesharing,2025-04-07,2025-04-07 06:00:00,2025-04-07 07:00:00,bicycle,F Francois-Mitterrand-Platz,250,3,0
synthetic_bikesharing,2025-04-07,2025-04-07 06:00:00,2025-04-07 07:00:00,bicycle,F Francois-Mitterrand-Platz,350,3,1
synthetic_e_scooter,2025-04-07,2025-04-07 06:00:00,2025-04-07 07:00:00,e-scooter,F Francois-Mitterrand-Platz,50,0,0
synthetic_e_scooter,2025-04-07,2025-04-07 06:00:00,2025-04-07 07:00:00,e-scooter,F Francois-Mitterrand-Platz,100,0,0
synthetic_e_scooter,2025-04-07,2025-04-07 06:00:00,2025-04-07 07:00:00,e-scooter,F Francois-Mitterrand-Platz,250,0,0
synthetic_e_scooter,2025-04-07,2025-04-07 06:00:00,2025-04-07 07:00:00,e-scooter,F Francois-Mitterrand-Platz,350,0,2
synthetic_bikesharing,2025-04-07,2025-04-07 06:00:00,2025-04-07 07:00:00,bicycle,F Miquel-/Adickesallee,50,0,0
synthetic_bikesharing,2025-04-07,2025-04-07 06:00:00,2025-04-07 07:00:00,bicycle,F Miquel-/Adickesallee,100,1,1
synthetic_bikesharing,2025-04-07,2025-04-07 06:00:00,2025-04-07 07:00:00,bicycle,F Miquel-/Adickesallee,250,1,1
synthetic_bikesharing,2025-04-07,2025-04-07 06:00:00,2025-04-07 07:00:00,bicycle,F Miquel-/Adickesallee,350,1,1
synthetic_e_scooter,2025-04-07,2025-04-07 06:00:00,2025-04-07 07:00:00,e-scooter,F Miquel-/Adickesallee,50,0,0
synthetic_e_scooter,2025-04-07,2025-04-07 06:00:00,2025-04-07 07:00:00,e-scooter,F Miquel-/Adickesallee,100,1,0
synthetic_e_scooter,2025-04-07,2025-04-07 06:00:00,2025-04-07 07:00:00,e-scooter,F Miquel-/Adickesallee,250,3,1
synthetic_e_scooter,2025-04-07,2025-04-07 06:00:00,2025-04-07 07:00:00,e-scooter,F Miquel-/Adickesallee,350,3,1
synthetic_bikesharing,2025-04-07,2025-04-07 06:00:00,2025-04-07 07:00:00,bicycle,F Plieningerstraße,50,0,0
synthetic_bikesharing,2025-04-07,2025-04-07 06:00:00,2025-04-07 07:00:00,bicycle,F Plieningerstraße,100,0,0
synthetic_bikesharing,2025-04-07,2025-04-07 06:00:00,2025-04-07 07:00:00,bicycle,F Plieningerstraße,250,1,0
synthetic_bikesharing,2025-04-07,2025-04-07 06:00:00,2025-04-07 07:00:00,bicycle,F Plieningerstraße,350,1,0
synthetic_e_scooter,2025-04-07,2025-04-07 06:00:00,2025-04-07 07:00:00,e-scooter,F Plieningerstraße,50,0,0
synthetic_e_scooter,2025-04-07,2025-04-07 06:00:00,2025-04-07 07:00:00,e-scooter,F Plieningerstraße,100,0,0
synthetic_e_scooter,2025-04-07,2025-04-07 06:00:00,2025-04-07 07:00:00,e-scooter,F Plieningerstraße,250,0,0
synthetic_e_scooter,2025-04-07,2025-04-07 06:00:00,2025-04-07 07:00:00,e-scooter,F Plieningerstraße,350,0,0
synthetic_bikesharing,2025-04-07,2025-04-07 06:00:00,2025-04-07 07:00:00,bicycle,F Weser-/Münchener Straße,50,2,2
synthetic_bikesharing,2025-04-07,2025-04-07 06:00:00,2025-04-07 07:00:00,bicycle,F Weser-/Münchener Straße,100,4,3
synthetic_bikesharing,2025-04-07,2025-04-07 06:00:00,2025-04-07 07:00:00,bicycle,F Weser-/Münchener Straße,250,6,4
synthetic_bikesharing,2025-04-07,2025-04-07 06:00:00,2025-04-07 07:00:00,bicycle,F Weser-/Münchener Straße,350,8,6
synthetic_e_scooter,2025-04-07,2025-04-07 06:00:00,2025-04-07 07:00:00,e-scooter,F Weser-/Münchener Straße,50,0,0
synthetic_e_scooter,2025-04-07,2025-04-07 06:00:00,2025-04-07 07:00:00,e-scooter,F Weser-/Münchener Straße,100,0,1
synthetic_e_scooter,2025-04-07,2025-04-07 06:00:00,2025-04-07 07:00:00,e-scooter,F Weser-/Münchener Straße,250,2,1
synthetic_e_scooter,2025-04-07,2025-04-07 06:00:00,2025-04-07 07:00:00,e-scooter,F Weser-/Münchener Straße,350,2,1
synthetic_bikesharing,2025-04-07,2025-04-07 07:00:00,2025-04-07 08:00:00,bicycle,*405 F Dornbusch/Am Grünhof,50,1,0
synthetic_bikesharing,2025-04-07,2025-04-07 07:00:00,2025-04-07 08:00:00,bicycle,*405 F Dornbusch/Am Grünhof,100,2,2
synthetic_bikesharing,2025-04-07,2025-04-07 07:00:00,2025-04-07 08:00:00,bicycle,*405 F Dornbusch/Am Grünhof,250,5,3
synthetic_bikesharing,2025-04-07,2025-04-07 07:00:00,2025-04-07 08:00:00,bicycle,*405 F Dornbusch/Am Grünhof,350,5,3
synthetic_e_scooter,2025-04-07,2025-04-07 07:00:00,2025-04-07 08:00:00,e-scooter,*405 F Dornbusch/Am Grünhof,50,1,0
synthetic_e_scooter,2025-04-07,2025-04-07 07:00:00,2025-04-07 08:00:00,e-scooter,*405 F Dornbusch/Am Grünhof,100,1,0
synthetic_e_scooter,2025-04-07,2025-04-07 07:00:00,2025-04-07 08:00:00,e-scooter,*405 F Dornbusch/Am Grünhof,250,3,0
synthetic_e_scooter,2025-04-07,2025-04-07 07:00:00,2025-04-07 08:00:00,e-scooter,*405 F Dornbusch/Am Grünhof,350,4,1
synthetic_bikesharing,2025-04-07,2025-04-07 07:00:00,2025-04-07 08:00:00,bicycle,F Francois-Mitterrand-Platz,50,0,2
synthetic_bikesharing,2025-04-07,2025-04-07 07:00:00,2025-04-07 08:00:00,bicycle,F Francois-Mitterrand-Platz,100,2,5
synthetic_bikesharing,2025-04-07,2025-04-07 07:00:00,2025-04-07 08:00:00,bicycle,F Francois-Mitterrand-Platz,250,3,8
synthetic_bikesharing,2025-04-07,2025-04-07 07:00:00,2025-04-07 08:00:00,bicycle,F Francois-Mitterrand-Platz,350,4,10
synthetic_e_scooter,2025-04-07,2025-04-07 07:00:00,2025-04-07 08:00:00,e-scooter,F Francois-Mitterrand-Platz,50,0,0
synthetic_e_scooter,2025-04-07,2025-04-07 07:00:00,2025-04-07 08:00:00,e-scooter,F Francois-Mitterrand-Platz,100,0,0
synthetic_e_scooter,2025-04-07,2025-04-07 07:00:00,2025-04-07 08:00:00,e-scooter,F Francois-Mitterrand-Platz,250,1,1
synthetic_e_scooter,2025-04-07,2025-04-07 07:00:00,2025-04-07 08:00:00,e-scooter,F Francois-Mitterrand-Platz,350,1,1
synthetic_bikesharing,2025-04-07,2025-04-07 07:00:00,2025-04-07 08:00:00,bicycle,F Miquel-/Adickesallee,50,1,1
synthetic_bikesharing,2025-04-07,2025-04-07 07:00:00,2025-04-07 08:00:00,bicycle,F Miquel-/Adickesallee,100,2,2
synthetic_bikesharing,2025-04-07,2025-04-07 07:00:00,2025-04-07 08:00:00,bicycle,F Miquel-/Adickesallee,250,5,5
synthetic_bikesharing,2025-04-07,2025-04-07 07:00:00,2025-04-07 08:00:00,bicycle,F Miquel-/Adickesallee,350,10,6
synthetic_e_scooter,2025-04-07,2025-04-07 07:00:00,2025-04-07 08:00:00,e-scooter,F Miquel-/Adickesallee,50,2,0
synthetic_e_scooter,2025-04-07,2025-04-07 07:00:00,2025-04-07 08:00:00,e-scooter,F Miquel-/Adickesallee,100,3,0
synthetic_e_scooter,2025-04-07,2025-04-07 07:00:00,2025-04-07 08:00:00,e-scooter,F Miquel-/Adickesallee,250,5,0
synthetic_e_scooter,2025-04-07,2025-04-07 07:00:00,2025-04-07 08:00:00,e-scooter,F Miquel-/Adickesallee,350,9,1
synthetic_bikesharing,2025-04-07,2025-04-07 07:00:00,2025-04-07 08:00:00,bicycle,F Plieningerstraße,50,0,1
synthetic_bikesharing,2025-04-07,2025-04-07 07:00:00,2025-04-07 08:00:00,bicycle,F Plieningerstraße,100,0,1
synthetic_bikesharing,2025-04-07,2025-04-07 07:00:00,2025-04-07 08:00:00,bicycle,F Plieningerstraße,250,1,1
synthetic_bikesharing,2025-04-07,2025-04-07 07:00:00,2025-04-07 08:00:00,bicycle,F Plieningerstraße,350,1,3
synthetic_e_scooter,2025-04-07,2025-04-07 07:00:00,2025-04-07 08:00:00,e-scooter,F Plieningerstraße,50,0,0
synthetic_e_scooter,2025-04-07,2025-04-07 07:00:00,2025-04-07 08:00:00,e-scooter,F Plieningerstraße,100,1,1
synthetic_e_scooter,2025-04-07,2025-04-07 07:00:00,2025-04-07 08:00:00,e-scooter,F Plieningerstraße,250,2,2
synthetic_e_scooter,2025-04-07,2025-04-07 07:00:00,2025-04-07 08:00:00,e-scooter,F Plieningerstraße,350,2,3
synthetic_bikesharing,2025-04-07,2025-04-07 07:00:00,2025-04-07 08:00:00,bicycle,F Weser-/Münchener Straße,50,2,3
synthetic_bikesharing,2025-04-07,2025-04-07 07:00:00,2025-04-07 08:00:00,bicycle,F Weser-/Münchener Straße,100,4,5
synthetic_bikesharing,2025-04-07,2025-04-07 07:00:00,2025-04-07 08:00:00,bicycle,F Weser-/Münchener Straße,250,12,7
synthetic_bikesharing,2025-04-07,2025-04-07 07:00:00,2025-04-07 08:00:00,bicycle,F Weser-/Münchener Straße,350,14,7
synthetic_e_scooter,2025-04-07,2025-04-07 07:00:00,2025-04-07 08:00:00,e-scooter,F Weser-/Münchener Straße,50,0,0
synthetic_e_scooter,2025-04-07,2025-04-07 07:00:00,2025-04-07 08:00:00,e-scooter,F Weser-/Münchener Straße,100,2,3
synthetic_e_scooter,2025-04-07,2025-04-07 07:00:00,2025-04-07 08:00:00,e-scooter,F Weser-/Münchener Straße,250,6,5
synthetic_e_scooter,2025-04-07,2025-04-07 07:00:00,2025-04-07 08:00:00,e-scooter,F Weser-/Münchener Straße,350,8,6
synthetic_bikesharing,2025-04-07,2025-04-07 08:00:00,2025-04-07 09:00:00,bicycle,*405 F Dornbusch/Am Grünhof,50,3,0
synthetic_bikesharing,2025-04-07,2025-04-07 08:00:00,2025-04-07 09:00:00,bicycle,*405 F Dornbusch/Am Grünhof,100,6,1
synthetic_bikesharing,2025-04-07,2025-04-07 08:00:00,2025-04-07 09:00:00,bicycle,*405 F Dornbusch/Am Grünhof,250,9,4
synthetic_bikesharing,2025-04-07,2025-04-07 08:00:00,2025-04-07 09:00:00,bicycle,*405 F Dornbusch/Am Grünhof,350,14,6
synthetic_e_scooter,2025-04-07,2025-04-07 08:00:00,2025-04-07 09:00:00,e-scooter,*405 F Dornbusch/Am Grünhof,50,0,0
synthetic_e_scooter,2025-04-07,2025-04-07 08:00:00,2025-04-07 09:00:00,e-scooter,*405 F Dornbusch/Am Grünhof,100,1,0
synthetic_e_scooter,2025-04-07,2025-04-07 08:00:00,2025-04-07 09:00:00,e-scooter,*405 F Dornbusch/Am Grünhof,250,5,0
synthetic_e_scooter,2025-04-07,2025-04-07 08:00:00,2025-04-07 09:00:00,e-scooter,*405 F Dornbusch/Am Grünhof,350,7,2
synthetic_bikesharing,2025-04-07,2025-04-07 08:00:00,2025-04-07 09:00:00,bicycle,F Francois-Mitterrand-Platz,50,1,1
synthetic_bikesharing,2025-04-07,2025-04-07 08:00:00,2025-04-07 09:00:00,bicycle,F Francois-Mitterrand-Platz,100,3,2
synthetic_bikesharing,2025-04-07,2025-04-07 08:00:00,2025-04-07 09:00:00,bicycle,F Francois-Mitterrand-Platz,250,4,5
synthetic_bikesharing,2025-04-07,2025-04-07 08:00:00,2025-04-07 09:00:00,bicycle,F Francois-Mitterrand-Platz,350,4,7
synthetic_e_scooter,2025-04-07,2025-04-07 08:00:00,2025-04-07 09:00:00,e-scooter,F Francois-Mitterrand-Platz,50,1,0
synthetic_e_scooter,2025-04-07,2025-04-07 08:00:00,2025-04-07 09:00:00,e-scooter,F Francois-Mitterrand-Platz,100,1,0
synthetic_e_scooter,2025-04-07,2025-04-07 08:00:00,2025-04-07 09:00:00,e-scooter,F Francois-Mitterrand-Platz,250,5,6
synthetic_e_scooter,2025-04-07,2025-04-07 08:00:00,2025-04-07 09:00:00,e-scooter,F Francois-Mitterrand-Platz,350,6,9
synthetic_bikesharing,2025-04-07,2025-04-07 08:00:00,2025-04-07 09:00:00,bicycle,F Miquel-/Adickesallee,50,3,1
synthetic_bikesharing,2025-04-07,2025-04-07 08:00:00,2025-04-07 09:00:00,bicycle,F Miquel-/Adickesallee,100,4,4
synthetic_bikesharing,2025-04-07,2025-04-07 08:00:00,2025-04-07 09:00:00,bicycle,F Miquel-/Adickesallee,250,8,6
synthetic_bikesharing,2025-04-07,2025-04-07 08:00:00,2025-04-07 09:00:00,bicycle,F Miquel-/Adickesallee,350,12,7
synthetic_e_scooter,2025-04-07,2025-04-07 08:00:00,2025-04-07 09:00:00,e-scooter,F Miquel-/Adickesallee,50,1,1
synthetic_e_scooter,2025-04-07,2025-04-07 08:00:00,2025-04-07 09:00:00,e-scooter,F Miquel-/Adickesallee,100,4,1
synthetic_e_scooter,2025-04-07,2025-04-07 08:00:00,2025-04-07 09:00:00,e-scooter,F Miquel-/Adickesallee,250,6,2
synthetic_e_scooter,2025-04-07,2025-04-07 08:00:00,2025-04-07 09:00:00,e-scooter,F Miquel-/Adickesallee,350,8,2
synthetic_bikesharing,2025-04-07,2025-04-07 08:00:00,2025-04-07 09:00:00,bicycle,F Plieningerstraße,50,0,0
synthetic_bikesharing,2025-04-07,2025-04-07 08:00:00,2025-04-07 09:00:00,bicycle,F Plieningerstraße,100,0,0
synthetic_bikesharing,2025-04-07,2025-04-07 08:00:00,2025-04-07 09:00:00,bicycle,F Plieningerstraße,250,3,5
synthetic_bikesharing,2025-04-07,2025-04-07 08:00:00,2025-04-07 09:00:00,bicycle,F Plieningerstraße,350,4,8
synthetic_e_scooter,2025-04-07,2025-04-07 08:00:00,2025-04-07 09:00:00,e-scooter,F Plieningerstraße,50,0,0
synthetic_e_scooter,2025-04-07,2025-04-07 08:00:00,2025-04-07 09:00:00,e-scooter,F Plieningerstraße,100,2,0
synthetic_e_scooter,2025-04-07,2025-04-07 08:00:00,2025-04-07 09:00:00,e-scooter,F Plieningerstraße,250,4,1
synthetic_e_scooter,2025-04-07,2025-04-07 08:00:00,2025-04-07 09:00:00,e-scooter,F Plieningerstraße,350,4,2
synthetic_bikesharing,2025-04-07,2025-04-07 08:00:00,2025-04-07 09:00:00,bicycle,F Weser-/Münchener Straße,50,0,1
synthetic_bikesharing,2025-04-07,2025-04-07 08:00:00,2025-04-07 09:00:00,bicycle,F Weser-/Münchener Straße,100,1,2
synthetic_bikesharing,2025-04-07,2025-04-07 08:00:00,2025-04-07 09:00:00,bicycle,F Weser-/Münchener Straße,250,11,4
synthetic_bikesharing,2025-04-07,2025-04-07 08:00:00,2025-04-07 09:00:00,bicycle,F Weser-/Münchener Straße,350,15,6
synthetic_e_scooter,2025-04-07,2025-04-07 08:00:00,2025-04-07 09:00:00,e-scooter,F Weser-/Münchener Straße,50,1,0
synthetic_e_scooter,2025-04-07,2025-04-07 08:00:00,2025-04-07 09:00:00,e-scooter,F Weser-/Münchener Straße,100,3,4
synthetic_e_scooter,2025-04-07,2025-04-07 08:00:00,2025-04-07 09:00:00,e-scooter,F Weser-/Münchener Straße,250,5,5
synthetic_e_scooter,2025-04-07,2025-04-07 08:00:00,2025-04-07 09:00:00,e-scooter,F Weser-/Münchener Straße,350,10,5
synthetic_bikesharing,2025-04-07,2025-04-07 09:00:00,2025-04-07 10:00:00,bicycle,*405 F Dornbusch/Am Grünhof,50,1,1
synthetic_bikesharing,2025-04-07,2025-04-07 09:00:00,2025-04-07 10:00:00,bicycle,*405 F Dornbusch/Am Grünhof,100,1,3
synthetic_bikesharing,2025-04-07,2025-04-07 09:00:00,2025-04-07 10:00:00,bicycle,*405 F Dornbusch/Am Grünhof,250,2,3
synthetic_bikesharing,2025-04-07,2025-04-07 09:00:00,2025-04-07 10:00:00,bicycle,*405 F Dornbusch/Am Grünhof,350,5,4
synthetic_e_scooter,2025-04-07,2025-04-07 09:00:00,2025-04-07 10:00:00,e-scooter,*405 F Dornbusch/Am Grünhof,50,5,0
synthetic_e_scooter,2025-04-07,2025-04-07 09:00:00,2025-04-07 10:00:00,e-scooter,*405 F Dornbusch/Am Grünhof,100,6,0
synthetic_e_scooter,2025-04-07,2025-04-07 09:00:00,2025-04-07 10:00:00,e-scooter,*405 F Dornbusch/Am Grünhof,250,7,1
synthetic_e_scooter,2025-04-07,2025-04-07 09:00:00,2025-04-07 10:00:00,e-scooter,*405 F Dornbusch/Am Grünhof,350,7,2
synthetic_bikesharing,2025-04-07,2025-04-07 09:00:00,2025-04-07 10:00:00,bicycle,F Francois-Mitterrand-Platz,50,0,0
synthetic_bikesharing,2025-04-07,2025-04-07 09:00:00,2025-04-07 10:00:00,bicycle,F Francois-Mitterrand-Platz,100,0,2
synthetic_bikesharing,2025-04-07,2025-04-07 09:00:00,2025-04-07 10:00:00,bicycle,F Francois-Mitterrand-Platz,250,1,4
synthetic_bikesharing,2025-04-07,2025-04-07 09:00:00,2025-04-07 10:00:00,bicycle,F Francois-Mitterrand-Platz,350,1,6
synthetic_e_scooter,2025-04-07,2025-04-07 09:00:00,2025-04-07 10:00:00,e-scooter,F Francois-Mitterrand-Platz,50,1,0
synthetic_e_scooter,2025-04-07,2025-04-07 09:00:00,2025-04-07 10:00:00,e-scooter,F Francois-Mitterrand-Platz,100,2,1
synthetic_e_scooter,2025-04-07,2025-04-07 09:00:00,2025-04-07 10:00:00,e-scooter,F Francois-Mitterrand-Platz,250,3,3
synthetic_e_scooter,2025-04-07,2025-04-07 09:00:00,2025-04-07 10:00:00,e-scooter,F Francois-Mitterrand-Platz,350,6,5
synthetic_bikesharing,2025-04-07,2025-04-07 09:00:00,2025-04-07 10:00:00,bicycle,F Miquel-/Adickesallee,50,1,0
synthetic_bikesharing,2025-04-07,2025-04-07 09:00:00,2025-04-07 10:00:00,bicycle,F Miquel-/Adickesallee,100,1,0
synthetic_bikesharing,2025-04-07,2025-04-07 09:00:00,2025-04-07 10:00:00,bicycle,F Miquel-/Adickesallee,250,6,0
synthetic_bikesharing,2025-04-07,2025-04-07 09:00:00,2025-04-07 10:00:00,bicycle,F Miquel-/Adickesallee,350,8,2
synthetic_e_scooter,2025-04-07,2025-04-07 09:00:00,2025-04-07 10:00:00,e-scooter,F Miquel-/Adickesallee,50,0,0
synthetic_e_scooter,2025-04-07,2025-04-07 09:00:00,2025-04-07 10:00:00,e-scooter,F Miquel-/Adickesallee,100,0,1
synthetic_e_scooter,2025-04-07,2025-04-07 09:00:00,2025-04-07 10:00:00,e-scooter,F Miquel-/Adickesallee,250,2,2
synthetic_e_scooter,2025-04-07,2025-04-07 09:00:00,2025-04-07 10:00:00,e-scooter,F Miquel-/Adickesallee,350,3,4
synthetic_bikesharing,2025-04-07,2025-04-07 09:00:00,2025-04-07 10:00:00,bicycle,F Plieningerstraße,50,0,0
synthetic_bikesharing,2025-04-07,2025-04-07 09:00:00,2025-04-07 10:00:00,bicycle,F Plieningerstraße,100,1,1
synthetic_bikesharing,2025-04-07,2025-04-07 09:00:00,2025-04-07 10:00:00,bicycle,F Plieningerstraße,250,2,1
synthetic_bikesharing,2025-04-07,2025-04-07 09:00:00,2025-04-07 10:00:00,bicycle,F Plieningerstraße,350,3,2
synthetic_e_scooter,2025-04-07,2025-04-07 09:00:00,2025-04-07 10:00:00,e-scooter,F Plieningerstraße,50,0,0
synthetic_e_scooter,2025-04-07,2025-04-07 09:00:00,2025-04-07 10:00:00,e-scooter,F Plieningerstraße,100,0,1
synthetic_e_scooter,2025-04-07,2025-04-07 09:00:00,2025-04-07 10:00:00,e-scooter,F Plieningerstraße,250,1,2
synthetic_e_scooter,2025-04-07,2025-04-07 09:00:00,2025-04-07 10:00:00,e-scooter,F Plieningerstraße,350,1,2
synthetic_bikesharing,2025-04-07,2025-04-07 09:00:00,2025-04-07 10:00:00,bicycle,F Weser-/Münchener Straße,50,0,2
synthetic_bikesharing,2025-04-07,2025-04-07 09:00:00,2025-04-07 10:00:00,bicycle,F Weser-/Münchener Straße,100,0,4
synthetic_bikesharing,2025-04-07,2025-04-07 09:00:00,2025-04-07 10:00:00,bicycle,F Weser-/Münchener Straße,250,5,8
synthetic_bikesharing,2025-04-07,2025-04-07 09:00:00,2025-04-07 10:00:00,bicycle,F Weser-/Münchener Straße,350,6,9
synthetic_e_scooter,2025-04-07,2025-04-07 09:00:00,2025-04-07 10:00:00,e-scooter,F Weser-/Münchener Straße,50,0,1
synthetic_e_scooter,2025-04-07,2025-04-07 09:00:00,2025-04-07 10:00:00,e-scooter,F Weser-/Münchener Straße,100,1,2
synthetic_e_scooter,2025-04-07,2025-04-07 09:00:00,2025-04-07 10:00:00,e-scooter,F Weser-/Münchener Straße,250,4,2
synthetic_e_scooter,2025-04-07,2025-04-07 09:00:00,2025-04-07 10:00:00,e-scooter,F Weser-/Münchener Straße,350,4,3
synthetic_bikesharing,2025-04-07,2025-04-07 10:00:00,2025-04-07 11:00:00,bicycle,*405 F Dornbusch/Am Grünhof,50,1,0
synthetic_bikesharing,2025-04-07,2025-04-07 10:00:00,2025-04-07 11:00:00,bicycle,*405 F Dornbusch/Am Grünhof,100,2,0
synthetic_bikesharing,2025-04-07,2025-04-07 10:00:00,2025-04-07 11:00:00,bicycle,*405 F Dornbusch/Am Grünhof,250,4,1
synthetic_bikesharing,2025-04-07,2025-04-07 10:00:00,2025-04-07 11:00:00,bicycle,*405 F Dornbusch/Am Grünhof,350,5,3
synthetic_e_scooter,2025-04-07,2025-04-07 10:00:00,2025-04-07 11:00:00,e-scooter,*405 F Dornbusch/Am Grünhof,50,0,1
synthetic_e_scooter,2025-04-07,2025-04-07 10:00:00,2025-04-07 11:00:00,e-scooter,*405 F Dornbusch/Am Grünhof,100,1,3
synthetic_e_scooter,2025-04-07,2025-04-07 10:00:00,2025-04-07 11:00:00,e-scooter,*405 F Dornbusch/Am Grünhof,250,2,3
synthetic_e_scooter,2025-04-07,2025-04-07 10:00:00,2025-04-07 11:00:00,e-scooter,*405 F Dornbusch/Am Grünhof,350,2,4
synthetic_bikesharing,2025-04-07,2025-04-07 10:00:00,2025-04-07 11:00:00,bicycle,F Francois-Mitterrand-Platz,50,0,0
synthetic_bikesharing,2025-04-07,2025-04-07 10:00:00,2025-04-07 11:00:00,bicycle,F Francois-Mitterrand-Platz,100,0,3
synthetic_bikesharing,2025-04-07,2025-04-07 10:00:00,2025-04-07 11:00:00,bicycle,F Francois-Mitterrand-Platz,250,0,5
synthetic_bikesharing,2025-04-07,2025-04-07 10:00:00,2025-04-07 11:00:00,bicycle,F Francois-Mitterrand-Platz,350,1,8
synthetic_e_scooter,2025-04-07,2025-04-07 10:00:00,2025-04-07 11:00:00,e-scooter,F Francois-Mitterrand-Platz,50,0,2
synthetic_e_scooter,2025-04-07,2025-04-07 10:00:00,2025-04-07 11:00:00,e-scooter,F Francois-Mitterrand-Platz,100,1,4
synthetic_e_scooter,2025-04-07,2025-04-07 10:00:00,2025-04-07 11:00:00,e-scooter,F Francois-Mitterrand-Platz,250,2,5
synthetic_e_scooter,2025-04-07,2025-04-07 10:00:00,2025-04-07 11:00:00,e-scooter,F Francois-Mitterrand-Platz,350,2,6
synthetic_bikesharing,2025-04-07,2025-04-07 10:00:00,2025-04-07 11:00:00,bicycle,F Miquel-/Adickesallee,50,1,1
synthetic_bikesharing,2025-04-07,2025-04-07 10:00:00,2025-04-07 11:00:00,bicycle,F Miquel-/Adickesallee,100,2,2
synthetic_bikesharing,2025-04-07,2025-04-07 10:00:00,2025-04-07 11:00:00,bicycle,F Miquel-/Adickesallee,250,7,6
synthetic_bikesharing,2025-04-07,2025-04-07 10:00:00,2025-04-07 11:00:00,bicycle,F Miquel-/Adickesallee,350,10,9
synthetic_e_scooter,2025-04-07,2025-04-07 10:00:00,2025-04-07 11:00:00,e-scooter,F Miquel-/Adickesallee,50,0,2
synthetic_e_scooter,2025-04-07,2025-04-07 10:00:00,2025-04-07 11:00:00,e-scooter,F Miquel-/Adickesallee,100,0,3
synthetic_e_scooter,2025-04-07,2025-04-07 10:00:00,2025-04-07 11:00:00,e-scooter,F Miquel-/Adickesallee,250,4,10
synthetic_e_scooter,2025-04-07,2025-04-07 10:00:00,2025-04-07 11:00:00,e-scooter,F Miquel-/Adickesallee,350,7,12
synthetic_bikesharing,2025-04-07,2025-04-07 10:00:00,2025-04-07 11:00:00,bicycle,F Plieningerstraße,50,0,0
synthetic_bikesharing,2025-04-07,2025-04-07 10:00:00,2025-04-07 11:00:00,bicycle,F Plieningerstraße,100,1,0
synthetic_bikesharing,2025-04-07,2025-04-07 10:00:00,2025-04-07 11:00:00,bicycle,F Plieningerstraße,250,3,0
synthetic_bikesharing,2025-04-07,2025-04-07 10:00:00,2025-04-07 11:00:00,bicycle,F Plieningerstraße,350,3,0
synthetic_e_scooter,2025-04-07,2025-04-07 10:00:00,2025-04-07 11:00:00,e-scooter,F Plieningerstraße,50,0,0
synthetic_e_scooter,2025-04-07,2025-04-07 10:00:00,2025-04-07 11:00:00,e-scooter,F Plieningerstraße,100,0,1
synthetic_e_scooter,2025-04-07,2025-04-07 10:00:00,2025-04-07 11:00:00,e-scooter,F Plieningerstraße,250,1,3
synthetic_e_scooter,2025-04-07,2025-04-07 10:00:00,2025-04-07 11:00:00,e-scooter,F Plieningerstraße,350,1,3
synthetic_bikesharing,2025-04-07,2025-04-07 10:00:00,2025-04-07 11:00:00,bicycle,F Weser-/Münchener Straße,50,0,0
synthetic_bikesharing,2025-04-07,2025-04-07 10:00:00,2025-04-07 11:00:00,bicycle,F Weser-/Münchener Straße,100,1,0
synthetic_bikesharing,2025-04-07,2025-04-07 10:00:00,2025-04-07 11:00:00,bicycle,F Weser-/Münchener Straße,250,3,0
synthetic_bikesharing,2025-04-07,2025-04-07 10:00:00,2025-04-07 11:00:00,bicycle,F Weser-/Münchener Straße,350,5,2
synthetic_e_scooter,2025-04-07,2025-04-07 10:00:00,2025-04-07 11:00:00,e-scooter,F Weser-/Münchener Straße,50,1,0
synthetic_e_scooter,2025-04-07,2025-04-07 10:00:00,2025-04-07 11:00:00,e-scooter,F Weser-/Münchener Straße,100,2,1
synthetic_e_scooter,2025-04-07,2025-04-07 10:00:00,2025-04-07 11:00:00,e-scooter,F Weser-/Münchener Straße,250,5,6
synthetic_e_scooter,2025-04-07,2025-04-07 10:00:00,2025-04-07 11:00:00,e-scooter,F Weser-/Münchener Straße,350,6,9
synthetic_bikesharing,2025-04-07,2025-04-07 11:00:00,2025-04-07 12:00:00,bicycle,*405 F Dornbusch/Am Grünhof,50,0,0
synthetic_bikesharing,2025-04-07,2025-04-07 11:00:00,2025-04-07 12:00:00,bicycle,*405 F Dornbusch/Am Grünhof,100,1,0
synthetic_bikesharing,2025-04-07,2025-04-07 11:00:00,2025-04-07 12:00:00,bicycle,*405 F Dornbusch/Am Grünhof,250,1,1
synthetic_bikesharing,2025-04-07,2025-04-07 11:00:00,2025-04-07 12:00:00,bicycle,*405 F Dornbusch/Am Grünhof,350,1,2
synthetic_e_scooter,2025-04-07,2025-04-07 11:00:00,2025-04-07 12:00:00,e-scooter,*405 F Dornbusch/Am Grünhof,50,0,0
synthetic_e_scooter,2025-04-07,2025-04-07 11:00:00,2025-04-07 12:00:00,e-scooter,*405 F Dornbusch/Am Grünhof,100,1,1
synthetic_e_scooter,2025-04-07,2025-04-07 11:00:00,2025-04-07 12:00:00,e-scooter,*405 F Dornbusch/Am Grünhof,250,2,2
synthetic_e_scooter,2025-04-07,2025-04-07 11:00:00,2025-04-07 12:00:00,e-scooter,*405 F Dornbusch/Am Grünhof,350,4,2
synthetic_bikesharing,2025-04-07,2025-04-07 11:00:00,2025-04-07 12:00:00,bicycle,F Francois-Mitterrand-Platz,50,0,0
synthetic_bikesharing,2025-04-07,2025-04-07 11:00:00,2025-04-07 12:00:00,bicycle,F Francois-Mitterrand-Platz,100,3,0
synthetic_bikesharing,2025-04-07,2025-04-07 11:00:00,2025-04-07 12:00:00,bicycle,F Francois-Mitterrand-Platz,250,4,0
synthetic_bikesharing,2025-04-07,2025-04-07 11:00:00,2025-04-07 12:00:00,bicycle,F Francois-Mitterrand-Platz,350,6,2
synthetic_e_scooter,2025-04-07,2025-04-07 11:00:00,2025-04-07 12:00:00,e-scooter,F Francois-Mitterrand-Platz,50,2,0
synthetic_e_scooter,2025-04-07,2025-04-07 11:00:00,2025-04-07 12:00:00,e-scooter,F Francois-Mitterrand-Platz,100,4,1
synthetic_e_scooter,2025-04-07,2025-04-07 11:00:00,2025-04-07 12:00:00,e-scooter,F Francois-Mitterrand-Platz,250,7,5
synthetic_e_scooter,2025-04-07,2025-04-07 11:00:00,2025-04-07 12:00:00,e-scooter,F Francois-Mitterrand-Platz,350,10,6
synthetic_bikesharing,2025-04-07,2025-04-07 11:00:00,2025-04-07 12:00:00,bicycle,F Miquel-/Adickesallee,50,1,0
synthetic_bikesharing,2025-04-07,2025-04-07 11:00:00,2025-04-07 12:00:00,bicycle,F Miquel-/Adickesallee,100,3,0
synthetic_bikesharing,2025-04-07,2025-04-07 11:00:00,2025-04-07 12:00:00,bicycle,F Miquel-/Adickesallee,250,4,3
synthetic_bikesharing,2025-04-07,2025-04-07 11:00:00,2025-04-07 12:00:00,bicycle,F Miquel-/Adickesallee,350,4,5
synthetic_e_scooter,2025-04-07,2025-04-07 11:00:00,2025-04-07 12:00:00,e-scooter,F Miquel-/Adickesallee,50,1,1
synthetic_e_scooter,2025-04-07,2025-04-07 11:00:00,2025-04-07 12:00:00,e-scooter,F Miquel-/Adickesallee,100,1,3
synthetic_e_scooter,2025-04-07,2025-04-07 11:00:00,2025-04-07 12:00:00,e-scooter,F Miquel-/Adickesallee,250,4,7
synthetic_e_scooter,2025-04-07,2025-04-07 11:00:00,2025-04-07 12:00:00,e-scooter,F Miquel-/Adickesallee,350,5,7
synthetic_bikesharing,2025-04-07,2025-04-07 11:00:00,2025-04-07 12:00:00,bicycle,F Plieningerstraße,50,0,1
synthetic_bikesharing,2025-04-07,2025-04-07 11:00:00,2025-04-07 12:00:00,bicycle,F Plieningerstraße,100,0,2
synthetic_bikesharing,2025-04-07,2025-04-07 11:00:00,2025-04-07 12:00:00,bicycle,F Plieningerstraße,250,0,4
synthetic_bikesharing,2025-04-07,2025-04-07 11:00:00,2025-04-07 12:00:00,bicycle,F Plieningerstraße,350,0,4
synthetic_e_scooter,2025-04-07,2025-04-07 11:00:00,2025-04-07 12:00:00,e-scooter,F Plieningerstraße,50,0,0
synthetic_e_scooter,2025-04-07,2025-04-07 11:00:00,2025-04-07 12:00:00,e-scooter,F Plieningerstraße,100,1,0
synthetic_e_scooter,2025-04-07,2025-04-07 11:00:00,2025-04-07 12:00:00,e-scooter,F Plieningerstraße,250,2,1
synthetic_e_scooter,2025-04-07,2025-04-07 11:00:00,2025-04-07 12:00:00,e-scooter,F Plieningerstraße,350,3,2
synthetic_bikesharing,2025-04-07,2025-04-07 11:00:00,2025-04-07 12:00:00,bicycle,F Weser-/Münchener Straße,50,3,0
synthetic_bikesharing,2025-04-07,2025-04-07 11:00:00,2025-04-07 12:00:00,bicycle,F Weser-/Münchener Straße,100,5,3
synthetic_bikesharing,2025-04-07,2025-04-07 11:00:00,2025-04-07 12:00:00,bicycle,F Weser-/Münchener Straße,250,5,6
synthetic_bikesharing,2025-04-07,2025-04-07 11:00:00,2025-04-07 12:00:00,bicycle,F Weser-/Münchener Straße,350,6,7
synthetic_e_scooter,2025-04-07,2025-04-07 11:00:00,2025-04-07 12:00:00,e-scooter,F Weser-/Münchener Straße,50,0,2
synthetic_e_scooter,2025-04-07,2025-04-07 11:00:00,2025-04-07 12:00:00,e-scooter,F Weser-/Münchener Straße,100,2,4
synthetic_e_scooter,2025-04-07,2025-04-07 11:00:00,2025-04-07 12:00:00,e-scooter,F Weser-/Münchener Straße,250,5,7
synthetic_e_scooter,2025-04-07,2025-04-07 11:00:00,2025-04-07 12:00:00,e-scooter,F Weser-/Münchener Straße,350,7,8
synthetic_bikesharing,2025-04-07,2025-04-07 12:00:00,2025-04-07 13:00:00,bicycle,*405 F Dornbusch/Am Grünhof,50,0,0
synthetic_bikesharing,2025-04-07,2025-04-07 12:00:00,2025-04-07 13:00:00,bicycle,*405 F Dornbusch/Am Grünhof,100,0,0
synthetic_bikesharing,2025-04-07,2025-04-07 12:00:00,2025-04-07 13:00:00,bicycle,*405 F Dornbusch/Am Grünhof,250,2,2
synthetic_bikesharing,2025-04-07,2025-04-07 12:00:00,2025-04-07 13:00:00,bicycle,*405 F Dornbusch/Am Grünhof,350,5,5
synthetic_e_scooter,2025-04-07,2025-04-07 12:00:00,2025-04-07 13:00:00,e-scooter,*405 F Dornbusch/Am Grünhof,50,2,0
synthetic_e_scooter,2025-04-07,2025-04-07 12:00:00,2025-04-07 13:00:00,e-scooter,*405 F Dornbusch/Am Grünhof,100,3,1
synthetic_e_scooter,2025-04-07,2025-04-07 12:00:00,2025-04-07 13:00:00,e-scooter,*405 F Dornbusch/Am Grünhof,250,5,5
synthetic_e_scooter,2025-04-07,2025-04-07 12:00:00,2025-04-07 13:00:00,e-scooter,*405 F Dornbusch/Am Grünhof,350,8,7
synthetic_bikesharing,2025-04-07,2025-04-07 12:00:00,2025-04-07 13:00:00,bicycle,F Francois-Mitterrand-Platz,50,0,1
synthetic_bikesharing,2025-04-07,2025-04-07 12:00:00,2025-04-07 13:00:00,bicycle,F Francois-Mitterrand-Platz,100,0,1
synthetic_bikesharing,2025-04-07,2025-04-07 12:00:00,2025-04-07 13:00:00,bicycle,F Francois-Mitterrand-Platz,250,5,4
synthetic_bikesharing,2025-04-07,2025-04-07 12:00:00,2025-04-07 13:00:00,bicycle,F Francois-Mitterrand-Platz,350,11,6
synthetic_e_scooter,2025-04-07,2025-04-07 12:00:00,2025-04-07 13:00:00,e-scooter,F Francois-Mitterrand-Platz,50,1,0
synthetic_e_scooter,2025-04-07,2025-04-07 12:00:00,2025-04-07 13:00:00,e-scooter,F Francois-Mitterrand-Platz,100,1,2
synthetic_e_scooter,2025-04-07,2025-04-07 12:00:00,2025-04-07 13:00:00,e-scooter,F Francois-Mitterrand-Platz,250,4,4
synthetic_e_scooter,2025-04-07,2025-04-07 12:00:00,2025-04-07 13:00:00,e-scooter,F Francois-Mitterrand-Platz,350,4,6
synthetic_bikesharing,2025-04-07,2025-04-07 12:00:00,2025-04-07 13:00:00,bicycle,F Miquel-/Adickesallee,50,1,0
synthetic_bikesharing,2025-04-07,2025-04-07 12:00:00,2025-04-07 13:00:00,bicycle,F Miquel-/Adickesallee,100,2,2
synthetic_bikesharing,2025-04-07,2025-04-07 12:00:00,2025-04-07 13:00:00,bicycle,F Miquel-/Adickesallee,250,6,3
synthetic_bikesharing,2025-04-07,2025-04-07 12:00:00,2025-04-07 13:00:00,bicycle,F Miquel-/Adickesallee,350,12,6
synthetic_e_scooter,2025-04-07,2025-04-07 12:00:00,2025-04-07 13:00:00,e-scooter,F Miquel-/Adickesallee,50,0,1
synthetic_e_scooter,2025-04-07,2025-04-07 12:00:00,2025-04-07 13:00:00,e-scooter,F Miquel-/Adickesallee,100,1,2
synthetic_e_scooter,2025-04-07,2025-04-07 12:00:00,2025-04-07 13:00:00,e-scooter,F Miquel-/Adickesallee,250,7,3
synthetic_e_scooter,2025-04-07,2025-04-07 12:00:00,2025-04-07 13:00:00,e-scooter,F Miquel-/Adickesallee,350,9,5
synthetic_bikesharing,2025-04-07,2025-04-07 12:00:00,2025-04-07 13:00:00,bicycle,F Plieningerstraße,50,0,0
synthetic_bikesharing,2025-04-07,2025-04-07 12:00:00,2025-04-07 13:00:00,bicycle,F Plieningerstraße,100,0,2
synthetic_bikesharing,2025-04-07,2025-04-07 12:00:00,2025-04-07 13:00:00,bicycle,F Plieningerstraße,250,0,3
synthetic_bikesharing,2025-04-07,2025-04-07 12:00:00,2025-04-07 13:00:00,bicycle,F Plieningerstraße,350,1,3
synthetic_e_scooter,2025-04-07,2025-04-07 12:00:00,2025-04-07 13:00:00,e-scooter,F Plieningerstraße,50,1,2
synthetic_e_scooter,2025-04-07,2025-04-07 12:00:00,2025-04-07 13:00:00,e-scooter,F Plieningerstraße,100,1,3
synthetic_e_scooter,2025-04-07,2025-04-07 12:00:00,2025-04-07 13:00:00,e-scooter,F Plieningerstraße,250,3,4
synthetic_e_scooter,2025-04-07,2025-04-07 12:00:00,2025-04-07 13:00:00,e-scooter,F Plieningerstraße,350,3,8
synthetic_bikesharing,2025-04-07,2025-04-07 12:00:00,2025-04-07 13:00:00,bicycle,F Weser-/Münchener Straße,50,0,0
synthetic_bikesharing,2025-04-07,2025-04-07 12:00:00,2025-04-07 13:00:00,bicycle,F Weser-/Münchener Straße,100,3,0
synthetic_bikesharing,2025-04-07,2025-04-07 12:00:00,2025-04-07 13:00:00,bicycle,F Weser-/Münchener Straße,250,8,5
synthetic_bikesharing,2025-04-07,2025-04-07 12:00:00,2025-04-07 13:00:00,bicycle,F Weser-/Münchener Straße,350,13,8
synthetic_e_scooter,2025-04-07,2025-04-07 12:00:00,2025-04-07 13:00:00,e-scooter,F Weser-/Münchener Straße,50,1,3
synthetic_e_scooter,2025-04-07,2025-04-07 12:00:00,2025-04-07 13:00:00,e-scooter,F Weser-/Münchener Straße,100,4,6
synthetic_e_scooter,2025-04-07,2025-04-07 12:00:00,2025-04-07 13:00:00,e-scooter,F Weser-/Münchener Straße,250,8,12
synthetic_e_scooter,2025-04-07,2025-04-07 12:00:00,2025-04-07 13:00:00,e-scooter,F Weser-/Münchener Straße,350,10,15
synthetic_bikesharing,2025-04-07,2025-04-07 13:00:00,2025-04-07 14:00:00,bicycle,*405 F Dornbusch/Am Grünhof,50,0,1
synthetic_bikesharing,2025-04-07,2025-04-07 13:00:00,2025-04-07 14:00:00,bicycle,*405 F Dornbusch/Am Grünhof,100,0,1
synthetic_bikesharing,2025-04-07,2025-04-07 13:00:00,2025-04-07 14:00:00,bicycle,*405 F Dornbusch/Am Grünhof,250,2,3
synthetic_bikesharing,2025-04-07,2025-04-07 13:00:00,2025-04-07 14:00:00,bicycle,*405 F Dornbusch/Am Grünhof,350,2,3
synthetic_e_scooter,2025-04-07,2025-04-07 13:00:00,2025-04-07 14:00:00,e-scooter,*405 F Dornbusch/Am Grünhof,50,0,0
synthetic_e_scooter,2025-04-07,2025-04-07 13:00:00,2025-04-07 14:00:00,e-scooter,*405 F Dornbusch/Am Grünhof,100,1,0
synthetic_e_scooter,2025-04-07,2025-04-07 13:00:00,2025-04-07 14:00:00,e-scooter,*405 F Dornbusch/Am Grünhof,250,2,1
synthetic_e_scooter,2025-04-07,2025-04-07 13:00:00,2025-04-07 14:00:00,e-scooter,*405 F Dornbusch/Am Grünhof,350,2,2
synthetic_bikesharing,2025-04-07,2025-04-07 13:00:00,2025-04-07 14:00:00,bicycle,F Francois-Mitterrand-Platz,50,0,1
synthetic_bikesharing,2025-04-07,2025-04-07 13:00:00,2025-04-07 14:00:00,bicycle,F Francois-Mitterrand-Platz,100,0,4
synthetic_bikesharing,2025-04-07,2025-04-07 13:00:00,2025-04-07 14:00:00,bicycle,F Francois-Mitterrand-Platz,250,0,4
synthetic_bikesharing,2025-04-07,2025-04-07 13:00:00,2025-04-07 14:00:00,bicycle,F Francois-Mitterrand-Platz,350,0,7
synthetic_e_scooter,2025-04-07,2025-04-07 13:00:00,2025-04-07 14:00:00,e-scooter,F Francois-Mitterrand-Platz,50,0,1
synthetic_e_scooter,2025-04-07,2025-04-07 13:00:00,2025-04-07 14:00:00,e-scooter,F Francois-Mitterrand-Platz,100,0,3
synthetic_e_scooter,2025-04-07,2025-04-07 13:00:00,2025-04-07 14:00:00,e-scooter,F Francois-Mitterrand-Platz,250,2,6
synthetic_e_scooter,2025-04-07,2025-04-07 13:00:00,2025-04-07 14:00:00,e-scooter,F Francois-Mitterrand-Platz,350,3,9
synthetic_bikesharing,2025-04-07,2025-04-07 13:00:00,2025-04-07 14:00:00,bicycle,F Miquel-/Adickesallee,50,1,1
synthetic_bikesharing,2025-04-07,2025-04-07 13:00:00,2025-04-07 14:00:00,bicycle,F Miquel-/Adickesallee,100,2,1
synthetic_bikesharing,2025-04-07,2025-04-07 13:00:00,2025-04-07 14:00:00,bicycle,F Miquel-/Adickesallee,250,5,2
synthetic_bikesharing,2025-04-07,2025-04-07 13:00:00,2025-04-07 14:00:00,bicycle,F Miquel-/Adickesallee,350,6,3
synthetic_e_scooter,2025-04-07,2025-04-07 13:00:00,2025-04-07 14:00:00,e-scooter,F Miquel-/Adickesallee,50,1,1
synthetic_e_scooter,2025-04-07,2025-04-07 13:00:00,2025-04-07 14:00:00,e-scooter,F Miquel-/Adickesallee,100,4,6
synthetic_e_scooter,2025-04-07,2025-04-07 13:00:00,2025-04-07 14:00:00,e-scooter,F Miquel-/Adickesallee,250,11,14
synthetic_e_scooter,2025-04-07,2025-04-07 13:00:00,2025-04-07 14:00:00,e-scooter,F Miquel-/Adickesallee,350,16,20
synthetic_bikesharing,2025-04-07,2025-04-07 13:00:00,2025-04-07 14:00:00,bicycle,F Plieningerstraße,50,0,2
synthetic_bikesharing,2025-04-07,2025-04-07 13:00:00,2025-04-07 14:00:00,bicycle,F Plieningerstraße,100,0,2
synthetic_bikesharing,2025-04-07,2025-04-07 13:00:00,2025-04-07 14:00:00,bicycle,F Plieningerstraße,250,0,3
synthetic_bikesharing,2025-04-07,2025-04-07 13:00:00,2025-04-07 14:00:00,bicycle,F Plieningerstraße,350,1,3
synthetic_e_scooter,2025-04-07,2025-04-07 13:00:00,2025-04-07 14:00:00,e-scooter,F Plieningerstraße,50,0,3
synthetic_e_scooter,2025-04-07,2025-04-07 13:00:00,2025-04-07 14:00:00,e-scooter,F Plieningerstraße,100,2,4
synthetic_e_scooter,2025-04-07,2025-04-07 13:00:00,2025-04-07 14:00:00,e-scooter,F Plieningerstraße,250,5,4
synthetic_e_scooter,2025-04-07,2025-04-07 13:00:00,2025-04-07 14:00:00,e-scooter,F Plieningerstraße,350,7,8
synthetic_bikesharing,2025-04-07,2025-04-07 13:00:00,2025-04-07 14:00:00,bicycle,F Weser-/Münchener Straße,50,3,1
synthetic_bikesharing,2025-04-07,2025-04-07 13:00:00,2025-04-07 14:00:00,bicycle,F Weser-/Münchener Straße,100,5,3
synthetic_bikesharing,2025-04-07,2025-04-07 13:00:00,2025-04-07 14:00:00,bicycle,F Weser-/Münchener Straße,250,7,5
synthetic_bikesharing,2025-04-07,2025-04-07 13:00:00,2025-04-07 14:00:00,bicycle,F Weser-/Münchener Straße,350,9,8
synthetic_e_scooter,2025-04-07,2025-04-07 13:00:00,2025-04-07 14:00:00,e-scooter,F Weser-/Münchener Straße,50,4,2
synthetic_e_scooter,2025-04-07,2025-04-07 13:00:00,2025-04-07 14:00:00,e-scooter,F Weser-/Münchener Straße,100,9,5
synthetic_e_scooter,2025-04-07,2025-04-07 13:00:00,2025-04-07 14:00:00,e-scooter,F Weser-/Münchener Straße,250,12,10
synthetic_e_scooter,2025-04-07,2025-04-07 13:00:00,2025-04-07 14:00:00,e-scooter,F Weser-/Münchener Straße,350,14,14
synthetic_bikesharing,2025-04-07,2025-04-07 14:00:00,2025-04-07 15:00:00,bicycle,*405 F Dornbusch/Am Grünhof,50,1,0
synthetic_bikesharing,2025-04-07,2025-04-07 14:00:00,2025-04-07 15:00:00,bicycle,*405 F Dornbusch/Am Grünhof,100,2,0
synthetic_bikesharing,2025-04-07,2025-04-07 14:00:00,2025-04-07 15:00:00,bicycle,*405 F Dornbusch/Am Grünhof,250,4,1
synthetic_bikesharing,2025-04-07,2025-04-07 14:00:00,2025-04-07 15:00:00,bicycle,*405 F Dornbusch/Am Grünhof,350,4,1
synthetic_e_scooter,2025-04-07,2025-04-07 14:00:00,2025-04-07 15:00:00,e-scooter,*405 F Dornbusch/Am Grünhof,50,0,1
synthetic_e_scooter,2025-04-07,2025-04-07 14:00:00,2025-04-07 15:00:00,e-scooter,*405 F Dornbusch/Am Grünhof,100,3,1
synthetic_e_scooter,2025-04-07,2025-04-07 14:00:00,2025-04-07 15:00:00,e-scooter,*405 F Dornbusch/Am Grünhof,250,6,3
synthetic_e_scooter,2025-04-07,2025-04-07 14:00:00,2025-04-07 15:00:00,e-scooter,*405 F Dornbusch/Am Grünhof,350,9,6
synthetic_bikesharing,2025-04-07,2025-04-07 14:00:00,2025-04-07 15:00:00,bicycle,F Francois-Mitterrand-Platz,50,0,1
synthetic_bikesharing,2025-04-07,2025-04-07 14:00:00,2025-04-07 15:00:00,bicycle,F Francois-Mitterrand-Platz,100,1,2
synthetic_bikesharing,2025-04-07,2025-04-07 14:00:00,2025-04-07 15:00:00,bicycle,F Francois-Mitterrand-Platz,250,5,5
synthetic_bikesharing,2025-04-07,2025-04-07 14:00:00,2025-04-07 15:00:00,bicycle,F Francois-Mitterrand-Platz,350,6,8
synthetic_e_scooter,2025-04-07,2025-04-07 14:00:00,2025-04-07 15:00:00,e-scooter,F Francois-Mitterrand-Platz,50,1,2
synthetic_e_scooter,2025-04-07,2025-04-07 14:00:00,2025-04-07 15:00:00,e-scooter,F Francois-Mitterrand-Platz,100,5,2
synthetic_e_scooter,2025-04-07,2025-04-07 14:00:00,2025-04-07 15:00:00,e-scooter,F Francois-Mitterrand-Platz,250,6,8
synthetic_e_scooter,2025-04-07,2025-04-07 14:00:00,2025-04-07 15:00:00,e-scooter,F Francois-Mitterrand-Platz,350,6,9
synthetic_bikesharing,2025-04-07,2025-04-07 14:00:00,2025-04-07 15:00:00,bicycle,F Miquel-/Adickesallee,50,1,0
synthetic_bikesharing,2025-04-07,2025-04-07 14:00:00,2025-04-07 15:00:00,bicycle,F Miquel-/Adickesallee,100,2,4
synthetic_bikesharing,2025-04-07,2025-04-07 14:00:00,2025-04-07 15:00:00,bicycle,F Miquel-/Adickesallee,250,6,6
synthetic_bikesharing,2025-04-07,2025-04-07 14:00:00,2025-04-07 15:00:00,bicycle,F Miquel-/Adickesallee,350,7,10
synthetic_e_scooter,2025-04-07,2025-04-07 14:00:00,2025-04-07 15:00:00,e-scooter,F Miquel-/Adickesallee,50,1,1
synthetic_e_scooter,2025-04-07,2025-04-07 14:00:00,2025-04-07 15:00:00,e-scooter,F Miquel-/Adickesallee,100,1,1
synthetic_e_scooter,2025-04-07,2025-04-07 14:00:00,2025-04-07 15:00:00,e-scooter,F Miquel-/Adickesallee,250,5,4
synthetic_e_scooter,2025-04-07,2025-04-07 14:00:00,2025-04-07 15:00:00,e-scooter,F Miquel-/Adickesallee,350,6,4
synthetic_bikesharing,2025-04-07,2025-04-07 14:00:00,2025-04-07 15:00:00,bicycle,F Plieningerstraße,50,0,0
synthetic_bikesharing,2025-04-07,2025-04-07 14:00:00,2025-04-07 15:00:00,bicycle,F Plieningerstraße,100,0,1
synthetic_bikesharing,2025-04-07,2025-04-07 14:00:00,2025-04-07 15:00:00,bicycle,F Plieningerstraße,250,0,2
synthetic_bikesharing,2025-04-07,2025-04-07 14:00:00,2025-04-07 15:00:00,bicycle,F Plieningerstraße,350,0,2
synthetic_e_scooter,2025-04-07,2025-04-07 14:00:00,2025-04-07 15:00:00,e-scooter,F Plieningerstraße,50,0,0
synthetic_e_scooter,2025-04-07,2025-04-07 14:00:00,2025-04-07 15:00:00,e-scooter,F Plieningerstraße,100,3,1
synthetic_e_scooter,2025-04-07,2025-04-07 14:00:00,2025-04-07 15:00:00,e-scooter,F Plieningerstraße,250,8,3
synthetic_e_scooter,2025-04-07,2025-04-07 14:00:00,2025-04-07 15:00:00,e-scooter,F Plieningerstraße,350,9,3
synthetic_bikesharing,2025-04-07,2025-04-07 14:00:00,2025-04-07 15:00:00,bicycle,F Weser-/Münchener Straße,50,3,0
synthetic_bikesharing,2025-04-07,2025-04-07 14:00:00,2025-04-07 15:00:00,bicycle,F Weser-/Münchener Straße,100,4,2
synthetic_bikesharing,2025-04-07,2025-04-07 14:00:00,2025-04-07 15:00:00,bicycle,F Weser-/Münchener Straße,250,8,5
synthetic_bikesharing,2025-04-07,2025-04-07 14:00:00,2025-04-07 15:00:00,bicycle,F Weser-/Münchener Straße,350,12,9
synthetic_e_scooter,2025-04-07,2025-04-07 14:00:00,2025-04-07 15:00:00,e-scooter,F Weser-/Münchener Straße,50,0,2
synthetic_e_scooter,2025-04-07,2025-04-07 14:00:00,2025-04-07 15:00:00,e-scooter,F Weser-/Münchener Straße,100,2,2
synthetic_e_scooter,2025-04-07,2025-04-07 14:00:00,2025-04-07 15:00:00,e-scooter,F Weser-/Münchener Straße,250,5,8
synthetic_e_scooter,2025-04-07,2025-04-07 14:00:00,2025-04-07 15:00:00,e-scooter,F Weser-/Münchener Straße,350,9,12
synthetic_bikesharing,2025-04-07,2025-04-07 15:00:00,2025-04-07 16:00:00,bicycle,*405 F Dornbusch/Am Grünhof,50,1,0
synthetic_bikesharing,2025-04-07,2025-04-07 15:00:00,2025-04-07 16:00:00,bicycle,*405 F Dornbusch/Am Grünhof,100,2,1
synthetic_bikesharing,2025-04-07,2025-04-07 15:00:00,2025-04-07 16:00:00,bicycle,*405 F Dornbusch/Am Grünhof,250,4,2
synthetic_bikesharing,2025-04-07,2025-04-07 15:00:00,2025-04-07 16:00:00,bicycle,*405 F Dornbusch/Am Grünhof,350,6,3
synthetic_e_scooter,2025-04-07,2025-04-07 15:00:00,2025-04-07 16:00:00,e-scooter,*405 F Dornbusch/Am Grünhof,50,1,1
synthetic_e_scooter,2025-04-07,2025-04-07 15:00:00,2025-04-07 16:00:00,e-scooter,*405 F Dornbusch/Am Grünhof,100,3,1
synthetic_e_scooter,2025-04-07,2025-04-07 15:00:00,2025-04-07 16:00:00,e-scooter,*405 F Dornbusch/Am Grünhof,250,10,2
synthetic_e_scooter,2025-04-07,2025-04-07 15:00:00,2025-04-07 16:00:00,e-scooter,*405 F Dornbusch/Am Grünhof,350,13,4
synthetic_bikesharing,2025-04-07,2025-04-07 15:00:00,2025-04-07 16:00:00,bicycle,F Francois-Mitterrand-Platz,50,0,0
synthetic_bikesharing,2025-04-07,2025-04-07 15:00:00,2025-04-07 16:00:00,bicycle,F Francois-Mitterrand-Platz,100,1,3
synthetic_bikesharing,2025-04-07,2025-04-07 15:00:00,2025-04-07 16:00:00,bicycle,F Francois-Mitterrand-Platz,250,1,3
synthetic_bikesharing,2025-04-07,2025-04-07 15:00:00,2025-04-07 16:00:00,bicycle,F Francois-Mitterrand-Platz,350,1,5
synthetic_e_scooter,2025-04-07,2025-04-07 15:00:00,2025-04-07 16:00:00,e-scooter,F Francois-Mitterrand-Platz,50,0,0
synthetic_e_scooter,2025-04-07,2025-04-07 15:00:00,2025-04-07 16:00:00,e-scooter,F Francois-Mitterrand-Platz,100,0,1
synthetic_e_scooter,2025-04-07,2025-04-07 15:00:00,2025-04-07 16:00:00,e-scooter,F Francois-Mitterrand-Platz,250,6,3
synthetic_e_scooter,2025-04-07,2025-04-07 15:00:00,2025-04-07 16:00:00,e-scooter,F Francois-Mitterrand-Platz,350,8,8
synthetic_bikesharing,2025-04-07,2025-04-07 15:00:00,2025-04-07 16:00:00,bicycle,F Miquel-/Adickesallee,50,2,0
synthetic_bikesharing,2025-04-07,2025-04-07 15:00:00,2025-04-07 16:00:00,bicycle,F Miquel-/Adickesallee,100,4,3
synthetic_bikesharing,2025-04-07,2025-04-07 15:00:00,2025-04-07 16:00:00,bicycle,F Miquel-/Adickesallee,250,7,6
synthetic_bikesharing,2025-04-07,2025-04-07 15:00:00,2025-04-07 16:00:00,bicycle,F Miquel-/Adickesallee,350,13,9
synthetic_e_scooter,2025-04-07,2025-04-07 15:00:00,2025-04-07 16:00:00,e-scooter,F Miquel-/Adickesallee,50,0,0
synthetic_e_scooter,2025-04-07,2025-04-07 15:00:00,2025-04-07 16:00:00,e-scooter,F Miquel-/Adickesallee,100,1,1
synthetic_e_scooter,2025-04-07,2025-04-07 15:00:00,2025-04-07 16:00:00,e-scooter,F Miquel-/Adickesallee,250,6,6
synthetic_e_scooter,2025-04-07,2025-04-07 15:00:00,2025-04-07 16:00:00,e-scooter,F Miquel-/Adickesallee,350,12,10
synthetic_bikesharing,2025-04-07,2025-04-07 15:00:00,2025-04-07 16:00:00,bicycle,F Plieningerstraße,50,2,0
synthetic_bikesharing,2025-04-07,2025-04-07 15:00:00,2025-04-07 16:00:00,bicycle,F Plieningerstraße,100,3,0
synthetic_bikesharing,2025-04-07,2025-04-07 15:00:00,2025-04-07 16:00:00,bicycle,F Plieningerstraße,250,4,0
synthetic_bikesharing,2025-04-07,2025-04-07 15:00:00,2025-04-07 16:00:00,bicycle,F Plieningerstraße,350,4,0
synthetic_e_scooter,2025-04-07,2025-04-07 15:00:00,2025-04-07 16:00:00,e-scooter,F Plieningerstraße,50,0,0
synthetic_e_scooter,2025-04-07,2025-04-07 15:00:00,2025-04-07 16:00:00,e-scooter,F Plieningerstraße,100,0,0
synthetic_e_scooter,2025-04-07,2025-04-07 15:00:00,2025-04-07 16:00:00,e-scooter,F Plieningerstraße,250,1,2
synthetic_e_scooter,2025-04-07,2025-04-07 15:00:00,2025-04-07 16:00:00,e-scooter,F Plieningerstraße,350,1,3
synthetic_bikesharing,2025-04-07,2025-04-07 15:00:00,2025-04-07 16:00:00,bicycle,F Weser-/Münchener Straße,50,1,2
synthetic_bikesharing,2025-04-07,2025-04-07 15:00:00,2025-04-07 16:00:00,bicycle,F Weser-/Münchener Straße,100,2,5
synthetic_bikesharing,2025-04-07,2025-04-07 15:00:00,2025-04-07 16:00:00,bicycle,F Weser-/Münchener Straße,250,6,9
synthetic_bikesharing,2025-04-07,2025-04-07 15:00:00,2025-04-07 16:00:00,bicycle,F Weser-/Münchener Straße,350,10,12
synthetic_e_scooter,2025-04-07,2025-04-07 15:00:00,2025-04-07 16:00:00,e-scooter,F Weser-/Münchener Straße,50,0,3
synthetic_e_scooter,2025-04-07,2025-04-07 15:00:00,2025-04-07 16:00:00,e-scooter,F Weser-/Münchener Straße,100,7,5
synthetic_e_scooter,2025-04-07,2025-04-07 15:00:00,2025-04-07 16:00:00,e-scooter,F Weser-/Münchener Straße,250,10,10
synthetic_e_scooter,2025-04-07,2025-04-07 15:00:00,2025-04-07 16:00:00,e-scooter,F Weser-/Münchener Straße,350,12,14
synthetic_bikesharing,2025-04-07,2025-04-07 16:00:00,2025-04-07 17:00:00,bicycle,*405 F Dornbusch/Am Grünhof,50,2,0
synthetic_bikesharing,2025-04-07,2025-04-07 16:00:00,2025-04-07 17:00:00,bicycle,*405 F Dornbusch/Am Grünhof,100,3,2
synthetic_bikesharing,2025-04-07,2025-04-07 16:00:00,2025-04-07 17:00:00,bicycle,*405 F Dornbusch/Am Grünhof,250,7,3
synthetic_bikesharing,2025-04-07,2025-04-07 16:00:00,2025-04-07 17:00:00,bicycle,*405 F Dornbusch/Am Grünhof,350,10,6
synthetic_e_scooter,2025-04-07,2025-04-07 16:00:00,2025-04-07 17:00:00,e-scooter,*405 F Dornbusch/Am Grünhof,50,1,0
synthetic_e_scooter,2025-04-07,2025-04-07 16:00:00,2025-04-07 17:00:00,e-scooter,*405 F Dornbusch/Am Grünhof,100,2,3
synthetic_e_scooter,2025-04-07,2025-04-07 16:00:00,2025-04-07 17:00:00,e-scooter,*405 F Dornbusch/Am Grünhof,250,4,7
synthetic_e_scooter,2025-04-07,2025-04-07 16:00:00,2025-04-07 17:00:00,e-scooter,*405 F Dornbusch/Am Grünhof,350,4,9
synthetic_bikesharing,2025-04-07,2025-04-07 16:00:00,2025-04-07 17:00:00,bicycle,F Francois-Mitterrand-Platz,50,2,0
synthetic_bikesharing,2025-04-07,2025-04-07 16:00:00,2025-04-07 17:00:00,bicycle,F Francois-Mitterrand-Platz,100,5,1
synthetic_bikesharing,2025-04-07,2025-04-07 16:00:00,2025-04-07 17:00:00,bicycle,F Francois-Mitterrand-Platz,250,12,5
synthetic_bikesharing,2025-04-07,2025-04-07 16:00:00,2025-04-07 17:00:00,bicycle,F Francois-Mitterrand-Platz,350,14,8
synthetic_e_scooter,2025-04-07,2025-04-07 16:00:00,2025-04-07 17:00:00,e-scooter,F Francois-Mitterrand-Platz,50,2,1
synthetic_e_scooter,2025-04-07,2025-04-07 16:00:00,2025-04-07 17:00:00,e-scooter,F Francois-Mitterrand-Platz,100,6,1
synthetic_e_scooter,2025-04-07,2025-04-07 16:00:00,2025-04-07 17:00:00,e-scooter,F Francois-Mitterrand-Platz,250,10,3
synthetic_e_scooter,2025-04-07,2025-04-07 16:00:00,2025-04-07 17:00:00,e-scooter,F Francois-Mitterrand-Platz,350,13,7
synthetic_bikesharing,2025-04-07,2025-04-07 16:00:00,2025-04-07 17:00:00,bicycle,F Miquel-/Adickesallee,50,1,2
synthetic_bikesharing,2025-04-07,2025-04-07 16:00:00,2025-04-07 17:00:00,bicycle,F Miquel-/Adickesallee,100,4,8
synthetic_bikesharing,2025-04-07,2025-04-07 16:00:00,2025-04-07 17:00:00,bicycle,F Miquel-/Adickesallee,250,8,16
synthetic_bikesharing,2025-04-07,2025-04-07 16:00:00,2025-04-07 17:00:00,bicycle,F Miquel-/Adickesallee,350,10,18
synthetic_e_scooter,2025-04-07,2025-04-07 16:00:00,2025-04-07 17:00:00,e-scooter,F Miquel-/Adickesallee,50,2,4
synthetic_e_scooter,2025-04-07,2025-04-07 16:00:00,2025-04-07 17:00:00,e-scooter,F Miquel-/Adickesallee,100,3,9
synthetic_e_scooter,2025-04-07,2025-04-07 16:00:00,2025-04-07 17:00:00,e-scooter,F Miquel-/Adickesallee,250,10,20
synthetic_e_scooter,2025-04-07,2025-04-07 16:00:00,2025-04-07 17:00:00,e-scooter,F Miquel-/Adickesallee,350,12,29
synthetic_bikesharing,2025-04-07,2025-04-07 16:00:00,2025-04-07 17:00:00,bicycle,F Plieningerstraße,50,1,1
synthetic_bikesharing,2025-04-07,2025-04-07 16:00:00,2025-04-07 17:00:00,bicycle,F Plieningerstraße,100,1,1
synthetic_bikesharing,2025-04-07,2025-04-07 16:00:00,2025-04-07 17:00:00,bicycle,F Plieningerstraße,250,3,1
synthetic_bikesharing,2025-04-07,2025-04-07 16:00:00,2025-04-07 17:00:00,bicycle,F Plieningerstraße,350,5,1
synthetic_e_scooter,2025-04-07,2025-04-07 16:00:00,2025-04-07 17:00:00,e-scooter,F Plieningerstraße,50,1,0
synthetic_e_scooter,2025-04-07,2025-04-07 16:00:00,2025-04-07 17:00:00,e-scooter,F Plieningerstraße,100,1,0
synthetic_e_scooter,2025-04-07,2025-04-07 16:00:00,2025-04-07 17:00:00,e-scooter,F Plieningerstraße,250,2,1
synthetic_e_scooter,2025-04-07,2025-04-07 16:00:00,2025-04-07 17:00:00,e-scooter,F Plieningerstraße,350,2,3
synthetic_bikesharing,2025-04-07,2025-04-07 16:00:00,2025-04-07 17:00:00,bicycle,F Weser-/Münchener Straße,50,0,2
synthetic_bikesharing,2025-04-07,2025-04-07 16:00:00,2025-04-07 17:00:00,bicycle,F Weser-/Münchener Straße,100,2,7
synthetic_bikesharing,2025-04-07,2025-04-07 16:00:00,2025-04-07 17:00:00,bicycle,F Weser-/Münchener Straße,250,10,14
synthetic_bikesharing,2025-04-07,2025-04-07 16:00:00,2025-04-07 17:00:00,bicycle,F Weser-/Münchener Straße,350,13,26
synthetic_e_scooter,2025-04-07,2025-04-07 16:00:00,2025-04-07 17:00:00,e-scooter,F Weser-/Münchener Straße,50,0,1
synthetic_e_scooter,2025-04-07,2025-04-07 16:00:00,2025-04-07 17:00:00,e-scooter,F Weser-/Münchener Straße,100,6,2
synthetic_e_scooter,2025-04-07,2025-04-07 16:00:00,2025-04-07 17:00:00,e-scooter,F Weser-/Münchener Straße,250,12,11
synthetic_e_scooter,2025-04-07,2025-04-07 16:00:00,2025-04-07 17:00:00,e-scooter,F Weser-/Münchener Straße,350,12,14
synthetic_bikesharing,2025-04-07,2025-04-07 17:00:00,2025-04-07 18:00:00,bicycle,*405 F Dornbusch/Am Grünhof,50,0,1
synthetic_bikesharing,2025-04-07,2025-04-07 17:00:00,2025-04-07 18:00:00,bicycle,*405 F Dornbusch/Am Grünhof,100,1,1
synthetic_bikesharing,2025-04-07,2025-04-07 17:00:00,2025-04-07 18:00:00,bicycle,*405 F Dornbusch/Am Grünhof,250,4,3
synthetic_bikesharing,2025-04-07,2025-04-07 17:00:00,2025-04-07 18:00:00,bicycle,*405 F Dornbusch/Am Grünhof,350,4,4
synthetic_e_scooter,2025-04-07,2025-04-07 17:00:00,2025-04-07 18:00:00,e-scooter,*405 F Dornbusch/Am Grünhof,50,1,1
synthetic_e_scooter,2025-04-07,2025-04-07 17:00:00,2025-04-07 18:00:00,e-scooter,*405 F Dornbusch/Am Grünhof,100,3,3
synthetic_e_scooter,2025-04-07,2025-04-07 17:00:00,2025-04-07 18:00:00,e-scooter,*405 F Dornbusch/Am Grünhof,250,4,7
synthetic_e_scooter,2025-04-07,2025-04-07 17:00:00,2025-04-07 18:00:00,e-scooter,*405 F Dornbusch/Am Grünhof,350,7,11
synthetic_bikesharing,2025-04-07,2025-04-07 17:00:00,2025-04-07 18:00:00,bicycle,F Francois-Mitterrand-Platz,50,2,2
synthetic_bikesharing,2025-04-07,2025-04-07 17:00:00,2025-04-07 18:00:00,bicycle,F Francois-Mitterrand-Platz,100,3,2
synthetic_bikesharing,2025-04-07,2025-04-07 17:00:00,2025-04-07 18:00:00,bicycle,F Francois-Mitterrand-Platz,250,7,4
synthetic_bikesharing,2025-04-07,2025-04-07 17:00:00,2025-04-07 18:00:00,bicycle,F Francois-Mitterrand-Platz,350,11,8
synthetic_e_scooter,2025-04-07,2025-04-07 17:00:00,2025-04-07 18:00:00,e-scooter,F Francois-Mitterrand-Platz,50,1,1
synthetic_e_scooter,2025-04-07,2025-04-07 17:00:00,2025-04-07 18:00:00,e-scooter,F Francois-Mitterrand-Platz,100,1,3
synthetic_e_scooter,2025-04-07,2025-04-07 17:00:00,2025-04-07 18:00:00,e-scooter,F Francois-Mitterrand-Platz,250,8,5
synthetic_e_scooter,2025-04-07,2025-04-07 17:00:00,2025-04-07 18:00:00,e-scooter,F Francois-Mitterrand-Platz,350,10,8
synthetic_bikesharing,2025-04-07,2025-04-07 17:00:00,2025-04-07 18:00:00,bicycle,F Miquel-/Adickesallee,50,2,2
synthetic_bikesharing,2025-04-07,2025-04-07 17:00:00,2025-04-07 18:00:00,bicycle,F Miquel-/Adickesallee,100,4,9
synthetic_bikesharing,2025-04-07,2025-04-07 17:00:00,2025-04-07 18:00:00,bicycle,F Miquel-/Adickesallee,250,8,22
synthetic_bikesharing,2025-04-07,2025-04-07 17:00:00,2025-04-07 18:00:00,bicycle,F Miquel-/Adickesallee,350,11,25
synthetic_e_scooter,2025-04-07,2025-04-07 17:00:00,2025-04-07 18:00:00,e-scooter,F Miquel-/Adickesallee,50,2,3
synthetic_e_scooter,2025-04-07,2025-04-07 17:00:00,2025-04-07 18:00:00,e-scooter,F Miquel-/Adickesallee,100,4,8
synthetic_e_scooter,2025-04-07,2025-04-07 17:00:00,2025-04-07 18:00:00,e-scooter,F Miquel-/Adickesallee,250,11,20
synthetic_e_scooter,2025-04-07,2025-04-07 17:00:00,2025-04-07 18:00:00,e-scooter,F Miquel-/Adickesallee,350,18,26
synthetic_bikesharing,2025-04-07,2025-04-07 17:00:00,2025-04-07 18:00:00,bicycle,F Plieningerstraße,50,0,0
synthetic_bikesharing,2025-04-07,2025-04-07 17:00:00,2025-04-07 18:00:00,bicycle,F Plieningerstraße,100,2,0
synthetic_bikesharing,2025-04-07,2025-04-07 17:00:00,2025-04-07 18:00:00,bicycle,F Plieningerstraße,250,5,2
synthetic_bikesharing,2025-04-07,2025-04-07 17:00:00,2025-04-07 18:00:00,bicycle,F Plieningerstraße,350,5,3
synthetic_e_scooter,2025-04-07,2025-04-07 17:00:00,2025-04-07 18:00:00,e-scooter,F Plieningerstraße,50,1,1
synthetic_e_scooter,2025-04-07,2025-04-07 17:00:00,2025-04-07 18:00:00,e-scooter,F Plieningerstraße,100,2,3
synthetic_e_scooter,2025-04-07,2025-04-07 17:00:00,2025-04-07 18:00:00,e-scooter,F Plieningerstraße,250,5,3
synthetic_e_scooter,2025-04-07,2025-04-07 17:00:00,2025-04-07 18:00:00,e-scooter,F Plieningerstraße,350,5,3
synthetic_bikesharing,2025-04-07,2025-04-07 17:00:00,2025-04-07 18:00:00,bicycle,F Weser-/Münchener Straße,50,1,2
synthetic_bikesharing,2025-04-07,2025-04-07 17:00:00,2025-04-07 18:00:00,bicycle,F Weser-/Münchener Straße,100,1,6
synthetic_bikesharing,2025-04-07,2025-04-07 17:00:00,2025-04-07 18:00:00,bicycle,F Weser-/Münchener Straße,250,5,19
synthetic_bikesharing,2025-04-07,2025-04-07 17:00:00,2025-04-07 18:00:00,bicycle,F Weser-/Münchener Straße,350,8,22
synthetic_e_scooter,2025-04-07,2025-04-07 17:00:00,2025-04-07 18:00:00,e-scooter,F Weser-/Münchener Straße,50,1,1
synthetic_e_scooter,2025-04-07,2025-04-07 17:00:00,2025-04-07 18:00:00,e-scooter,F Weser-/Münchener Straße,100,4,5
synthetic_e_scooter,2025-04-07,2025-04-07 17:00:00,2025-04-07 18:00:00,e-scooter,F Weser-/Münchener Straße,250,7,15
synthetic_e_scooter,2025-04-07,2025-04-07 17:00:00,2025-04-07 18:00:00,e-scooter,F Weser-/Münchener Straße,350,17,22
synthetic_bikesharing,2025-04-07,2025-04-07 18:00:00,2025-04-07 19:00:00,bicycle,*405 F Dornbusch/Am Grünhof,50,0,1
synthetic_bikesharing,2025-04-07,2025-04-07 18:00:00,2025-04-07 19:00:00,bicycle,*405 F Dornbusch/Am Grünhof,100,1,1
synthetic_bikesharing,2025-04-07,2025-04-07 18:00:00,2025-04-07 19:00:00,bicycle,*405 F Dornbusch/Am Grünhof,250,2,3
synthetic_bikesharing,2025-04-07,2025-04-07 18:00:00,2025-04-07 19:00:00,bicycle,*405 F Dornbusch/Am Grünhof,350,4,5
synthetic_e_scooter,2025-04-07,2025-04-07 18:00:00,2025-04-07 19:00:00,e-scooter,*405 F Dornbusch/Am Grünhof,50,3,1
synthetic_e_scooter,2025-04-07,2025-04-07 18:00:00,2025-04-07 19:00:00,e-scooter,*405 F Dornbusch/Am Grünhof,100,5,2
synthetic_e_scooter,2025-04-07,2025-04-07 18:00:00,2025-04-07 19:00:00,e-scooter,*405 F Dornbusch/Am Grünhof,250,10,4
synthetic_e_scooter,2025-04-07,2025-04-07 18:00:00,2025-04-07 19:00:00,e-scooter,*405 F Dornbusch/Am Grünhof,350,12,9
synthetic_bikesharing,2025-04-07,2025-04-07 18:00:00,2025-04-07 19:00:00,bicycle,F Francois-Mitterrand-Platz,50,1,2
synthetic_bikesharing,2025-04-07,2025-04-07 18:00:00,2025-04-07 19:00:00,bicycle,F Francois-Mitterrand-Platz,100,2,2
synthetic_bikesharing,2025-04-07,2025-04-07 18:00:00,2025-04-07 19:00:00,bicycle,F Francois-Mitterrand-Platz,250,9,5
synthetic_bikesharing,2025-04-07,2025-04-07 18:00:00,2025-04-07 19:00:00,bicycle,F Francois-Mitterrand-Platz,350,11,7
synthetic_e_scooter,2025-04-07,2025-04-07 18:00:00,2025-04-07 19:00:00,e-scooter,F Francois-Mitterrand-Platz,50,2,4
synthetic_e_scooter,2025-04-07,2025-04-07 18:00:00,2025-04-07 19:00:00,e-scooter,F Francois-Mitterrand-Platz,100,6,5
synthetic_e_scooter,2025-04-07,2025-04-07 18:00:00,2025-04-07 19:00:00,e-scooter,F Francois-Mitterrand-Platz,250,15,15
synthetic_e_scooter,2025-04-07,2025-04-07 18:00:00,2025-04-07 19:00:00,e-scooter,F Francois-Mitterrand-Platz,350,21,18
synthetic_bikesharing,2025-04-07,2025-04-07 18:00:00,2025-04-07 19:00:00,bicycle,F Miquel-/Adickesallee,50,1,3
synthetic_bikesharing,2025-04-07,2025-04-07 18:00:00,2025-04-07 19:00:00,bicycle,F Miquel-/Adickesallee,100,1,5
synthetic_bikesharing,2025-04-07,2025-04-07 18:00:00,2025-04-07 19:00:00,bicycle,F Miquel-/Adickesallee,250,3,10
synthetic_bikesharing,2025-04-07,2025-04-07 18:00:00,2025-04-07 19:00:00,bicycle,F Miquel-/Adickesallee,350,3,15
synthetic_e_scooter,2025-04-07,2025-04-07 18:00:00,2025-04-07 19:00:00,e-scooter,F Miquel-/Adickesallee,50,3,6
synthetic_e_scooter,2025-04-07,2025-04-07 18:00:00,2025-04-07 19:00:00,e-scooter,F Miquel-/Adickesallee,100,5,10
synthetic_e_scooter,2025-04-07,2025-04-07 18:00:00,2025-04-07 19:00:00,e-scooter,F Miquel-/Adickesallee,250,14,21
synthetic_e_scooter,2025-04-07,2025-04-07 18:00:00,2025-04-07 19:00:00,e-scooter,F Miquel-/Adickesallee,350,14,25
synthetic_bikesharing,2025-04-07,2025-04-07 18:00:00,2025-04-07 19:00:00,bicycle,F Plieningerstraße,50,0,0
synthetic_bikesharing,2025-04-07,2025-04-07 18:00:00,2025-04-07 19:00:00,bicycle,F Plieningerstraße,100,0,0
synthetic_bikesharing,2025-04-07,2025-04-07 18:00:00,2025-04-07 19:00:00,bicycle,F Plieningerstraße,250,0,3
synthetic_bikesharing,2025-04-07,2025-04-07 18:00:00,2025-04-07 19:00:00,bicycle,F Plieningerstraße,350,1,3
synthetic_e_scooter,2025-04-07,2025-04-07 18:00:00,2025-04-07 19:00:00,e-scooter,F Plieningerstraße,50,2,1
synthetic_e_scooter,2025-04-07,2025-04-07 18:00:00,2025-04-07 19:00:00,e-scooter,F Plieningerstraße,100,6,1
synthetic_e_scooter,2025-04-07,2025-04-07 18:00:00,2025-04-07 19:00:00,e-scooter,F Plieningerstraße,250,10,3
synthetic_e_scooter,2025-04-07,2025-04-07 18:00:00,2025-04-07 19:00:00,e-scooter,F Plieningerstraße,350,10,3
synthetic_bikesharing,2025-04-07,2025-04-07 18:00:00,2025-04-07 19:00:00,bicycle,F Weser-/Münchener Straße,50,1,5
synthetic_bikesharing,2025-04-07,2025-04-07 18:00:00,2025-04-07 19:00:00,bicycle,F Weser-/Münchener Straße,100,1,7
synthetic_bikesharing,2025-04-07,2025-04-07 18:00:00,2025-04-07 19:00:00,bicycle,F Weser-/Münchener Straße,250,8,13
synthetic_bikesharing,2025-04-07,2025-04-07 18:00:00,2025-04-07 19:00:00,bicycle,F Weser-/Münchener Straße,350,10,14
synthetic_e_scooter,2025-04-07,2025-04-07 18:00:00,2025-04-07 19:00:00,e-scooter,F Weser-/Münchener Straße,50,5,0
synthetic_e_scooter,2025-04-07,2025-04-07 18:00:00,2025-04-07 19:00:00,e-scooter,F Weser-/Münchener Straße,100,10,4
synthetic_e_scooter,2025-04-07,2025-04-07 18:00:00,2025-04-07 19:00:00,e-scooter,F Weser-/Münchener Straße,250,18,15
synthetic_e_scooter,2025-04-07,2025-04-07 18:00:00,2025-04-07 19:00:00,e-scooter,F Weser-/Münchener Straße,350,25,23
synthetic_bikesharing,2025-04-07,2025-04-07 19:00:00,2025-04-07 20:00:00,bicycle,*405 F Dornbusch/Am Grünhof,50,0,1
synthetic_bikesharing,2025-04-07,2025-04-07 19:00:00,2025-04-07 20:00:00,bicycle,*405 F Dornbusch/Am Grünhof,100,0,3
synthetic_bikesharing,2025-04-07,2025-04-07 19:00:00,2025-04-07 20:00:00,bicycle,*405 F Dornbusch/Am Grünhof,250,0,9
synthetic_bikesharing,2025-04-07,2025-04-07 19:00:00,2025-04-07 20:00:00,bicycle,*405 F Dornbusch/Am Grünhof,350,2,10
synthetic_e_scooter,2025-04-07,2025-04-07 19:00:00,2025-04-07 20:00:00,e-scooter,*405 F Dornbusch/Am Grünhof,50,0,1
synthetic_e_scooter,2025-04-07,2025-04-07 19:00:00,2025-04-07 20:00:00,e-scooter,*405 F Dornbusch/Am Grünhof,100,1,5
synthetic_e_scooter,2025-04-07,2025-04-07 19:00:00,2025-04-07 20:00:00,e-scooter,*405 F Dornbusch/Am Grünhof,250,2,5
synthetic_e_scooter,2025-04-07,2025-04-07 19:00:00,2025-04-07 20:00:00,e-scooter,*405 F Dornbusch/Am Grünhof,350,2,7
synthetic_bikesharing,2025-04-07,2025-04-07 19:00:00,2025-04-07 20:00:00,bicycle,F Francois-Mitterrand-Platz,50,2,1
synthetic_bikesharing,2025-04-07,2025-04-07 19:00:00,2025-04-07 20:00:00,bicycle,F Francois-Mitterrand-Platz,100,6,3
synthetic_bikesharing,2025-04-07,2025-04-07 19:00:00,2025-04-07 20:00:00,bicycle,F Francois-Mitterrand-Platz,250,11,4
synthetic_bikesharing,2025-04-07,2025-04-07 19:00:00,2025-04-07 20:00:00,bicycle,F Francois-Mitterrand-Platz,350,13,5
synthetic_e_scooter,2025-04-07,2025-04-07 19:00:00,2025-04-07 20:00:00,e-scooter,F Francois-Mitterrand-Platz,50,2,0
synthetic_e_scooter,2025-04-07,2025-04-07 19:00:00,2025-04-07 20:00:00,e-scooter,F Francois-Mitterrand-Platz,100,4,1
synthetic_e_scooter,2025-04-07,2025-04-07 19:00:00,2025-04-07 20:00:00,e-scooter,F Francois-Mitterrand-Platz,250,10,6
synthetic_e_scooter,2025-04-07,2025-04-07 19:00:00,2025-04-07 20:00:00,e-scooter,F Francois-Mitterrand-Platz,350,16,7
synthetic_bikesharing,2025-04-07,2025-04-07 19:00:00,2025-04-07 20:00:00,bicycle,F Miquel-/Adickesallee,50,1,0
synthetic_bikesharing,2025-04-07,2025-04-07 19:00:00,2025-04-07 20:00:00,bicycle,F Miquel-/Adickesallee,100,1,2
synthetic_bikesharing,2025-04-07,2025-04-07 19:00:00,2025-04-07 20:00:00,bicycle,F Miquel-/Adickesallee,250,3,11
synthetic_bikesharing,2025-04-07,2025-04-07 19:00:00,2025-04-07 20:00:00,bicycle,F Miquel-/Adickesallee,350,4,13
synthetic_e_scooter,2025-04-07,2025-04-07 19:00:00,2025-04-07 20:00:00,e-scooter,F Miquel-/Adickesallee,50,1,1
synthetic_e_scooter,2025-04-07,2025-04-07 19:00:00,2025-04-07 20:00:00,e-scooter,F Miquel-/Adickesallee,100,4,8
synthetic_e_scooter,2025-04-07,2025-04-07 19:00:00,2025-04-07 20:00:00,e-scooter,F Miquel-/Adickesallee,250,13,22
synthetic_e_scooter,2025-04-07,2025-04-07 19:00:00,2025-04-07 20:00:00,e-scooter,F Miquel-/Adickesallee,350,16,29
synthetic_bikesharing,2025-04-07,2025-04-07 19:00:00,2025-04-07 20:00:00,bicycle,F Plieningerstraße,50,2,0
synthetic_bikesharing,2025-04-07,2025-04-07 19:00:00,2025-04-07 20:00:00,bicycle,F Plieningerstraße,100,2,0
synthetic_bikesharing,2025-04-07,2025-04-07 19:00:00,2025-04-07 20:00:00,bicycle,F Plieningerstraße,250,3,1
synthetic_bikesharing,2025-04-07,2025-04-07 19:00:00,2025-04-07 20:00:00,bicycle,F Plieningerstraße,350,3,1
synthetic_e_scooter,2025-04-07,2025-04-07 19:00:00,2025-04-07 20:00:00,e-scooter,F Plieningerstraße,50,1,0
synthetic_e_scooter,2025-04-07,2025-04-07 19:00:00,2025-04-07 20:00:00,e-scooter,F Plieningerstraße,100,3,2
synthetic_e_scooter,2025-04-07,2025-04-07 19:00:00,2025-04-07 20:00:00,e-scooter,F Plieningerstraße,250,6,3
synthetic_e_scooter,2025-04-07,2025-04-07 19:00:00,2025-04-07 20:00:00,e-scooter,F Plieningerstraße,350,8,4
synthetic_bikesharing,2025-04-07,2025-04-07 19:00:00,2025-04-07 20:00:00,bicycle,F Weser-/Münchener Straße,50,1,1
synthetic_bikesharing,2025-04-07,2025-04-07 19:00:00,2025-04-07 20:00:00,bicycle,F Weser-/Münchener Straße,100,2,3
synthetic_bikesharing,2025-04-07,2025-04-07 19:00:00,2025-04-07 20:00:00,bicycle,F Weser-/Münchener Straße,250,4,8
synthetic_bikesharing,2025-04-07,2025-04-07 19:00:00,2025-04-07 20:00:00,bicycle,F Weser-/Münchener Straße,350,5,13
synthetic_e_scooter,2025-04-07,2025-04-07 19:00:00,2025-04-07 20:00:00,e-scooter,F Weser-/Münchener Straße,50,2,6
synthetic_e_scooter,2025-04-07,2025-04-07 19:00:00,2025-04-07 20:00:00,e-scooter,F Weser-/Münchener Straße,100,6,7
synthetic_e_scooter,2025-04-07,2025-04-07 19:00:00,2025-04-07 20:00:00,e-scooter,F Weser-/Münchener Straße,250,15,21
synthetic_e_scooter,2025-04-07,2025-04-07 19:00:00,2025-04-07 20:00:00,e-scooter,F Weser-/Münchener Straße,350,17,28
synthetic_bikesharing,2025-04-07,2025-04-07 20:00:00,2025-04-07 21:00:00,bicycle,*405 F Dornbusch/Am Grünhof,50,0,0
synthetic_bikesharing,2025-04-07,2025-04-07 20:00:00,2025-04-07 21:00:00,bicycle,*405 F Dornbusch/Am Grünhof,100,1,0
synthetic_bikesharing,2025-04-07,2025-04-07 20:00:00,2025-04-07 21:00:00,bicycle,*405 F Dornbusch/Am Grünhof,250,2,1
synthetic_bikesharing,2025-04-07,2025-04-07 20:00:00,2025-04-07 21:00:00,bicycle,*405 F Dornbusch/Am Grünhof,350,2,3
synthetic_e_scooter,2025-04-07,2025-04-07 20:00:00,2025-04-07 21:00:00,e-scooter,*405 F Dornbusch/Am Grünhof,50,1,3
synthetic_e_scooter,2025-04-07,2025-04-07 20:00:00,2025-04-07 21:00:00,e-scooter,*405 F Dornbusch/Am Grünhof,100,2,5
synthetic_e_scooter,2025-04-07,2025-04-07 20:00:00,2025-04-07 21:00:00,e-scooter,*405 F Dornbusch/Am Grünhof,250,4,8
synthetic_e_scooter,2025-04-07,2025-04-07 20:00:00,2025-04-07 21:00:00,e-scooter,*405 F Dornbusch/Am Grünhof,350,5,9
synthetic_bikesharing,2025-04-07,2025-04-07 20:00:00,2025-04-07 21:00:00,bicycle,F Francois-Mitterrand-Platz,50,0,1
synthetic_bikesharing,2025-04-07,2025-04-07 20:00:00,2025-04-07 21:00:00,bicycle,F Francois-Mitterrand-Platz,100,3,3
synthetic_bikesharing,2025-04-07,2025-04-07 20:00:00,2025-04-07 21:00:00,bicycle,F Francois-Mitterrand-Platz,250,8,6
synthetic_bikesharing,2025-04-07,2025-04-07 20:00:00,2025-04-07 21:00:00,bicycle,F Francois-Mitterrand-Platz,350,8,8
synthetic_e_scooter,2025-04-07,2025-04-07 20:00:00,2025-04-07 21:00:00,e-scooter,F Francois-Mitterrand-Platz,50,1,0
synthetic_e_scooter,2025-04-07,2025-04-07 20:00:00,2025-04-07 21:00:00,e-scooter,F Francois-Mitterrand-Platz,100,2,3
synthetic_e_scooter,2025-04-07,2025-04-07 20:00:00,2025-04-07 21:00:00,e-scooter,F Francois-Mitterrand-Platz,250,5,6
synthetic_e_scooter,2025-04-07,2025-04-07 20:00:00,2025-04-07 21:00:00,e-scooter,F Francois-Mitterrand-Platz,350,7,10
synthetic_bikesharing,2025-04-07,2025-04-07 20:00:00,2025-04-07 21:00:00,bicycle,F Miquel-/Adickesallee,50,1,1
synthetic_bikesharing,2025-04-07,2025-04-07 20:00:00,2025-04-07 21:00:00,bicycle,F Miquel-/Adickesallee,100,2,4
synthetic_bikesharing,2025-04-07,2025-04-07 20:00:00,2025-04-07 21:00:00,bicycle,F Miquel-/Adickesallee,250,3,7
synthetic_bikesharing,2025-04-07,2025-04-07 20:00:00,2025-04-07 21:00:00,bicycle,F Miquel-/Adickesallee,350,6,11
synthetic_e_scooter,2025-04-07,2025-04-07 20:00:00,2025-04-07 21:00:00,e-scooter,F Miquel-/Adickesallee,50,2,4
synthetic_e_scooter,2025-04-07,2025-04-07 20:00:00,2025-04-07 21:00:00,e-scooter,F Miquel-/Adickesallee,100,8,4
synthetic_e_scooter,2025-04-07,2025-04-07 20:00:00,2025-04-07 21:00:00,e-scooter,F Miquel-/Adickesallee,250,12,6
synthetic_e_scooter,2025-04-07,2025-04-07 20:00:00,2025-04-07 21:00:00,e-scooter,F Miquel-/Adickesallee,350,17,9
synthetic_bikesharing,2025-04-07,2025-04-07 20:00:00,2025-04-07 21:00:00,bicycle,F Plieningerstraße,50,0,0
synthetic_bikesharing,2025-04-07,2025-04-07 20:00:00,2025-04-07 21:00:00,bicycle,F Plieningerstraße,100,0,1
synthetic_bikesharing,2025-04-07,2025-04-07 20:00:00,2025-04-07 21:00:00,bicycle,F Plieningerstraße,250,0,1
synthetic_bikesharing,2025-04-07,2025-04-07 20:00:00,2025-04-07 21:00:00,bicycle,F Plieningerstraße,350,1,1
synthetic_e_scooter,2025-04-07,2025-04-07 20:00:00,2025-04-07 21:00:00,e-scooter,F Plieningerstraße,50,0,2
synthetic_e_scooter,2025-04-07,2025-04-07 20:00:00,2025-04-07 21:00:00,e-scooter,F Plieningerstraße,100,1,3
synthetic_e_scooter,2025-04-07,2025-04-07 20:00:00,2025-04-07 21:00:00,e-scooter,F Plieningerstraße,250,4,6
synthetic_e_scooter,2025-04-07,2025-04-07 20:00:00,2025-04-07 21:00:00,e-scooter,F Plieningerstraße,350,5,6
synthetic_bikesharing,2025-04-07,2025-04-07 20:00:00,2025-04-07 21:00:00,bicycle,F Weser-/Münchener Straße,50,1,1
synthetic_bikesharing,2025-04-07,2025-04-07 20:00:00,2025-04-07 21:00:00,bicycle,F Weser-/Münchener Straße,100,1,1
synthetic_bikesharing,2025-04-07,2025-04-07 20:00:00,2025-04-07 21:00:00,bicycle,F Weser-/Münchener Straße,250,3,2
synthetic_bikesharing,2025-04-07,2025-04-07 20:00:00,2025-04-07 21:00:00,bicycle,F Weser-/Münchener Straße,350,5,2
synthetic_e_scooter,2025-04-07,2025-04-07 20:00:00,2025-04-07 21:00:00,e-scooter,F Weser-/Münchener Straße,50,0,1
synthetic_e_scooter,2025-04-07,2025-04-07 20:00:00,2025-04-07 21:00:00,e-scooter,F Weser-/Münchener Straße,100,2,5
synthetic_e_scooter,2025-04-07,2025-04-07 20:00:00,2025-04-07 21:00:00,e-scooter,F Weser-/Münchener Straße,250,7,15
synthetic_e_scooter,2025-04-07,2025-04-07 20:00:00,2025-04-07 21:00:00,e-scooter,F Weser-/Münchener Straße,350,14,17
synthetic_bikesharing,2025-04-07,2025-04-07 21:00:00,2025-04-07 22:00:00,bicycle,*405 F Dornbusch/Am Grünhof,50,0,0
synthetic_bikesharing,2025-04-07,2025-04-07 21:00:00,2025-04-07 22:00:00,bicycle,*405 F Dornbusch/Am Grünhof,100,1,0
synthetic_bikesharing,2025-04-07,2025-04-07 21:00:00,2025-04-07 22:00:00,bicycle,*405 F Dornbusch/Am Grünhof,250,1,0
synthetic_bikesharing,2025-04-07,2025-04-07 21:00:00,2025-04-07 22:00:00,bicycle,*405 F Dornbusch/Am Grünhof,350,1,0
synthetic_e_scooter,2025-04-07,2025-04-07 21:00:00,2025-04-07 22:00:00,e-scooter,*405 F Dornbusch/Am Grünhof,50,0,1
synthetic_e_scooter,2025-04-07,2025-04-07 21:00:00,2025-04-07 22:00:00,e-scooter,*405 F Dornbusch/Am Grünhof,100,0,2
synthetic_e_scooter,2025-04-07,2025-04-07 21:00:00,2025-04-07 22:00:00,e-scooter,*405 F Dornbusch/Am Grünhof,250,4,4
synthetic_e_scooter,2025-04-07,2025-04-07 21:00:00,2025-04-07 22:00:00,e-scooter,*405 F Dornbusch/Am Grünhof,350,6,6
synthetic_bikesharing,2025-04-07,2025-04-07 21:00:00,2025-04-07 22:00:00,bicycle,F Francois-Mitterrand-Platz,50,1,0
synthetic_bikesharing,2025-04-07,2025-04-07 21:00:00,2025-04-07 22:00:00,bicycle,F Francois-Mitterrand-Platz,100,1,0
synthetic_bikesharing,2025-04-07,2025-04-07 21:00:00,2025-04-07 22:00:00,bicycle,F Francois-Mitterrand-Platz,250,2,2
synthetic_bikesharing,2025-04-07,2025-04-07 21:00:00,2025-04-07 22:00:00,bicycle,F Francois-Mitterrand-Platz,350,3,2
synthetic_e_scooter,2025-04-07,2025-04-07 21:00:00,2025-04-07 22:00:00,e-scooter,F Francois-Mitterrand-Platz,50,0,3
synthetic_e_scooter,2025-04-07,2025-04-07 21:00:00,2025-04-07 22:00:00,e-scooter,F Francois-Mitterrand-Platz,100,1,5
synthetic_e_scooter,2025-04-07,2025-04-07 21:00:00,2025-04-07 22:00:00,e-scooter,F Francois-Mitterrand-Platz,250,5,9
synthetic_e_scooter,2025-04-07,2025-04-07 21:00:00,2025-04-07 22:00:00,e-scooter,F Francois-Mitterrand-Platz,350,5,11
synthetic_bikesharing,2025-04-07,2025-04-07 21:00:00,2025-04-07 22:00:00,bicycle,F Miquel-/Adickesallee,50,0,1
synthetic_bikesharing,2025-04-07,2025-04-07 21:00:00,2025-04-07 22:00:00,bicycle,F Miquel-/Adickesallee,100,1,2
synthetic_bikesharing,2025-04-07,2025-04-07 21:00:00,2025-04-07 22:00:00,bicycle,F Miquel-/Adickesallee,250,2,4
synthetic_bikesharing,2025-04-07,2025-04-07 21:00:00,2025-04-07 22:00:00,bicycle,F Miquel-/Adickesallee,350,3,4
synthetic_e_scooter,2025-04-07,2025-04-07 21:00:00,2025-04-07 22:00:00,e-scooter,F Miquel-/Adickesallee,50,2,0
synthetic_e_scooter,2025-04-07,2025-04-07 21:00:00,2025-04-07 22:00:00,e-scooter,F Miquel-/Adickesallee,100,3,2
synthetic_e_scooter,2025-04-07,2025-04-07 21:00:00,2025-04-07 22:00:00,e-scooter,F Miquel-/Adickesallee,250,9,5
synthetic_e_scooter,2025-04-07,2025-04-07 21:00:00,2025-04-07 22:00:00,e-scooter,F Miquel-/Adickesallee,350,13,8
synthetic_bikesharing,2025-04-07,2025-04-07 21:00:00,2025-04-07 22:00:00,bicycle,F Plieningerstraße,50,0,2
synthetic_bikesharing,2025-04-07,2025-04-07 21:00:00,2025-04-07 22:00:00,bicycle,F Plieningerstraße,100,0,2
synthetic_bikesharing,2025-04-07,2025-04-07 21:00:00,2025-04-07 22:00:00,bicycle,F Plieningerstraße,250,2,2
synthetic_bikesharing,2025-04-07,2025-04-07 21:00:00,2025-04-07 22:00:00,bicycle,F Plieningerstraße,350,2,3
synthetic_e_scooter,2025-04-07,2025-04-07 21:00:00,2025-04-07 22:00:00,e-scooter,F Plieningerstraße,50,1,0
synthetic_e_scooter,2025-04-07,2025-04-07 21:00:00,2025-04-07 22:00:00,e-scooter,F Plieningerstraße,100,1,2
synthetic_e_scooter,2025-04-07,2025-04-07 21:00:00,2025-04-07 22:00:00,e-scooter,F Plieningerstraße,250,2,2
synthetic_e_scooter,2025-04-07,2025-04-07 21:00:00,2025-04-07 22:00:00,e-scooter,F Plieningerstraße,350,4,2
synthetic_bikesharing,2025-04-07,2025-04-07 21:00:00,2025-04-07 22:00:00,bicycle,F Weser-/Münchener Straße,50,0,0
synthetic_bikesharing,2025-04-07,2025-04-07 21:00:00,2025-04-07 22:00:00,bicycle,F Weser-/Münchener Straße,100,1,0
synthetic_bikesharing,2025-04-07,2025-04-07 21:00:00,2025-04-07 22:00:00,bicycle,F Weser-/Münchener Straße,250,3,1
synthetic_bikesharing,2025-04-07,2025-04-07 21:00:00,2025-04-07 22:00:00,bicycle,F Weser-/Münchener Straße,350,4,3
synthetic_e_scooter,2025-04-07,2025-04-07 21:00:00,2025-04-07 22:00:00,e-scooter,F Weser-/Münchener Straße,50,1,2
synthetic_e_scooter,2025-04-07,2025-04-07 21:00:00,2025-04-07 22:00:00,e-scooter,F Weser-/Münchener Straße,100,1,3
synthetic_e_scooter,2025-04-07,2025-04-07 21:00:00,2025-04-07 22:00:00,e-scooter,F Weser-/Münchener Straße,250,9,5
synthetic_e_scooter,2025-04-07,2025-04-07 21:00:00,2025-04-07 22:00:00,e-scooter,F Weser-/Münchener Straße,350,15,8
synthetic_bikesharing,2025-04-07,2025-04-07 22:00:00,2025-04-07 23:00:00,bicycle,*405 F Dornbusch/Am Grünhof,50,0,0
synthetic_bikesharing,2025-04-07,2025-04-07 22:00:00,2025-04-07 23:00:00,bicycle,*405 F Dornbusch/Am Grünhof,100,0,1
synthetic_bikesharing,2025-04-07,2025-04-07 22:00:00,2025-04-07 23:00:00,bicycle,*405 F Dornbusch/Am Grünhof,250,1,2
synthetic_bikesharing,2025-04-07,2025-04-07 22:00:00,2025-04-07 23:00:00,bicycle,*405 F Dornbusch/Am Grünhof,350,2,3
synthetic_e_scooter,2025-04-07,2025-04-07 22:00:00,2025-04-07 23:00:00,e-scooter,*405 F Dornbusch/Am Grünhof,50,2,2
synthetic_e_scooter,2025-04-07,2025-04-07 22:00:00,2025-04-07 23:00:00,e-scooter,*405 F Dornbusch/Am Grünhof,100,2,2
synthetic_e_scooter,2025-04-07,2025-04-07 22:00:00,2025-04-07 23:00:00,e-scooter,*405 F Dornbusch/Am Grünhof,250,4,5
synthetic_e_scooter,2025-04-07,2025-04-07 22:00:00,2025-04-07 23:00:00,e-scooter,*405 F Dornbusch/Am Grünhof,350,5,5
synthetic_bikesharing,2025-04-07,2025-04-07 22:00:00,2025-04-07 23:00:00,bicycle,F Francois-Mitterrand-Platz,50,0,0
synthetic_bikesharing,2025-04-07,2025-04-07 22:00:00,2025-04-07 23:00:00,bicycle,F Francois-Mitterrand-Platz,100,0,1
synthetic_bikesharing,2025-04-07,2025-04-07 22:00:00,2025-04-07 23:00:00,bicycle,F Francois-Mitterrand-Platz,250,1,1
synthetic_bikesharing,2025-04-07,2025-04-07 22:00:00,2025-04-07 23:00:00,bicycle,F Francois-Mitterrand-Platz,350,1,1
synthetic_e_scooter,2025-04-07,2025-04-07 22:00:00,2025-04-07 23:00:00,e-scooter,F Francois-Mitterrand-Platz,50,0,1
synthetic_e_scooter,2025-04-07,2025-04-07 22:00:00,2025-04-07 23:00:00,e-scooter,F Francois-Mitterrand-Platz,100,0,2
synthetic_e_scooter,2025-04-07,2025-04-07 22:00:00,2025-04-07 23:00:00,e-scooter,F Francois-Mitterrand-Platz,250,1,7
synthetic_e_scooter,2025-04-07,2025-04-07 22:00:00,2025-04-07 23:00:00,e-scooter,F Francois-Mitterrand-Platz,350,2,8
synthetic_bikesharing,2025-04-07,2025-04-07 22:00:00,2025-04-07 23:00:00,bicycle,F Miquel-/Adickesallee,50,0,1
synthetic_bikesharing,2025-04-07,2025-04-07 22:00:00,2025-04-07 23:00:00,bicycle,F Miquel-/Adickesallee,100,0,1
synthetic_bikesharing,2025-04-07,2025-04-07 22:00:00,2025-04-07 23:00:00,bicycle,F Miquel-/Adickesallee,250,1,2
synthetic_bikesharing,2025-04-07,2025-04-07 22:00:00,2025-04-07 23:00:00,bicycle,F Miquel-/Adickesallee,350,2,2
synthetic_e_scooter,2025-04-07,2025-04-07 22:00:00,2025-04-07 23:00:00,e-scooter,F Miquel-/Adickesallee,50,1,1
synthetic_e_scooter,2025-04-07,2025-04-07 22:00:00,2025-04-07 23:00:00,e-scooter,F Miquel-/Adickesallee,100,3,1
synthetic_e_scooter,2025-04-07,2025-04-07 22:00:00,2025-04-07 23:00:00,e-scooter,F Miquel-/Adickesallee,250,7,1
synthetic_e_scooter,2025-04-07,2025-04-07 22:00:00,2025-04-07 23:00:00,e-scooter,F Miquel-/Adickesallee,350,8,4
synthetic_bikesharing,2025-04-07,2025-04-07 22:00:00,2025-04-07 23:00:00,bicycle,F Plieningerstraße,50,0,0
synthetic_bikesharing,2025-04-07,2025-04-07 22:00:00,2025-04-07 23:00:00,bicycle,F Plieningerstraße,100,0,0
synthetic_bikesharing,2025-04-07,2025-04-07 22:00:00,2025-04-07 23:00:00,bicycle,F Plieningerstraße,250,1,4
synthetic_bikesharing,2025-04-07,2025-04-07 22:00:00,2025-04-07 23:00:00,bicycle,F Plieningerstraße,350,1,5
synthetic_e_scooter,2025-04-07,2025-04-07 22:00:00,2025-04-07 23:00:00,e-scooter,F Plieningerstraße,50,0,1
synthetic_e_scooter,2025-04-07,2025-04-07 22:00:00,2025-04-07 23:00:00,e-scooter,F Plieningerstraße,100,0,1
synthetic_e_scooter,2025-04-07,2025-04-07 22:00:00,2025-04-07 23:00:00,e-scooter,F Plieningerstraße,250,1,2
synthetic_e_scooter,2025-04-07,2025-04-07 22:00:00,2025-04-07 23:00:00,e-scooter,F Plieningerstraße,350,1,3
synthetic_bikesharing,2025-04-07,2025-04-07 22:00:00,2025-04-07 23:00:00,bicycle,F Weser-/Münchener Straße,50,0,2
synthetic_bikesharing,2025-04-07,2025-04-07 22:00:00,2025-04-07 23:00:00,bicycle,F Weser-/Münchener Straße,100,1,2
synthetic_bikesharing,2025-04-07,2025-04-07 22:00:00,2025-04-07 23:00:00,bicycle,F Weser-/Münchener Straße,250,4,4
synthetic_bikesharing,2025-04-07,2025-04-07 22:00:00,2025-04-07 23:00:00,bicycle,F Weser-/Münchener Straße,350,5,6
synthetic_e_scooter,2025-04-07,2025-04-07 22:00:00,2025-04-07 23:00:00,e-scooter,F Weser-/Münchener Straße,50,2,1
synthetic_e_scooter,2025-04-07,2025-04-07 22:00:00,2025-04-07 23:00:00,e-scooter,F Weser-/Münchener Straße,100,3,2
synthetic_e_scooter,2025-04-07,2025-04-07 22:00:00,2025-04-07 23:00:00,e-scooter,F Weser-/Münchener Straße,250,5,5
synthetic_e_scooter,2025-04-07,2025-04-07 22:00:00,2025-04-07 23:00:00,e-scooter,F Weser-/Münchener Straße,350,9,7
synthetic_bikesharing,2025-04-08,2025-04-07 23:00:00,2025-04-08 00:00:00,bicycle,*405 F Dornbusch/Am Grünhof,50,0,0
synthetic_bikesharing,2025-04-08,2025-04-07 23:00:00,2025-04-08 00:00:00,bicycle,*405 F Dornbusch/Am Grünhof,100,0,0
synthetic_bikesharing,2025-04-08,2025-04-07 23:00:00,2025-04-08 00:00:00,bicycle,*405 F Dornbusch/Am Grünhof,250,0,0
synthetic_bikesharing,2025-04-08,2025-04-07 23:00:00,2025-04-08 00:00:00,bicycle,*405 F Dornbusch/Am Grünhof,350,0,0
synthetic_e_scooter,2025-04-08,2025-04-07 23:00:00,2025-04-08 00:00:00,e-scooter,*405 F Dornbusch/Am Grünhof,50,0,0
synthetic_e_scooter,2025-04-08,2025-04-07 23:00:00,2025-04-08 00:00:00,e-scooter,*405 F Dornbusch/Am Grünhof,100,1,0
synthetic_e_scooter,2025-04-08,2025-04-07 23:00:00,2025-04-08 00:00:00,e-scooter,*405 F Dornbusch/Am Grünhof,250,1,3
synthetic_e_scooter,2025-04-08,2025-04-07 23:00:00,2025-04-08 00:00:00,e-scooter,*405 F Dornbusch/Am Grünhof,350,2,3
synthetic_bikesharing,2025-04-08,2025-04-07 23:00:00,2025-04-08 00:00:00,bicycle,F Francois-Mitterrand-Platz,50,0,0
synthetic_bikesharing,2025-04-08,2025-04-07 23:00:00,2025-04-08 00:00:00,bicycle,F Francois-Mitterrand-Platz,100,0,0
synthetic_bikesharing,2025-04-08,2025-04-07 23:00:00,2025-04-08 00:00:00,bicycle,F Francois-Mitterrand-Platz,250,2,0
synthetic_bikesharing,2025-04-08,2025-04-07 23:00:00,2025-04-08 00:00:00,bicycle,F Francois-Mitterrand-Platz,350,2,1
synthetic_e_scooter,2025-04-08,2025-04-07 23:00:00,2025-04-08 00:00:00,e-scooter,F Francois-Mitterrand-Platz,50,0,0
synthetic_e_scooter,2025-04-08,2025-04-07 23:00:00,2025-04-08 00:00:00,e-scooter,F Francois-Mitterrand-Platz,100,1,0
synthetic_e_scooter,2025-04-08,2025-04-07 23:00:00,2025-04-08 00:00:00,e-scooter,F Francois-Mitterrand-Platz,250,2,1
synthetic_e_scooter,2025-04-08,2025-04-07 23:00:00,2025-04-08 00:00:00,e-scooter,F Francois-Mitterrand-Platz,350,4,1
synthetic_bikesharing,2025-04-08,2025-04-07 23:00:00,2025-04-08 00:00:00,bicycle,F Miquel-/Adickesallee,50,0,0
synthetic_bikesharing,2025-04-08,2025-04-07 23:00:00,2025-04-08 00:00:00,bicycle,F Miquel-/Adickesallee,100,0,0
synthetic_bikesharing,2025-04-08,2025-04-07 23:00:00,2025-04-08 00:00:00,bicycle,F Miquel-/Adickesallee,250,0,1
synthetic_bikesharing,2025-04-08,2025-04-07 23:00:00,2025-04-08 00:00:00,bicycle,F Miquel-/Adickesallee,350,1,1
synthetic_e_scooter,2025-04-08,2025-04-07 23:00:00,2025-04-08 00:00:00,e-scooter,F Miquel-/Adickesallee,50,1,5
synthetic_e_scooter,2025-04-08,2025-04-07 23:00:00,2025-04-08 00:00:00,e-scooter,F Miquel-/Adickesallee,100,1,5
synthetic_e_scooter,2025-04-08,2025-04-07 23:00:00,2025-04-08 00:00:00,e-scooter,F Miquel-/Adickesallee,250,2,6
synthetic_e_scooter,2025-04-08,2025-04-07 23:00:00,2025-04-08 00:00:00,e-scooter,F Miquel-/Adickesallee,350,3,7
synthetic_bikesharing,2025-04-08,2025-04-07 23:00:00,2025-04-08 00:00:00,bicycle,F Plieningerstraße,50,0,0
synthetic_bikesharing,2025-04-08,2025-04-07 23:00:00,2025-04-08 00:00:00,bicycle,F Plieningerstraße,100,0,0
synthetic_bikesharing,2025-04-08,2025-04-07 23:00:00,2025-04-08 00:00:00,bicycle,F Plieningerstraße,250,0,0
synthetic_bikesharing,2025-04-08,2025-04-07 23:00:00,2025-04-08 00:00:00,bicycle,F Plieningerstraße,350,0,1
synthetic_e_scooter,2025-04-08,2025-04-07 23:00:00,2025-04-08 00:00:00,e-scooter,F Plieningerstraße,50,0,0
synthetic_e_scooter,2025-04-08,2025-04-07 23:00:00,2025-04-08 00:00:00,e-scooter,F Plieningerstraße,100,0,0
synthetic_e_scooter,2025-04-08,2025-04-07 23:00:00,2025-04-08 00:00:00,e-scooter,F Plieningerstraße,250,1,0
synthetic_e_scooter,2025-04-08,2025-04-07 23:00:00,2025-04-08 00:00:00,e-scooter,F Plieningerstraße,350,1,0
synthetic_bikesharing,2025-04-08,2025-04-07 23:00:00,2025-04-08 00:00:00,bicycle,F Weser-/Münchener Straße,50,0,0
synthetic_bikesharing,2025-04-08,2025-04-07 23:00:00,2025-04-08 00:00:00,bicycle,F Weser-/Münchener Straße,100,0,0
synthetic_bikesharing,2025-04-08,2025-04-07 23:00:00,2025-04-08 00:00:00,bicycle,F Weser-/Münchener Straße,250,2,3
synthetic_bikesharing,2025-04-08,2025-04-07 23:00:00,2025-04-08 00:00:00,bicycle,F Weser-/Münchener Straße,350,3,3
synthetic_e_scooter,2025-04-08,2025-04-07 23:00:00,2025-04-08 00:00:00,e-scooter,F Weser-/Münchener Straße,50,1,0
synthetic_e_scooter,2025-04-08,2025-04-07 23:00:00,2025-04-08 00:00:00,e-scooter,F Weser-/Münchener Straße,100,1,0
synthetic_e_scooter,2025-04-08,2025-04-07 23:00:00,2025-04-08 00:00:00,e-scooter,F Weser-/Münchener Straße,250,4,1
synthetic_e_scooter,2025-04-08,2025-04-07 23:00:00,2025-04-08 00:00:00,e-scooter,F Weser-/Münchener Straße,350,5,4
synthetic_bikesharing,2025-04-08,2025-04-08 00:00:00,2025-04-08 01:00:00,bicycle,*405 F Dornbusch/Am Grünhof,50,1,0
synthetic_bikesharing,2025-04-08,2025-04-08 00:00:00,2025-04-08 01:00:00,bicycle,*405 F Dornbusch/Am Grünhof,100,1,1
synthetic_bikesharing,2025-04-08,2025-04-08 00:00:00,2025-04-08 01:00:00,bicycle,*405 F Dornbusch/Am Grünhof,250,1,1
synthetic_bikesharing,2025-04-08,2025-04-08 00:00:00,2025-04-08 01:00:00,bicycle,*405 F Dornbusch/Am Grünhof,350,1,1
synthetic_e_scooter,2025-04-08,2025-04-08 00:00:00,2025-04-08 01:00:00,e-scooter,*405 F Dornbusch/Am Grünhof,50,0,0
synthetic_e_scooter,2025-04-08,2025-04-08 00:00:00,2025-04-08 01:00:00,e-scooter,*405 F Dornbusch/Am Grünhof,100,1,0
synthetic_e_scooter,2025-04-08,2025-04-08 00:00:00,2025-04-08 01:00:00,e-scooter,*405 F Dornbusch/Am Grünhof,250,1,1
synthetic_e_scooter,2025-04-08,2025-04-08 00:00:00,2025-04-08 01:00:00,e-scooter,*405 F Dornbusch/Am Grünhof,350,1,1
synthetic_bikesharing,2025-04-08,2025-04-08 00:00:00,2025-04-08 01:00:00,bicycle,F Francois-Mitterrand-Platz,50,0,0
synthetic_bikesharing,2025-04-08,2025-04-08 00:00:00,2025-04-08 01:00:00,bicycle,F Francois-Mitterrand-Platz,100,0,0
synthetic_bikesharing,2025-04-08,2025-04-08 00:00:00,2025-04-08 01:00:00,bicycle,F Francois-Mitterrand-Platz,250,0,1
synthetic_bikesharing,2025-04-08,2025-04-08 00:00:00,2025-04-08 01:00:00,bicycle,F Francois-Mitterrand-Platz,350,0,1
synthetic_e_scooter,2025-04-08,2025-04-08 00:00:00,2025-04-08 01:00:00,e-scooter,F Francois-Mitterrand-Platz,50,1,0
synthetic_e_scooter,2025-04-08,2025-04-08 00:00:00,2025-04-08 01:00:00,e-scooter,F Francois-Mitterrand-Platz,100,1,0
synthetic_e_scooter,2025-04-08,2025-04-08 00:00:00,2025-04-08 01:00:00,e-scooter,F Francois-Mitterrand-Platz,250,1,1
synthetic_e_scooter,2025-04-08,2025-04-08 00:00:00,2025-04-08 01:00:00,e-scooter,F Francois-Mitterrand-Platz,350,2,1
synthetic_bikesharing,2025-04-08,2025-04-08 00:00:00,2025-04-08 01:00:00,bicycle,F Miquel-/Adickesallee,50,0,0
synthetic_bikesharing,2025-04-08,2025-04-08 00:00:00,2025-04-08 01:00:00,bicycle,F Miquel-/Adickesallee,100,0,0
synthetic_bikesharing,2025-04-08,2025-04-08 00:00:00,2025-04-08 01:00:00,bicycle,F Miquel-/Adickesallee,250,0,0
synthetic_bikesharing,2025-04-08,2025-04-08 00:00:00,2025-04-08 01:00:00,bicycle,F Miquel-/Adickesallee,350,0,1
synthetic_e_scooter,2025-04-08,2025-04-08 00:00:00,2025-04-08 01:00:00,e-scooter,F Miquel-/Adickesallee,50,0,0
synthetic_e_scooter,2025-04-08,2025-04-08 00:00:00,2025-04-08 01:00:00,e-scooter,F Miquel-/Adickesallee,100,2,0
synthetic_e_scooter,2025-04-08,2025-04-08 00:00:00,2025-04-08 01:00:00,e-scooter,F Miquel-/Adickesallee,250,3,1
synthetic_e_scooter,2025-04-08,2025-04-08 00:00:00,2025-04-08 01:00:00,e-scooter,F Miquel-/Adickesallee,350,4,4
synthetic_bikesharing,2025-04-08,2025-04-08 00:00:00,2025-04-08 01:00:00,bicycle,F Plieningerstraße,50,0,0
synthetic_bikesharing,2025-04-08,2025-04-08 00:00:00,2025-04-08 01:00:00,bicycle,F Plieningerstraße,100,0,0
synthetic_bikesharing,2025-04-08,2025-04-08 00:00:00,2025-04-08 01:00:00,bicycle,F Plieningerstraße,250,0,0
synthetic_bikesharing,2025-04-08,2025-04-08 00:00:00,2025-04-08 01:00:00,bicycle,F Plieningerstraße,350,0,0
synthetic_e_scooter,2025-04-08,2025-04-08 00:00:00,2025-04-08 01:00:00,e-scooter,F Plieningerstraße,50,0,0
synthetic_e_scooter,2025-04-08,2025-04-08 00:00:00,2025-04-08 01:00:00,e-scooter,F Plieningerstraße,100,0,0
synthetic_e_scooter,2025-04-08,2025-04-08 00:00:00,2025-04-08 01:00:00,e-scooter,F Plieningerstraße,250,1,0
synthetic_e_scooter,2025-04-08,2025-04-08 00:00:00,2025-04-08 01:00:00,e-scooter,F Plieningerstraße,350,1,0
synthetic_bikesharing,2025-04-08,2025-04-08 00:00:00,2025-04-08 01:00:00,bicycle,F Weser-/Münchener Straße,50,1,1
synthetic_bikesharing,2025-04-08,2025-04-08 00:00:00,2025-04-08 01:00:00,bicycle,F Weser-/Münchener Straße,100,1,1
synthetic_bikesharing,2025-04-08,2025-04-08 00:00:00,2025-04-08 01:00:00,bicycle,F Weser-/Münchener Straße,250,3,2
synthetic_bikesharing,2025-04-08,2025-04-08 00:00:00,2025-04-08 01:00:00,bicycle,F Weser-/Münchener Straße,350,3,2
synthetic_e_scooter,2025-04-08,2025-04-08 00:00:00,2025-04-08 01:00:00,e-scooter,F Weser-/Münchener Straße,50,2,0
synthetic_e_scooter,2025-04-08,2025-04-08 00:00:00,2025-04-08 01:00:00,e-scooter,F Weser-/Münchener Straße,100,2,1
synthetic_e_scooter,2025-04-08,2025-04-08 00:00:00,2025-04-08 01:00:00,e-scooter,F Weser-/Münchener Straße,250,3,3
synthetic_e_scooter,2025-04-08,2025-04-08 00:00:00,2025-04-08 01:00:00,e-scooter,F Weser-/Münchener Straße,350,4,4
synthetic_bikesharing,2025-04-08,2025-04-08 01:00:00,2025-04-08 02:00:00,bicycle,*405 F Dornbusch/Am Grünhof,50,0,0
synthetic_bikesharing,2025-04-08,2025-04-08 01:00:00,2025-04-08 02:00:00,bicycle,*405 F Dornbusch/Am Grünhof,100,0,0
synthetic_bikesharing,2025-04-08,2025-04-08 01:00:00,2025-04-08 02:00:00,bicycle,*405 F Dornbusch/Am Grünhof,250,0,0
synthetic_bikesharing,2025-04-08,2025-04-08 01:00:00,2025-04-08 02:00:00,bicycle,*405 F Dornbusch/Am Grünhof,350,0,0
synthetic_e_scooter,2025-04-08,2025-04-08 01:00:00,2025-04-08 02:00:00,e-scooter,*405 F Dornbusch/Am Grünhof,50,0,0
synthetic_e_scooter,2025-04-08,2025-04-08 01:00:00,2025-04-08 02:00:00,e-scooter,*405 F Dornbusch/Am Grünhof,100,0,0
synthetic_e_scooter,2025-04-08,2025-04-08 01:00:00,2025-04-08 02:00:00,e-scooter,*405 F Dornbusch/Am Grünhof,250,2,0
synthetic_e_scooter,2025-04-08,2025-04-08 01:00:00,2025-04-08 02:00:00,e-scooter,*405 F Dornbusch/Am Grünhof,350,4,2
synthetic_bikesharing,2025-04-08,2025-04-08 01:00:00,2025-04-08 02:00:00,bicycle,F Francois-Mitterrand-Platz,50,0,1
synthetic_bikesharing,2025-04-08,2025-04-08 01:00:00,2025-04-08 02:00:00,bicycle,F Francois-Mitterrand-Platz,100,0,1
synthetic_bikesharing,2025-04-08,2025-04-08 01:00:00,2025-04-08 02:00:00,bicycle,F Francois-Mitterrand-Platz,250,1,1
synthetic_bikesharing,2025-04-08,2025-04-08 01:00:00,2025-04-08 02:00:00,bicycle,F Francois-Mitterrand-Platz,350,1,1
synthetic_e_scooter,2025-04-08,2025-04-08 01:00:00,2025-04-08 02:00:00,e-scooter,F Francois-Mitterrand-Platz,50,0,0
synthetic_e_scooter,2025-04-08,2025-04-08 01:00:00,2025-04-08 02:00:00,e-scooter,F Francois-Mitterrand-Platz,100,0,0
synthetic_e_scooter,2025-04-08,2025-04-08 01:00:00,2025-04-08 02:00:00,e-scooter,F Francois-Mitterrand-Platz,250,1,0
synthetic_e_scooter,2025-04-08,2025-04-08 01:00:00,2025-04-08 02:00:00,e-scooter,F Francois-Mitterrand-Platz,350,2,1
synthetic_bikesharing,2025-04-08,2025-04-08 01:00:00,2025-04-08 02:00:00,bicycle,F Miquel-/Adickesallee,50,0,0
synthetic_bikesharing,2025-04-08,2025-04-08 01:00:00,2025-04-08 02:00:00,bicycle,F Miquel-/Adickesallee,100,0,0
synthetic_bikesharing,2025-04-08,2025-04-08 01:00:00,2025-04-08 02:00:00,bicycle,F Miquel-/Adickesallee,250,0,0
synthetic_bikesharing,2025-04-08,2025-04-08 01:00:00,2025-04-08 02:00:00,bicycle,F Miquel-/Adickesallee,350,0,0
synthetic_e_scooter,2025-04-08,2025-04-08 01:00:00,2025-04-08 02:00:00,e-scooter,F Miquel-/Adickesallee,50,0,0
synthetic_e_scooter,2025-04-08,2025-04-08 01:00:00,2025-04-08 02:00:00,e-scooter,F Miquel-/Adickesallee,100,0,0
synthetic_e_scooter,2025-04-08,2025-04-08 01:00:00,2025-04-08 02:00:00,e-scooter,F Miquel-/Adickesallee,250,0,2
synthetic_e_scooter,2025-04-08,2025-04-08 01:00:00,2025-04-08 02:00:00,e-scooter,F Miquel-/Adickesallee,350,0,3
synthetic_bikesharing,2025-04-08,2025-04-08 01:00:00,2025-04-08 02:00:00,bicycle,F Plieningerstraße,50,0,0
synthetic_bikesharing,2025-04-08,2025-04-08 01:00:00,2025-04-08 02:00:00,bicycle,F Plieningerstraße,100,0,0
synthetic_bikesharing,2025-04-08,2025-04-08 01:00:00,2025-04-08 02:00:00,bicycle,F Plieningerstraße,250,0,0
synthetic_bikesharing,2025-04-08,2025-04-08 01:00:00,2025-04-08 02:00:00,bicycle,F Plieningerstraße,350,0,0
synthetic_e_scooter,2025-04-08,2025-04-08 01:00:00,2025-04-08 02:00:00,e-scooter,F Plieningerstraße,50,0,0
synthetic_e_scooter,2025-04-08,2025-04-08 01:00:00,2025-04-08 02:00:00,e-scooter,F Plieningerstraße,100,0,0
synthetic_e_scooter,2025-04-08,2025-04-08 01:00:00,2025-04-08 02:00:00,e-scooter,F Plieningerstraße,250,0,1
synthetic_e_scooter,2025-04-08,2025-04-08 01:00:00,2025-04-08 02:00:00,e-scooter,F Plieningerstraße,350,0,1
synthetic_bikesharing,2025-04-08,2025-04-08 01:00:00,2025-04-08 02:00:00,bicycle,F Weser-/Münchener Straße,50,0,0
synthetic_bikesharing,2025-04-08,2025-04-08 01:00:00,2025-04-08 02:00:00,bicycle,F Weser-/Münchener Straße,100,0,1
synthetic_bikesharing,2025-04-08,2025-04-08 01:00:00,2025-04-08 02:00:00,bicycle,F Weser-/Münchener Straße,250,0,2
synthetic_bikesharing,2025-04-08,2025-04-08 01:00:00,2025-04-08 02:00:00,bicycle,F Weser-/Münchener Straße,350,0,2
synthetic_e_scooter,2025-04-08,2025-04-08 01:00:00,2025-04-08 02:00:00,e-scooter,F Weser-/Münchener Straße,50,0,0
synthetic_e_scooter,2025-04-08,2025-04-08 01:00:00,2025-04-08 02:00:00,e-scooter,F Weser-/Münchener Straße,100,1,0
synthetic_e_scooter,2025-04-08,2025-04-08 01:00:00,2025-04-08 02:00:00,e-scooter,F Weser-/Münchener Straße,250,3,0
synthetic_e_scooter,2025-04-08,2025-04-08 01:00:00,2025-04-08 02:00:00,e-scooter,F Weser-/Münchener Straße,350,4,1
synthetic_bikesharing,2025-04-08,2025-04-08 02:00:00,2025-04-08 03:00:00,bicycle,*405 F Dornbusch/Am Grünhof,50,0,0
synthetic_bikesharing,2025-04-08,2025-04-08 02:00:00,2025-04-08 03:00:00,bicycle,*405 F Dornbusch/Am Grünhof,100,0,0
synthetic_bikesharing,2025-04-08,2025-04-08 02:00:00,2025-04-08 03:00:00,bicycle,*405 F Dornbusch/Am Grünhof,250,0,0
synthetic_bikesharing,2025-04-08,2025-04-08 02:00:00,2025-04-08 03:00:00,bicycle,*405 F Dornbusch/Am Grünhof,350,0,0
synthetic_e_scooter,2025-04-08,2025-04-08 02:00:00,2025-04-08 03:00:00,e-scooter,*405 F Dornbusch/Am Grünhof,50,0,0
synthetic_e_scooter,2025-04-08,2025-04-08 02:00:00,2025-04-08 03:00:00,e-scooter,*405 F Dornbusch/Am Grünhof,100,0,0
synthetic_e_scooter,2025-04-08,2025-04-08 02:00:00,2025-04-08 03:00:00,e-scooter,*405 F Dornbusch/Am Grünhof,250,0,1
synthetic_e_scooter,2025-04-08,2025-04-08 02:00:00,2025-04-08 03:00:00,e-scooter,*405 F Dornbusch/Am Grünhof,350,0,1
synthetic_bikesharing,2025-04-08,2025-04-08 02:00:00,2025-04-08 03:00:00,bicycle,F Francois-Mitterrand-Platz,50,0,0
synthetic_bikesharing,2025-04-08,2025-04-08 02:00:00,2025-04-08 03:00:00,bicycle,F Francois-Mitterrand-Platz,100,0,0
synthetic_bikesharing,2025-04-08,2025-04-08 02:00:00,2025-04-08 03:00:00,bicycle,F Francois-Mitterrand-Platz,250,0,0
synthetic_bikesharing,2025-04-08,2025-04-08 02:00:00,2025-04-08 03:00:00,bicycle,F Francois-Mitterrand-Platz,350,0,0
synthetic_e_scooter,2025-04-08,2025-04-08 02:00:00,2025-04-08 03:00:00,e-scooter,F Francois-Mitterrand-Platz,50,0,0
synthetic_e_scooter,2025-04-08,2025-04-08 02:00:00,2025-04-08 03:00:00,e-scooter,F Francois-Mitterrand-Platz,100,0,0
synthetic_e_scooter,2025-04-08,2025-04-08 02:00:00,2025-04-08 03:00:00,e-scooter,F Francois-Mitterrand-Platz,250,2,0
synthetic_e_scooter,2025-04-08,2025-04-08 02:00:00,2025-04-08 03:00:00,e-scooter,F Francois-Mitterrand-Platz,350,2,0
synthetic_bikesharing,2025-04-08,2025-04-08 02:00:00,2025-04-08 03:00:00,bicycle,F Miquel-/Adickesallee,50,0,0
synthetic_bikesharing,2025-04-08,2025-04-08 02:00:00,2025-04-08 03:00:00,bicycle,F Miquel-/Adickesallee,100,0,0
synthetic_bikesharing,2025-04-08,2025-04-08 02:00:00,2025-04-08 03:00:00,bicycle,F Miquel-/Adickesallee,250,0,0
synthetic_bikesharing,2025-04-08,2025-04-08 02:00:00,2025-04-08 03:00:00,bicycle,F Miquel-/Adickesallee,350,0,0
synthetic_e_scooter,2025-04-08,2025-04-08 02:00:00,2025-04-08 03:00:00,e-scooter,F Miquel-/Adickesallee,50,0,0
synthetic_e_scooter,2025-04-08,2025-04-08 02:00:00,2025-04-08 03:00:00,e-scooter,F Miquel-/Adickesallee,100,1,0
synthetic_e_scooter,2025-04-08,2025-04-08 02:00:00,2025-04-08 03:00:00,e-scooter,F Miquel-/Adickesallee,250,1,0
synthetic_e_scooter,2025-04-08,2025-04-08 02:00:00,2025-04-08 03:00:00,e-scooter,F Miquel-/Adickesallee,350,1,0
synthetic_bikesharing,2025-04-08,2025-04-08 02:00:00,2025-04-08 03:00:00,bicycle,F Plieningerstraße,50,0,0
synthetic_bikesharing,2025-04-08,2025-04-08 02:00:00,2025-04-08 03:00:00,bicycle,F Plieningerstraße,100,0,0
synthetic_bikesharing,2025-04-08,2025-04-08 02:00:00,2025-04-08 03:00:00,bicycle,F Plieningerstraße,250,0,0
synthetic_bikesharing,2025-04-08,2025-04-08 02:00:00,2025-04-08 03:00:00,bicycle,F Plieningerstraße,350,0,0
synthetic_e_scooter,2025-04-08,2025-04-08 02:00:00,2025-04-08 03:00:00,e-scooter,F Plieningerstraße,50,0,0
synthetic_e_scooter,2025-04-08,2025-04-08 02:00:00,2025-04-08 03:00:00,e-scooter,F Plieningerstraße,100,0,0
synthetic_e_scooter,2025-04-08,2025-04-08 02:00:00,2025-04-08 03:00:00,e-scooter,F Plieningerstraße,250,1,0
synthetic_e_scooter,2025-04-08,2025-04-08 02:00:00,2025-04-08 03:00:00,e-scooter,F Plieningerstraße,350,1,2
synthetic_bikesharing,2025-04-08,2025-04-08 02:00:00,2025-04-08 03:00:00,bicycle,F Weser-/Münchener Straße,50,0,0
synthetic_bikesharing,2025-04-08,2025-04-08 02:00:00,2025-04-08 03:00:00,bicycle,F Weser-/Münchener Straße,100,0,0
synthetic_bikesharing,2025-04-08,2025-04-08 02:00:00,2025-04-08 03:00:00,bicycle,F Weser-/Münchener Straße,250,0,0
synthetic_bikesharing,2025-04-08,2025-04-08 02:00:00,2025-04-08 03:00:00,bicycle,F Weser-/Münchener Straße,350,0,0
synthetic_e_scooter,2025-04-08,2025-04-08 02:00:00,2025-04-08 03:00:00,e-scooter,F Weser-/Münchener Straße,50,0,1
synthetic_e_scooter,2025-04-08,2025-04-08 02:00:00,2025-04-08 03:00:00,e-scooter,F Weser-/Münchener Straße,100,1,2
synthetic_e_scooter,2025-04-08,2025-04-08 02:00:00,2025-04-08 03:00:00,e-scooter,F Weser-/Münchener Straße,250,3,3
synthetic_e_scooter,2025-04-08,2025-04-08 02:00:00,2025-04-08 03:00:00,e-scooter,F Weser-/Münchener Straße,350,5,4
synthetic_bikesharing,2025-04-08,2025-04-08 03:00:00,2025-04-08 04:00:00,bicycle,*405 F Dornbusch/Am Grünhof,50,0,0
synthetic_bikesharing,2025-04-08,2025-04-08 03:00:00,2025-04-08 04:00:00,bicycle,*405 F Dornbusch/Am Grünhof,100,0,0
synthetic_bikesharing,2025-04-08,2025-04-08 03:00:00,2025-04-08 04:00:00,bicycle,*405 F Dornbusch/Am Grünhof,250,0,0
synthetic_bikesharing,2025-04-08,2025-04-08 03:00:00,2025-04-08 04:00:00,bicycle,*405 F Dornbusch/Am Grünhof,350,0,0
synthetic_e_scooter,2025-04-08,2025-04-08 03:00:00,2025-04-08 04:00:00,e-scooter,*405 F Dornbusch/Am Grünhof,50,0,1
synthetic_e_scooter,2025-04-08,2025-04-08 03:00:00,2025-04-08 04:00:00,e-scooter,*405 F Dornbusch/Am Grünhof,100,0,1
synthetic_e_scooter,2025-04-08,2025-04-08 03:00:00,2025-04-08 04:00:00,e-scooter,*405 F Dornbusch/Am Grünhof,250,0,1
synthetic_e_scooter,2025-04-08,2025-04-08 03:00:00,2025-04-08 04:00:00,e-scooter,*405 F Dornbusch/Am Grünhof,350,0,1
synthetic_bikesharing,2025-04-08,2025-04-08 03:00:00,2025-04-08 04:00:00,bicycle,F Francois-Mitterrand-Platz,50,0,0
synthetic_bikesharing,2025-04-08,2025-04-08 03:00:00,2025-04-08 04:00:00,bicycle,F Francois-Mitterrand-Platz,100,0,0
synthetic_bikesharing,2025-04-08,2025-04-08 03:00:00,2025-04-08 04:00:00,bicycle,F Francois-Mitterrand-Platz,250,0,0
synthetic_bikesharing,2025-04-08,2025-04-08 03:00:00,2025-04-08 04:00:00,bicycle,F Francois-Mitterrand-Platz,350,0,0
synthetic_e_scooter,2025-04-08,2025-04-08 03:00:00,2025-04-08 04:00:00,e-scooter,F Francois-Mitterrand-Platz,50,0,0
synthetic_e_scooter,2025-04-08,2025-04-08 03:00:00,2025-04-08 04:00:00,e-scooter,F Francois-Mitterrand-Platz,100,0,0
synthetic_e_scooter,2025-04-08,2025-04-08 03:00:00,2025-04-08 04:00:00,e-scooter,F Francois-Mitterrand-Platz,250,0,0
synthetic_e_scooter,2025-04-08,2025-04-08 03:00:00,2025-04-08 04:00:00,e-scooter,F Francois-Mitterrand-Platz,350,1,0
synthetic_bikesharing,2025-04-08,2025-04-08 03:00:00,2025-04-08 04:00:00,bicycle,F Miquel-/Adickesallee,50,0,0
synthetic_bikesharing,2025-04-08,2025-04-08 03:00:00,2025-04-08 04:00:00,bicycle,F Miquel-/Adickesallee,100,0,0
synthetic_bikesharing,2025-04-08,2025-04-08 03:00:00,2025-04-08 04:00:00,bicycle,F Miquel-/Adickesallee,250,0,1
synthetic_bikesharing,2025-04-08,2025-04-08 03:00:00,2025-04-08 04:00:00,bicycle,F Miquel-/Adickesallee,350,1,1
synthetic_e_scooter,2025-04-08,2025-04-08 03:00:00,2025-04-08 04:00:00,e-scooter,F Miquel-/Adickesallee,50,0,0
synthetic_e_scooter,2025-04-08,2025-04-08 03:00:00,2025-04-08 04:00:00,e-scooter,F Miquel-/Adickesallee,100,0,0
synthetic_e_scooter,2025-04-08,2025-04-08 03:00:00,2025-04-08 04:00:00,e-scooter,F Miquel-/Adickesallee,250,1,0
synthetic_e_scooter,2025-04-08,2025-04-08 03:00:00,2025-04-08 04:00:00,e-scooter,F Miquel-/Adickesallee,350,1,1
synthetic_bikesharing,2025-04-08,2025-04-08 03:00:00,2025-04-08 04:00:00,bicycle,F Plieningerstraße,50,0,0
synthetic_bikesharing,2025-04-08,2025-04-08 03:00:00,2025-04-08 04:00:00,bicycle,F Plieningerstraße,100,0,0
synthetic_bikesharing,2025-04-08,2025-04-08 03:00:00,2025-04-08 04:00:00,bicycle,F Plieningerstraße,250,0,0
synthetic_bikesharing,2025-04-08,2025-04-08 03:00:00,2025-04-08 04:00:00,bicycle,F Plieningerstraße,350,0,0
synthetic_e_scooter,2025-04-08,2025-04-08 03:00:00,2025-04-08 04:00:00,e-scooter,F Plieningerstraße,50,0,0
synthetic_e_scooter,2025-04-08,2025-04-08 03:00:00,2025-04-08 04:00:00,e-scooter,F Plieningerstraße,100,0,0
synthetic_e_scooter,2025-04-08,2025-04-08 03:00:00,2025-04-08 04:00:00,e-scooter,F Plieningerstraße,250,0,0
synthetic_e_scooter,2025-04-08,2025-04-08 03:00:00,2025-04-08 04:00:00,e-scooter,F Plieningerstraße,350,0,0
synthetic_bikesharing,2025-04-08,2025-04-08 03:00:00,2025-04-08 04:00:00,bicycle,F Weser-/Münchener Straße,50,0,0
synthetic_bikesharing,2025-04-08,2025-04-08 03:00:00,2025-04-08 04:00:00,bicycle,F Weser-/Münchener Straße,100,0,0
synthetic_bikesharing,2025-04-08,2025-04-08 03:00:00,2025-04-08 04:00:00,bicycle,F Weser-/Münchener Straße,250,0,0
synthetic_bikesharing,2025-04-08,2025-04-08 03:00:00,2025-04-08 04:00:00,bicycle,F Weser-/Münchener Straße,350,0,1
synthetic_e_scooter,2025-04-08,2025-04-08 03:00:00,2025-04-08 04:00:00,e-scooter,F Weser-/Münchener Straße,50,0,0
synthetic_e_scooter,2025-04-08,2025-04-08 03:00:00,2025-04-08 04:00:00,e-scooter,F Weser-/Münchener Straße,100,0,1
synthetic_e_scooter,2025-04-08,2025-04-08 03:00:00,2025-04-08 04:00:00,e-scooter,F Weser-/Münchener Straße,250,3,3
synthetic_e_scooter,2025-04-08,2025-04-08 03:00:00,2025-04-08 04:00:00,e-scooter,F Weser-/Münchener Straße,350,3,3
synthetic_bikesharing,2025-04-08,2025-04-08 04:00:00,2025-04-08 05:00:00,bicycle,*405 F Dornbusch/Am Grünhof,50,0,0
synthetic_bikesharing,2025-04-08,2025-04-08 04:00:00,2025-04-08 05:00:00,bicycle,*405 F Dornbusch/Am Grünhof,100,0,0
synthetic_bikesharing,2025-04-08,2025-04-08 04:00:00,2025-04-08 05:00:00,bicycle,*405 F Dornbusch/Am Grünhof,250,0,0
synthetic_bikesharing,2025-04-08,2025-04-08 04:00:00,2025-04-08 05:00:00,bicycle,*405 F Dornbusch/Am Grünhof,350,0,0
synthetic_e_scooter,2025-04-08,2025-04-08 04:00:00,2025-04-08 05:00:00,e-scooter,*405 F Dornbusch/Am Grünhof,50,0,0
synthetic_e_scooter,2025-04-08,2025-04-08 04:00:00,2025-04-08 05:00:00,e-scooter,*405 F Dornbusch/Am Grünhof,100,0,0
synthetic_e_scooter,2025-04-08,2025-04-08 04:00:00,2025-04-08 05:00:00,e-scooter,*405 F Dornbusch/Am Grünhof,250,0,0
synthetic_e_scooter,2025-04-08,2025-04-08 04:00:00,2025-04-08 05:00:00,e-scooter,*405 F Dornbusch/Am Grünhof,350,0,0
synthetic_bikesharing,2025-04-08,2025-04-08 04:00:00,2025-04-08 05:00:00,bicycle,F Francois-Mitterrand-Platz,50,0,0
synthetic_bikesharing,2025-04-08,2025-04-08 04:00:00,2025-04-08 05:00:00,bicycle,F Francois-Mitterrand-Platz,100,0,0
synthetic_bikesharing,2025-04-08,2025-04-08 04:00:00,2025-04-08 05:00:00,bicycle,F Francois-Mitterrand-Platz,250,0,0
synthetic_bikesharing,2025-04-08,2025-04-08 04:00:00,2025-04-08 05:00:00,bicycle,F Francois-Mitterrand-Platz,350,0,0
synthetic_e_scooter,2025-04-08,2025-04-08 04:00:00,2025-04-08 05:00:00,e-scooter,F Francois-Mitterrand-Platz,50,0,0
synthetic_e_scooter,2025-04-08,2025-04-08 04:00:00,2025-04-08 05:00:00,e-scooter,F Francois-Mitterrand-Platz,100,0,0
synthetic_e_scooter,2025-04-08,2025-04-08 04:00:00,2025-04-08 05:00:00,e-scooter,F Francois-Mitterrand-Platz,250,1,1
synthetic_e_scooter,2025-04-08,2025-04-08 04:00:00,2025-04-08 05:00:00,e-scooter,F Francois-Mitterrand-Platz,350,1,1
synthetic_bikesharing,2025-04-08,2025-04-08 04:00:00,2025-04-08 05:00:00,bicycle,F Miquel-/Adickesallee,50,0,0
synthetic_bikesharing,2025-04-08,2025-04-08 04:00:00,2025-04-08 05:00:00,bicycle,F Miquel-/Adickesallee,100,1,0
synthetic_bikesharing,2025-04-08,2025-04-08 04:00:00,2025-04-08 05:00:00,bicycle,F Miquel-/Adickesallee,250,1,0
synthetic_bikesharing,2025-04-08,2025-04-08 04:00:00,2025-04-08 05:00:00,bicycle,F Miquel-/Adickesallee,350,1,0
synthetic_e_scooter,2025-04-08,2025-04-08 04:00:00,2025-04-08 05:00:00,e-scooter,F Miquel-/Adickesallee,50,0,0
synthetic_e_scooter,2025-04-08,2025-04-08 04:00:00,2025-04-08 05:00:00,e-scooter,F Miquel-/Adickesallee,100,0,0
synthetic_e_scooter,2025-04-08,2025-04-08 04:00:00,2025-04-08 05:00:00,e-scooter,F Miquel-/Adickesallee,250,0,0
synthetic_e_scooter,2025-04-08,2025-04-08 04:00:00,2025-04-08 05:00:00,e-scooter,F Miquel-/Adickesallee,350,1,0
synthetic_bikesharing,2025-04-08,2025-04-08 04:00:00,2025-04-08 05:00:00,bicycle,F Plieningerstraße,50,0,0
synthetic_bikesharing,2025-04-08,2025-04-08 04:00:00,2025-04-08 05:00:00,bicycle,F Plieningerstraße,100,0,0
synthetic_bikesharing,2025-04-08,2025-04-08 04:00:00,2025-04-08 05:00:00,bicycle,F Plieningerstraße,250,0,0
synthetic_bikesharing,2025-04-08,2025-04-08 04:00:00,2025-04-08 05:00:00,bicycle,F Plieningerstraße,350,0,0
synthetic_e_scooter,2025-04-08,2025-04-08 04:00:00,2025-04-08 05:00:00,e-scooter,F Plieningerstraße,50,0,0
synthetic_e_scooter,2025-04-08,2025-04-08 04:00:00,2025-04-08 05:00:00,e-scooter,F Plieningerstraße,100,0,0
synthetic_e_scooter,2025-04-08,2025-04-08 04:00:00,2025-04-08 05:00:00,e-scooter,F Plieningerstraße,250,0,0
synthetic_e_scooter,2025-04-08,2025-04-08 04:00:00,2025-04-08 05:00:00,e-scooter,F Plieningerstraße,350,0,0
synthetic_bikesharing,2025-04-08,2025-04-08 04:00:00,2025-04-08 05:00:00,bicycle,F Weser-/Münchener Straße,50,0,0
synthetic_bikesharing,2025-04-08,2025-04-08 04:00:00,2025-04-08 05:00:00,bicycle,F Weser-/Münchener Straße,100,1,0
synthetic_bikesharing,2025-04-08,2025-04-08 04:00:00,2025-04-08 05:00:00,bicycle,F Weser-/Münchener Straße,250,1,1
synthetic_bikesharing,2025-04-08,2025-04-08 04:00:00,2025-04-08 05:00:00,bicycle,F Weser-/Münchener Straße,350,1,1
synthetic_e_scooter,2025-04-08,2025-04-08 04:00:00,2025-04-08 05:00:00,e-scooter,F Weser-/Münchener Straße,50,0,0
synthetic_e_scooter,2025-04-08,2025-04-08 04:00:00,2025-04-08 05:00:00,e-scooter,F Weser-/Münchener Straße,100,0,0
synthetic_e_scooter,2025-04-08,2025-04-08 04:00:00,2025-04-08 05:00:00,e-scooter,F Weser-/Münchener Straße,250,0,0
synthetic_e_scooter,2025-04-08,2025-04-08 04:00:00,2025-04-08 05:00:00,e-scooter,F Weser-/Münchener Straße,350,0,1
synthetic_bikesharing,2025-04-08,2025-04-08 05:00:00,2025-04-08 06:00:00,bicycle,*405 F Dornbusch/Am Grünhof,50,0,0
synthetic_bikesharing,2025-04-08,2025-04-08 05:00:00,2025-04-08 06:00:00,bicycle,*405 F Dornbusch/Am Grünhof,100,0,0
synthetic_bikesharing,2025-04-08,2025-04-08 05:00:00,2025-04-08 06:00:00,bicycle,*405 F Dornbusch/Am Grünhof,250,0,0
synthetic_bikesharing,2025-04-08,2025-04-08 05:00:00,2025-04-08 06:00:00,bicycle,*405 F Dornbusch/Am Grünhof,350,0,2
synthetic_e_scooter,2025-04-08,2025-04-08 05:00:00,2025-04-08 06:00:00,e-scooter,*405 F Dornbusch/Am Grünhof,50,0,0
synthetic_e_scooter,2025-04-08,2025-04-08 05:00:00,2025-04-08 06:00:00,e-scooter,*405 F Dornbusch/Am Grünhof,100,0,0
synthetic_e_scooter,2025-04-08,2025-04-08 05:00:00,2025-04-08 06:00:00,e-scooter,*405 F Dornbusch/Am Grünhof,250,1,0
synthetic_e_scooter,2025-04-08,2025-04-08 05:00:00,2025-04-08 06:00:00,e-scooter,*405 F Dornbusch/Am Grünhof,350,1,0
synthetic_bikesharing,2025-04-08,2025-04-08 05:00:00,2025-04-08 06:00:00,bicycle,F Francois-Mitterrand-Platz,50,0,0
synthetic_bikesharing,2025-04-08,2025-04-08 05:00:00,2025-04-08 06:00:00,bicycle,F Francois-Mitterrand-Platz,100,0,0
synthetic_bikesharing,2025-04-08,2025-04-08 05:00:00,2025-04-08 06:00:00,bicycle,F Francois-Mitterrand-Platz,250,0,0
synthetic_bikesharing,2025-04-08,2025-04-08 05:00:00,2025-04-08 06:00:00,bicycle,F Francois-Mitterrand-Platz,350,0,0
synthetic_e_scooter,2025-04-08,2025-04-08 05:00:00,2025-04-08 06:00:00,e-scooter,F Francois-Mitterrand-Platz,50,0,1
synthetic_e_scooter,2025-04-08,2025-04-08 05:00:00,2025-04-08 06:00:00,e-scooter,F Francois-Mitterrand-Platz,100,0,2
synthetic_e_scooter,2025-04-08,2025-04-08 05:00:00,2025-04-08 06:00:00,e-scooter,F Francois-Mitterrand-Platz,250,0,2
synthetic_e_scooter,2025-04-08,2025-04-08 05:00:00,2025-04-08 06:00:00,e-scooter,F Francois-Mitterrand-Platz,350,0,2
synthetic_bikesharing,2025-04-08,2025-04-08 05:00:00,2025-04-08 06:00:00,bicycle,F Miquel-/Adickesallee,50,1,0
synthetic_bikesharing,2025-04-08,2025-04-08 05:00:00,2025-04-08 06:00:00,bicycle,F Miquel-/Adickesallee,100,1,0
synthetic_bikesharing,2025-04-08,2025-04-08 05:00:00,2025-04-08 06:00:00,bicycle,F Miquel-/Adickesallee,250,1,0
synthetic_bikesharing,2025-04-08,2025-04-08 05:00:00,2025-04-08 06:00:00,bicycle,F Miquel-/Adickesallee,350,1,1
synthetic_e_scooter,2025-04-08,2025-04-08 05:00:00,2025-04-08 06:00:00,e-scooter,F Miquel-/Adickesallee,50,0,0
synthetic_e_scooter,2025-04-08,2025-04-08 05:00:00,2025-04-08 06:00:00,e-scooter,F Miquel-/Adickesallee,100,0,0
synthetic_e_scooter,2025-04-08,2025-04-08 05:00:00,2025-04-08 06:00:00,e-scooter,F Miquel-/Adickesallee,250,0,0
synthetic_e_scooter,2025-04-08,2025-04-08 05:00:00,2025-04-08 06:00:00,e-scooter,F Miquel-/Adickesallee,350,0,0
synthetic_bikesharing,2025-04-08,2025-04-08 05:00:00,2025-04-08 06:00:00,bicycle,F Plieningerstraße,50,1,0
synthetic_bikesharing,2025-04-08,2025-04-08 05:00:00,2025-04-08 06:00:00,bicycle,F Plieningerstraße,100,1,0
synthetic_bikesharing,2025-04-08,2025-04-08 05:00:00,2025-04-08 06:00:00,bicycle,F Plieningerstraße,250,1,0
synthetic_bikesharing,2025-04-08,2025-04-08 05:00:00,2025-04-08 06:00:00,bicycle,F Plieningerstraße,350,1,0
synthetic_e_scooter,2025-04-08,2025-04-08 05:00:00,2025-04-08 06:00:00,e-scooter,F Plieningerstraße,50,0,0
synthetic_e_scooter,2025-04-08,2025-04-08 05:00:00,2025-04-08 06:00:00,e-scooter,F Plieningerstraße,100,0,0
synthetic_e_scooter,2025-04-08,2025-04-08 05:00:00,2025-04-08 06:00:00,e-scooter,F Plieningerstraße,250,0,0
synthetic_e_scooter,2025-04-08,2025-04-08 05:00:00,2025-04-08 06:00:00,e-scooter,F Plieningerstraße,350,0,0
synthetic_bikesharing,2025-04-08,2025-04-08 05:00:00,2025-04-08 06:00:00,bicycle,F Weser-/Münchener Straße,50,0,1
synthetic_bikesharing,2025-04-08,2025-04-08 05:00:00,2025-04-08 06:00:00,bicycle,F Weser-/Münchener Straße,100,0,1
synthetic_bikesharing,2025-04-08,2025-04-08 05:00:00,2025-04-08 06:00:00,bicycle,F Weser-/Münchener Straße,250,1,1
synthetic_bikesharing,2025-04-08,2025-04-08 05:00:00,2025-04-08 06:00:00,bicycle,F Weser-/Münchener Straße,350,3,1
synthetic_e_scooter,2025-04-08,2025-04-08 05:00:00,2025-04-08 06:00:00,e-scooter,F Weser-/Münchener Straße,50,0,0
synthetic_e_scooter,2025-04-08,2025-04-08 05:00:00,2025-04-08 06:00:00,e-scooter,F Weser-/Münchener Straße,100,0,1
synthetic_e_scooter,2025-04-08,2025-04-08 05:00:00,2025-04-08 06:00:00,e-scooter,F Weser-/Münchener Straße,250,1,2
synthetic_e_scooter,2025-04-08,2025-04-08 05:00:00,2025-04-08 06:00:00,e-scooter,F Weser-/Münchener Straße,350,1,2
synthetic_bikesharing,2025-04-08,2025-04-08 06:00:00,2025-04-08 07:00:00,bicycle,*405 F Dornbusch/Am Grünhof,50,0,0
synthetic_bikesharing,2025-04-08,2025-04-08 06:00:00,2025-04-08 07:00:00,bicycle,*405 F Dornbusch/Am Grünhof,100,0,0
synthetic_bikesharing,2025-04-08,2025-04-08 06:00:00,2025-04-08 07:00:00,bicycle,*405 F Dornbusch/Am Grünhof,250,0,0
synthetic_bikesharing,2025-04-08,2025-04-08 06:00:00,2025-04-08 07:00:00,bicycle,*405 F Dornbusch/Am Grünhof,350,1,0
synthetic_e_scooter,2025-04-08,2025-04-08 06:00:00,2025-04-08 07:00:00,e-scooter,*405 F Dornbusch/Am Grünhof,50,0,0
synthetic_e_scooter,2025-04-08,2025-04-08 06:00:00,2025-04-08 07:00:00,e-scooter,*405 F Dornbusch/Am Grünhof,100,0,0
synthetic_e_scooter,2025-04-08,2025-04-08 06:00:00,2025-04-08 07:00:00,e-scooter,*405 F Dornbusch/Am Grünhof,250,1,0
synthetic_e_scooter,2025-04-08,2025-04-08 06:00:00,2025-04-08 07:00:00,e-scooter,*405 F Dornbusch/Am Grünhof,350,1,0
synthetic_bikesharing,2025-04-08,2025-04-08 06:00:00,2025-04-08 07:00:00,bicycle,F Francois-Mitterrand-Platz,50,0,1
synthetic_bikesharing,2025-04-08,2025-04-08 06:00:00,2025-04-08 07:00:00,bicycle,F Francois-Mitterrand-Platz,100,0,1
synthetic_bikesharing,2025-04-08,2025-04-08 06:00:00,2025-04-08 07:00:00,bicycle,F Francois-Mitterrand-Platz,250,2,4
synthetic_bikesharing,2025-04-08,2025-04-08 06:00:00,2025-04-08 07:00:00,bicycle,F Francois-Mitterrand-Platz,350,2,5
synthetic_e_scooter,2025-04-08,2025-04-08 06:00:00,2025-04-08 07:00:00,e-scooter,F Francois-Mitterrand-Platz,50,0,1
synthetic_e_scooter,2025-04-08,2025-04-08 06:00:00,2025-04-08 07:00:00,e-scooter,F Francois-Mitterrand-Platz,100,0,1
synthetic_e_scooter,2025-04-08,2025-04-08 06:00:00,2025-04-08 07:00:00,e-scooter,F Francois-Mitterrand-Platz,250,0,1
synthetic_e_scooter,2025-04-08,2025-04-08 06:00:00,2025-04-08 07:00:00,e-scooter,F Francois-Mitterrand-Platz,350,0,1
synthetic_bikesharing,2025-04-08,2025-04-08 06:00:00,2025-04-08 07:00:00,bicycle,F Miquel-/Adickesallee,50,0,3
synthetic_bikesharing,2025-04-08,2025-04-08 06:00:00,2025-04-08 07:00:00,bicycle,F Miquel-/Adickesallee,100,2,4
synthetic_bikesharing,2025-04-08,2025-04-08 06:00:00,2025-04-08 07:00:00,bicycle,F Miquel-/Adickesallee,250,4,4
synthetic_bikesharing,2025-04-08,2025-04-08 06:00:00,2025-04-08 07:00:00,bicycle,F Miquel-/Adickesallee,350,4,6
synthetic_e_scooter,2025-04-08,2025-04-08 06:00:00,2025-04-08 07:00:00,e-scooter,F Miquel-/Adickesallee,50,0,0
synthetic_e_scooter,2025-04-08,2025-04-08 06:00:00,2025-04-08 07:00:00,e-scooter,F Miquel-/Adickesallee,100,1,0
synthetic_e_scooter,2025-04-08,2025-04-08 06:00:00,2025-04-08 07:00:00,e-scooter,F Miquel-/Adickesallee,250,1,0
synthetic_e_scooter,2025-04-08,2025-04-08 06:00:00,2025-04-08 07:00:00,e-scooter,F Miquel-/Adickesallee,350,1,1
synthetic_bikesharing,2025-04-08,2025-04-08 06:00:00,2025-04-08 07:00:00,bicycle,F Plieningerstraße,50,0,0
synthetic_bikesharing,2025-04-08,2025-04-08 06:00:00,2025-04-08 07:00:00,bicycle,F Plieningerstraße,100,0,0
synthetic_bikesharing,2025-04-08,2025-04-08 06:00:00,2025-04-08 07:00:00,bicycle,F Plieningerstraße,250,0,1
synthetic_bikesharing,2025-04-08,2025-04-08 06:00:00,2025-04-08 07:00:00,bicycle,F Plieningerstraße,350,0,1
synthetic_e_scooter,2025-04-08,2025-04-08 06:00:00,2025-04-08 07:00:00,e-scooter,F Plieningerstraße,50,0,0
synthetic_e_scooter,2025-04-08,2025-04-08 06:00:00,2025-04-08 07:00:00,e-scooter,F Plieningerstraße,100,0,0
synthetic_e_scooter,2025-04-08,2025-04-08 06:00:00,2025-04-08 07:00:00,e-scooter,F Plieningerstraße,250,0,0
synthetic_e_scooter,2025-04-08,2025-04-08 06:00:00,2025-04-08 07:00:00,e-scooter,F Plieningerstraße,350,0,1
synthetic_bikesharing,2025-04-08,2025-04-08 06:00:00,2025-04-08 07:00:00,bicycle,F Weser-/Münchener Straße,50,1,0
synthetic_bikesharing,2025-04-08,2025-04-08 06:00:00,2025-04-08 07:00:00,bicycle,F Weser-/Münchener Straße,100,2,1
synthetic_bikesharing,2025-04-08,2025-04-08 06:00:00,2025-04-08 07:00:00,bicycle,F Weser-/Münchener Straße,250,5,3
synthetic_bikesharing,2025-04-08,2025-04-08 06:00:00,2025-04-08 07:00:00,bicycle,F Weser-/Münchener Straße,350,7,4
synthetic_e_scooter,2025-04-08,2025-04-08 06:00:00,2025-04-08 07:00:00,e-scooter,F Weser-/Münchener Straße,50,0,0
synthetic_e_scooter,2025-04-08,2025-04-08 06:00:00,2025-04-08 07:00:00,e-scooter,F Weser-/Münchener Straße,100,1,0
synthetic_e_scooter,2025-04-08,2025-04-08 06:00:00,2025-04-08 07:00:00,e-scooter,F Weser-/Münchener Straße,250,2,0
synthetic_e_scooter,2025-04-08,2025-04-08 06:00:00,2025-04-08 07:00:00,e-scooter,F Weser-/Münchener Straße,350,2,0
synthetic_bikesharing,2025-04-08,2025-04-08 07:00:00,2025-04-08 08:00:00,bicycle,*405 F Dornbusch/Am Grünhof,50,1,1
synthetic_bikesharing,2025-04-08,2025-04-08 07:00:00,2025-04-08 08:00:00,bicycle,*405 F Dornbusch/Am Grünhof,100,2,3
synthetic_bikesharing,2025-04-08,2025-04-08 07:00:00,2025-04-08 08:00:00,bicycle,*405 F Dornbusch/Am Grünhof,250,5,5
synthetic_bikesharing,2025-04-08,2025-04-08 07:00:00,2025-04-08 08:00:00,bicycle,*405 F Dornbusch/Am Grünhof,350,8,6
synthetic_e_scooter,2025-04-08,2025-04-08 07:00:00,2025-04-08 08:00:00,e-scooter,*405 F Dornbusch/Am Grünhof,50,1,1
synthetic_e_scooter,2025-04-08,2025-04-08 07:00:00,2025-04-08 08:00:00,e-scooter,*405 F Dornbusch/Am Grünhof,100,2,2
synthetic_e_scooter,2025-04-08,2025-04-08 07:00:00,2025-04-08 08:00:00,e-scooter,*405 F Dornbusch/Am Grünhof,250,4,2
synthetic_e_scooter,2025-04-08,2025-04-08 07:00:00,2025-04-08 08:00:00,e-scooter,*405 F Dornbusch/Am Grünhof,350,4,2
synthetic_bikesharing,2025-04-08,2025-04-08 07:00:00,2025-04-08 08:00:00,bicycle,F Francois-Mitterrand-Platz,50,1,1
synthetic_bikesharing,2025-04-08,2025-04-08 07:00:00,2025-04-08 08:00:00,bicycle,F Francois-Mitterrand-Platz,100,2,3
synthetic_bikesharing,2025-04-08,2025-04-08 07:00:00,2025-04-08 08:00:00,bicycle,F Francois-Mitterrand-Platz,250,5,6
synthetic_bikesharing,2025-04-08,2025-04-08 07:00:00,2025-04-08 08:00:00,bicycle,F Francois-Mitterrand-Platz,350,5,9
synthetic_e_scooter,2025-04-08,2025-04-08 07:00:00,2025-04-08 08:00:00,e-scooter,F Francois-Mitterrand-Platz,50,1,2
synthetic_e_scooter,2025-04-08,2025-04-08 07:00:00,2025-04-08 08:00:00,e-scooter,F Francois-Mitterrand-Platz,100,1,4
synthetic_e_scooter,2025-04-08,2025-04-08 07:00:00,2025-04-08 08:00:00,e-scooter,F Francois-Mitterrand-Platz,250,1,5
synthetic_e_scooter,2025-04-08,2025-04-08 07:00:00,2025-04-08 08:00:00,e-scooter,F Francois-Mitterrand-Platz,350,1,7
synthetic_bikesharing,2025-04-08,2025-04-08 07:00:00,2025-04-08 08:00:00,bicycle,F Miquel-/Adickesallee,50,5,1
synthetic_bikesharing,2025-04-08,2025-04-08 07:00:00,2025-04-08 08:00:00,bicycle,F Miquel-/Adickesallee,100,7,3
synthetic_bikesharing,2025-04-08,2025-04-08 07:00:00,2025-04-08 08:00:00,bicycle,F Miquel-/Adickesallee,250,12,5
synthetic_bikesharing,2025-04-08,2025-04-08 07:00:00,2025-04-08 08:00:00,bicycle,F Miquel-/Adickesallee,350,18,6
synthetic_e_scooter,2025-04-08,2025-04-08 07:00:00,2025-04-08 08:00:00,e-scooter,F Miquel-/Adickesallee,50,0,1
synthetic_e_scooter,2025-04-08,2025-04-08 07:00:00,2025-04-08 08:00:00,e-scooter,F Miquel-/Adickesallee,100,1,1
synthetic_e_scooter,2025-04-08,2025-04-08 07:00:00,2025-04-08 08:00:00,e-scooter,F Miquel-/Adickesallee,250,4,3
synthetic_e_scooter,2025-04-08,2025-04-08 07:00:00,2025-04-08 08:00:00,e-scooter,F Miquel-/Adickesallee,350,4,3
synthetic_bikesharing,2025-04-08,2025-04-08 07:00:00,2025-04-08 08:00:00,bicycle,F Plieningerstraße,50,1,0
synthetic_bikesharing,2025-04-08,2025-04-08 07:00:00,2025-04-08 08:00:00,bicycle,F Plieningerstraße,100,2,0
synthetic_bikesharing,2025-04-08,2025-04-08 07:00:00,2025-04-08 08:00:00,bicycle,F Plieningerstraße,250,4,0
synthetic_bikesharing,2025-04-08,2025-04-08 07:00:00,2025-04-08 08:00:00,bicycle,F Plieningerstraße,350,6,0
synthetic_e_scooter,2025-04-08,2025-04-08 07:00:00,2025-04-08 08:00:00,e-scooter,F Plieningerstraße,50,0,0
synthetic_e_scooter,2025-04-08,2025-04-08 07:00:00,2025-04-08 08:00:00,e-scooter,F Plieningerstraße,100,0,0
synthetic_e_scooter,2025-04-08,2025-04-08 07:00:00,2025-04-08 08:00:00,e-scooter,F Plieningerstraße,250,0,3
synthetic_e_scooter,2025-04-08,2025-04-08 07:00:00,2025-04-08 08:00:00,e-scooter,F Plieningerstraße,350,2,4
synthetic_bikesharing,2025-04-08,2025-04-08 07:00:00,2025-04-08 08:00:00,bicycle,F Weser-/Münchener Straße,50,0,0
synthetic_bikesharing,2025-04-08,2025-04-08 07:00:00,2025-04-08 08:00:00,bicycle,F Weser-/Münchener Straße,100,3,3
synthetic_bikesharing,2025-04-08,2025-04-08 07:00:00,2025-04-08 08:00:00,bicycle,F Weser-/Münchener Straße,250,8,7
synthetic_bikesharing,2025-04-08,2025-04-08 07:00:00,2025-04-08 08:00:00,bicycle,F Weser-/Münchener Straße,350,11,7
synthetic_e_scooter,2025-04-08,2025-04-08 07:00:00,2025-04-08 08:00:00,e-scooter,F Weser-/Münchener Straße,50,0,0
synthetic_e_scooter,2025-04-08,2025-04-08 07:00:00,2025-04-08 08:00:00,e-scooter,F Weser-/Münchener Straße,100,1,1
synthetic_e_scooter,2025-04-08,2025-04-08 07:00:00,2025-04-08 08:00:00,e-scooter,F Weser-/Münchener Straße,250,6,4
synthetic_e_scooter,2025-04-08,2025-04-08 07:00:00,2025-04-08 08:00:00,e-scooter,F Weser-/Münchener Straße,350,10,6
synthetic_bikesharing,2025-04-08,2025-04-08 08:00:00,2025-04-08 09:00:00,bicycle,*405 F Dornbusch/Am Grünhof,50,2,0
synthetic_bikesharing,2025-04-08,2025-04-08 08:00:00,2025-04-08 09:00:00,bicycle,*405 F Dornbusch/Am Grünhof,100,5,0
synthetic_bikesharing,2025-04-08,2025-04-08 08:00:00,2025-04-08 09:00:00,bicycle,*405 F Dornbusch/Am Grünhof,250,6,1
synthetic_bikesharing,2025-04-08,2025-04-08 08:00:00,2025-04-08 09:00:00,bicycle,*405 F Dornbusch/Am Grünhof,350,9,5
synthetic_e_scooter,2025-04-08,2025-04-08 08:00:00,2025-04-08 09:00:00,e-scooter,*405 F Dornbusch/Am Grünhof,50,0,1
synthetic_e_scooter,2025-04-08,2025-04-08 08:00:00,2025-04-08 09:00:00,e-scooter,*405 F Dornbusch/Am Grünhof,100,1,1
synthetic_e_scooter,2025-04-08,2025-04-08 08:00:00,2025-04-08 09:00:00,e-scooter,*405 F Dornbusch/Am Grünhof,250,3,1
synthetic_e_scooter,2025-04-08,2025-04-08 08:00:00,2025-04-08 09:00:00,e-scooter,*405 F Dornbusch/Am Grünhof,350,4,1
synthetic_bikesharing,2025-04-08,2025-04-08 08:00:00,2025-04-08 09:00:00,bicycle,F Francois-Mitterrand-Platz,50,0,1
synthetic_bikesharing,2025-04-08,2025-04-08 08:00:00,2025-04-08 09:00:00,bicycle,F Francois-Mitterrand-Platz,100,0,2
synthetic_bikesharing,2025-04-08,2025-04-08 08:00:00,2025-04-08 09:00:00,bicycle,F Francois-Mitterrand-Platz,250,1,3
synthetic_bikesharing,2025-04-08,2025-04-08 08:00:00,2025-04-08 09:00:00,bicycle,F Francois-Mitterrand-Platz,350,2,6
synthetic_e_scooter,2025-04-08,2025-04-08 08:00:00,2025-04-08 09:00:00,e-scooter,F Francois-Mitterrand-Platz,50,0,1
synthetic_e_scooter,2025-04-08,2025-04-08 08:00:00,2025-04-08 09:00:00,e-scooter,F Francois-Mitterrand-Platz,100,0,4
synthetic_e_scooter,2025-04-08,2025-04-08 08:00:00,2025-04-08 09:00:00,e-scooter,F Francois-Mitterrand-Platz,250,2,7
synthetic_e_scooter,2025-04-08,2025-04-08 08:00:00,2025-04-08 09:00:00,e-scooter,F Francois-Mitterrand-Platz,350,4,12
synthetic_bikesharing,2025-04-08,2025-04-08 08:00:00,2025-04-08 09:00:00,bicycle,F Miquel-/Adickesallee,50,1,0
synthetic_bikesharing,2025-04-08,2025-04-08 08:00:00,2025-04-08 09:00:00,bicycle,F Miquel-/Adickesallee,100,4,1
synthetic_bikesharing,2025-04-08,2025-04-08 08:00:00,2025-04-08 09:00:00,bicycle,F Miquel-/Adickesallee,250,10,2
synthetic_bikesharing,2025-04-08,2025-04-08 08:00:00,2025-04-08 09:00:00,bicycle,F Miquel-/Adickesallee,350,15,3
synthetic_e_scooter,2025-04-08,2025-04-08 08:00:00,2025-04-08 09:00:00,e-scooter,F Miquel-/Adickesallee,50,0,0
synthetic_e_scooter,2025-04-08,2025-04-08 08:00:00,2025-04-08 09:00:00,e-scooter,F Miquel-/Adickesallee,100,2,1
synthetic_e_scooter,2025-04-08,2025-04-08 08:00:00,2025-04-08 09:00:00,e-scooter,F Miquel-/Adickesallee,250,3,4
synthetic_e_scooter,2025-04-08,2025-04-08 08:00:00,2025-04-08 09:00:00,e-scooter,F Miquel-/Adickesallee,350,5,6
synthetic_bikesharing,2025-04-08,2025-04-08 08:00:00,2025-04-08 09:00:00,bicycle,F Plieningerstraße,50,0,1
synthetic_bikesharing,2025-04-08,2025-04-08 08:00:00,2025-04-08 09:00:00,bicycle,F Plieningerstraße,100,0,1
synthetic_bikesharing,2025-04-08,2025-04-08 08:00:00,2025-04-08 09:00:00,bicycle,F Plieningerstraße,250,0,1
synthetic_bikesharing,2025-04-08,2025-04-08 08:00:00,2025-04-08 09:00:00,bicycle,F Plieningerstraße,350,0,1
synthetic_e_scooter,2025-04-08,2025-04-08 08:00:00,2025-04-08 09:00:00,e-scooter,F Plieningerstraße,50,0,0
synthetic_e_scooter,2025-04-08,2025-04-08 08:00:00,2025-04-08 09:00:00,e-scooter,F Plieningerstraße,100,0,0
synthetic_e_scooter,2025-04-08,2025-04-08 08:00:00,2025-04-08 09:00:00,e-scooter,F Plieningerstraße,250,1,1
synthetic_e_scooter,2025-04-08,2025-04-08 08:00:00,2025-04-08 09:00:00,e-scooter,F Plieningerstraße,350,1,1
synthetic_bikesharing,2025-04-08,2025-04-08 08:00:00,2025-04-08 09:00:00,bicycle,F Weser-/Münchener Straße,50,0,0
synthetic_bikesharing,2025-04-08,2025-04-08 08:00:00,2025-04-08 09:00:00,bicycle,F Weser-/Münchener Straße,100,3,3
synthetic_bikesharing,2025-04-08,2025-04-08 08:00:00,2025-04-08 09:00:00,bicycle,F Weser-/Münchener Straße,250,13,10
synthetic_bikesharing,2025-04-08,2025-04-08 08:00:00,2025-04-08 09:00:00,bicycle,F Weser-/Münchener Straße,350,19,15
synthetic_e_scooter,2025-04-08,2025-04-08 08:00:00,2025-04-08 09:00:00,e-scooter,F Weser-/Münchener Straße,50,1,0
synthetic_e_scooter,2025-04-08,2025-04-08 08:00:00,2025-04-08 09:00:00,e-scooter,F Weser-/Münchener Straße,100,3,4
synthetic_e_scooter,2025-04-08,2025-04-08 08:00:00,2025-04-08 09:00:00,e-scooter,F Weser-/Münchener Straße,250,9,6
synthetic_e_scooter,2025-04-08,2025-04-08 08:00:00,2025-04-08 09:00:00,e-scooter,F Weser-/Münchener Straße,350,11,7
synthetic_bikesharing,2025-04-08,2025-04-08 09:00:00,2025-04-08 10:00:00,bicycle,*405 F Dornbusch/Am Grünhof,50,0,0
synthetic_bikesharing,2025-04-08,2025-04-08 09:00:00,2025-04-08 10:00:00,bicycle,*405 F Dornbusch/Am Grünhof,100,1,1
synthetic_bikesharing,2025-04-08,2025-04-08 09:00:00,2025-04-08 10:00:00,bicycle,*405 F Dornbusch/Am Grünhof,250,2,1
synthetic_bikesharing,2025-04-08,2025-04-08 09:00:00,2025-04-08 10:00:00,bicycle,*405 F Dornbusch/Am Grünhof,350,2,1
synthetic_e_scooter,2025-04-08,2025-04-08 09:00:00,2025-04-08 10:00:00,e-scooter,*405 F Dornbusch/Am Grünhof,50,1,0
synthetic_e_scooter,2025-04-08,2025-04-08 09:00:00,2025-04-08 10:00:00,e-scooter,*405 F Dornbusch/Am Grünhof,100,1,1
synthetic_e_scooter,2025-04-08,2025-04-08 09:00:00,2025-04-08 10:00:00,e-scooter,*405 F Dornbusch/Am Grünhof,250,2,2
synthetic_e_scooter,2025-04-08,2025-04-08 09:00:00,2025-04-08 10:00:00,e-scooter,*405 F Dornbusch/Am Grünhof,350,3,2
synthetic_bikesharing,2025-04-08,2025-04-08 09:00:00,2025-04-08 10:00:00,bicycle,F Francois-Mitterrand-Platz,50,0,1
synthetic_bikesharing,2025-04-08,2025-04-08 09:00:00,2025-04-08 10:00:00,bicycle,F Francois-Mitterrand-Platz,100,0,1
synthetic_bikesharing,2025-04-08,2025-04-08 09:00:00,2025-04-08 10:00:00,bicycle,F Francois-Mitterrand-Platz,250,1,2
synthetic_bikesharing,2025-04-08,2025-04-08 09:00:00,2025-04-08 10:00:00,bicycle,F Francois-Mitterrand-Platz,350,1,3
synthetic_e_scooter,2025-04-08,2025-04-08 09:00:00,2025-04-08 10:00:00,e-scooter,F Francois-Mitterrand-Platz,50,0,1
synthetic_e_scooter,2025-04-08,2025-04-08 09:00:00,2025-04-08 10:00:00,e-scooter,F Francois-Mitterrand-Platz,100,0,2
synthetic_e_scooter,2025-04-08,2025-04-08 09:00:00,2025-04-08 10:00:00,e-scooter,F Francois-Mitterrand-Platz,250,1,4
synthetic_e_scooter,2025-04-08,2025-04-08 09:00:00,2025-04-08 10:00:00,e-scooter,F Francois-Mitterrand-Platz,350,2,9
synthetic_bikesharing,2025-04-08,2025-04-08 09:00:00,2025-04-08 10:00:00,bicycle,F Miquel-/Adickesallee,50,0,1
synthetic_bikesharing,2025-04-08,2025-04-08 09:00:00,2025-04-08 10:00:00,bicycle,F Miquel-/Adickesallee,100,1,3
synthetic_bikesharing,2025-04-08,2025-04-08 09:00:00,2025-04-08 10:00:00,bicycle,F Miquel-/Adickesallee,250,4,9
synthetic_bikesharing,2025-04-08,2025-04-08 09:00:00,2025-04-08 10:00:00,bicycle,F Miquel-/Adickesallee,350,8,9
synthetic_e_scooter,2025-04-08,2025-04-08 09:00:00,2025-04-08 10:00:00,e-scooter,F Miquel-/Adickesallee,50,0,0
synthetic_e_scooter,2025-04-08,2025-04-08 09:00:00,2025-04-08 10:00:00,e-scooter,F Miquel-/Adickesallee,100,2,0
synthetic_e_scooter,2025-04-08,2025-04-08 09:00:00,2025-04-08 10:00:00,e-scooter,F Miquel-/Adickesallee,250,6,2
synthetic_e_scooter,2025-04-08,2025-04-08 09:00:00,2025-04-08 10:00:00,e-scooter,F Miquel-/Adickesallee,350,8,2
synthetic_bikesharing,2025-04-08,2025-04-08 09:00:00,2025-04-08 10:00:00,bicycle,F Plieningerstraße,50,0,1
synthetic_bikesharing,2025-04-08,2025-04-08 09:00:00,2025-04-08 10:00:00,bicycle,F Plieningerstraße,100,3,1
synthetic_bikesharing,2025-04-08,2025-04-08 09:00:00,2025-04-08 10:00:00,bicycle,F Plieningerstraße,250,3,4
synthetic_bikesharing,2025-04-08,2025-04-08 09:00:00,2025-04-08 10:00:00,bicycle,F Plieningerstraße,350,3,5
synthetic_e_scooter,2025-04-08,2025-04-08 09:00:00,2025-04-08 10:00:00,e-scooter,F Plieningerstraße,50,0,0
synthetic_e_scooter,2025-04-08,2025-04-08 09:00:00,2025-04-08 10:00:00,e-scooter,F Plieningerstraße,100,0,0
synthetic_e_scooter,2025-04-08,2025-04-08 09:00:00,2025-04-08 10:00:00,e-scooter,F Plieningerstraße,250,0,3
synthetic_e_scooter,2025-04-08,2025-04-08 09:00:00,2025-04-08 10:00:00,e-scooter,F Plieningerstraße,350,1,3
synthetic_bikesharing,2025-04-08,2025-04-08 09:00:00,2025-04-08 10:00:00,bicycle,F Weser-/Münchener Straße,50,1,1
synthetic_bikesharing,2025-04-08,2025-04-08 09:00:00,2025-04-08 10:00:00,bicycle,F Weser-/Münchener Straße,100,2,2
synthetic_bikesharing,2025-04-08,2025-04-08 09:00:00,2025-04-08 10:00:00,bicycle,F Weser-/Münchener Straße,250,4,3
synthetic_bikesharing,2025-04-08,2025-04-08 09:00:00,2025-04-08 10:00:00,bicycle,F Weser-/Münchener Straße,350,5,6
synthetic_e_scooter,2025-04-08,2025-04-08 09:00:00,2025-04-08 10:00:00,e-scooter,F Weser-/Münchener Straße,50,3,0
synthetic_e_scooter,2025-04-08,2025-04-08 09:00:00,2025-04-08 10:00:00,e-scooter,F Weser-/Münchener Straße,100,6,0
synthetic_e_scooter,2025-04-08,2025-04-08 09:00:00,2025-04-08 10:00:00,e-scooter,F Weser-/Münchener Straße,250,9,0
synthetic_e_scooter,2025-04-08,2025-04-08 09:00:00,2025-04-08 10:00:00,e-scooter,F Weser-/Münchener Straße,350,12,1
synthetic_bikesharing,2025-04-08,2025-04-08 10:00:00,2025-04-08 11:00:00,bicycle,*405 F Dornbusch/Am Grünhof,50,0,0
synthetic_bikesharing,2025-04-08,2025-04-08 10:00:00,2025-04-08 11:00:00,bicycle,*405 F Dornbusch/Am Grünhof,100,0,1
synthetic_bikesharing,2025-04-08,2025-04-08 10:00:00,2025-04-08 11:00:00,bicycle,*405 F Dornbusch/Am Grünhof,250,0,2
synthetic_bikesharing,2025-04-08,2025-04-08 10:00:00,2025-04-08 11:00:00,bicycle,*405 F Dornbusch/Am Grünhof,350,2,4
synthetic_e_scooter,2025-04-08,2025-04-08 10:00:00,2025-04-08 11:00:00,e-scooter,*405 F Dornbusch/Am Grünhof,50,0,0
synthetic_e_scooter,2025-04-08,2025-04-08 10:00:00,2025-04-08 11:00:00,e-scooter,*405 F Dornbusch/Am Grünhof,100,2,0
synthetic_e_scooter,2025-04-08,2025-04-08 10:00:00,2025-04-08 11:00:00,e-scooter,*405 F Dornbusch/Am Grünhof,250,4,0
synthetic_e_scooter,2025-04-08,2025-04-08 10:00:00,2025-04-08 11:00:00,e-scooter,*405 F Dornbusch/Am Grünhof,350,4,0
synthetic_bikesharing,2025-04-08,2025-04-08 10:00:00,2025-04-08 11:00:00,bicycle,F Francois-Mitterrand-Platz,50,1,2
synthetic_bikesharing,2025-04-08,2025-04-08 10:00:00,2025-04-08 11:00:00,bicycle,F Francois-Mitterrand-Platz,100,1,2
synthetic_bikesharing,2025-04-08,2025-04-08 10:00:00,2025-04-08 11:00:00,bicycle,F Francois-Mitterrand-Platz,250,3,4
synthetic_bikesharing,2025-04-08,2025-04-08 10:00:00,2025-04-08 11:00:00,bicycle,F Francois-Mitterrand-Platz,350,6,5
synthetic_e_scooter,2025-04-08,2025-04-08 10:00:00,2025-04-08 11:00:00,e-scooter,F Francois-Mitterrand-Platz,50,1,0
synthetic_e_scooter,2025-04-08,2025-04-08 10:00:00,2025-04-08 11:00:00,e-scooter,F Francois-Mitterrand-Platz,100,1,0
synthetic_e_scooter,2025-04-08,2025-04-08 10:00:00,2025-04-08 11:00:00,e-scooter,F Francois-Mitterrand-Platz,250,2,1
synthetic_e_scooter,2025-04-08,2025-04-08 10:00:00,2025-04-08 11:00:00,e-scooter,F Francois-Mitterrand-Platz,350,5,1
synthetic_bikesharing,2025-04-08,2025-04-08 10:00:00,2025-04-08 11:00:00,bicycle,F Miquel-/Adickesallee,50,0,0
synthetic_bikesharing,2025-04-08,2025-04-08 10:00:00,2025-04-08 11:00:00,bicycle,F Miquel-/Adickesallee,100,0,2
synthetic_bikesharing,2025-04-08,2025-04-08 10:00:00,2025-04-08 11:00:00,bicycle,F Miquel-/Adickesallee,250,0,4
synthetic_bikesharing,2025-04-08,2025-04-08 10:00:00,2025-04-08 11:00:00,bicycle,F Miquel-/Adickesallee,350,1,5
synthetic_e_scooter,2025-04-08,2025-04-08 10:00:00,2025-04-08 11:00:00,e-scooter,F Miquel-/Adickesallee,50,2,2
synthetic_e_scooter,2025-04-08,2025-04-08 10:00:00,2025-04-08 11:00:00,e-scooter,F Miquel-/Adickesallee,100,6,4
synthetic_e_scooter,2025-04-08,2025-04-08 10:00:00,2025-04-08 11:00:00,e-scooter,F Miquel-/Adickesallee,250,9,10
synthetic_e_scooter,2025-04-08,2025-04-08 10:00:00,2025-04-08 11:00:00,e-scooter,F Miquel-/Adickesallee,350,11,10
synthetic_bikesharing,2025-04-08,2025-04-08 10:00:00,2025-04-08 11:00:00,bicycle,F Plieningerstraße,50,0,0
synthetic_bikesharing,2025-04-08,2025-04-08 10:00:00,2025-04-08 11:00:00,bicycle,F Plieningerstraße,100,0,0
synthetic_bikesharing,2025-04-08,2025-04-08 10:00:00,2025-04-08 11:00:00,bicycle,F Plieningerstraße,250,0,1
synthetic_bikesharing,2025-04-08,2025-04-08 10:00:00,2025-04-08 11:00:00,bicycle,F Plieningerstraße,350,0,1
synthetic_e_scooter,2025-04-08,2025-04-08 10:00:00,2025-04-08 11:00:00,e-scooter,F Plieningerstraße,50,1,0
synthetic_e_scooter,2025-04-08,2025-04-08 10:00:00,2025-04-08 11:00:00,e-scooter,F Plieningerstraße,100,2,1
synthetic_e_scooter,2025-04-08,2025-04-08 10:00:00,2025-04-08 11:00:00,e-scooter,F Plieningerstraße,250,6,2
synthetic_e_scooter,2025-04-08,2025-04-08 10:00:00,2025-04-08 11:00:00,e-scooter,F Plieningerstraße,350,7,2
synthetic_bikesharing,2025-04-08,2025-04-08 10:00:00,2025-04-08 11:00:00,bicycle,F Weser-/Münchener Straße,50,0,0
synthetic_bikesharing,2025-04-08,2025-04-08 10:00:00,2025-04-08 11:00:00,bicycle,F Weser-/Münchener Straße,100,1,3
synthetic_bikesharing,2025-04-08,2025-04-08 10:00:00,2025-04-08 11:00:00,bicycle,F Weser-/Münchener Straße,250,3,5
synthetic_bikesharing,2025-04-08,2025-04-08 10:00:00,2025-04-08 11:00:00,bicycle,F Weser-/Münchener Straße,350,8,5
synthetic_e_scooter,2025-04-08,2025-04-08 10:00:00,2025-04-08 11:00:00,e-scooter,F Weser-/Münchener Straße,50,4,0
synthetic_e_scooter,2025-04-08,2025-04-08 10:00:00,2025-04-08 11:00:00,e-scooter,F Weser-/Münchener Straße,100,6,1
synthetic_e_scooter,2025-04-08,2025-04-08 10:00:00,2025-04-08 11:00:00,e-scooter,F Weser-/Münchener Straße,250,11,5
synthetic_e_scooter,2025-04-08,2025-04-08 10:00:00,2025-04-08 11:00:00,e-scooter,F Weser-/Münchener Straße,350,13,7
synthetic_bikesharing,2025-04-08,2025-04-08 11:00:00,2025-04-08 12:00:00,bicycle,*405 F Dornbusch/Am Grünhof,50,0,0
synthetic_bikesharing,2025-04-08,2025-04-08 11:00:00,2025-04-08 12:00:00,bicycle,*405 F Dornbusch/Am Grünhof,100,0,2
synthetic_bikesharing,2025-04-08,2025-04-08 11:00:00,2025-04-08 12:00:00,bicycle,*405 F Dornbusch/Am Grünhof,250,0,4
synthetic_bikesharing,2025-04-08,2025-04-08 11:00:00,2025-04-08 12:00:00,bicycle,*405 F Dornbusch/Am Grünhof,350,0,4
synthetic_e_scooter,2025-04-08,2025-04-08 11:00:00,2025-04-08 12:00:00,e-scooter,*405 F Dornbusch/Am Grünhof,50,1,0
synthetic_e_scooter,2025-04-08,2025-04-08 11:00:00,2025-04-08 12:00:00,e-scooter,*405 F Dornbusch/Am Grünhof,100,1,2
synthetic_e_scooter,2025-04-08,2025-04-08 11:00:00,2025-04-08 12:00:00,e-scooter,*405 F Dornbusch/Am Grünhof,250,2,3
synthetic_e_scooter,2025-04-08,2025-04-08 11:00:00,2025-04-08 12:00:00,e-scooter,*405 F Dornbusch/Am Grünhof,350,2,5
synthetic_bikesharing,2025-04-08,2025-04-08 11:00:00,2025-04-08 12:00:00,bicycle,F Francois-Mitterrand-Platz,50,0,1
synthetic_bikesharing,2025-04-08,2025-04-08 11:00:00,2025-04-08 12:00:00,bicycle,F Francois-Mitterrand-Platz,100,1,1
synthetic_bikesharing,2025-04-08,2025-04-08 11:00:00,2025-04-08 12:00:00,bicycle,F Francois-Mitterrand-Platz,250,1,1
synthetic_bikesharing,2025-04-08,2025-04-08 11:00:00,2025-04-08 12:00:00,bicycle,F Francois-Mitterrand-Platz,350,1,2
synthetic_e_scooter,2025-04-08,2025-04-08 11:00:00,2025-04-08 12:00:00,e-scooter,F Francois-Mitterrand-Platz,50,0,0
synthetic_e_scooter,2025-04-08,2025-04-08 11:00:00,2025-04-08 12:00:00,e-scooter,F Francois-Mitterrand-Platz,100,2,1
synthetic_e_scooter,2025-04-08,2025-04-08 11:00:00,2025-04-08 12:00:00,e-scooter,F Francois-Mitterrand-Platz,250,6,3
synthetic_e_scooter,2025-04-08,2025-04-08 11:00:00,2025-04-08 12:00:00,e-scooter,F Francois-Mitterrand-Platz,350,7,6
synthetic_bikesharing,2025-04-08,2025-04-08 11:00:00,2025-04-08 12:00:00,bicycle,F Miquel-/Adickesallee,50,1,1
synthetic_bikesharing,2025-04-08,2025-04-08 11:00:00,2025-04-08 12:00:00,bicycle,F Miquel-/Adickesallee,100,2,2
synthetic_bikesharing,2025-04-08,2025-04-08 11:00:00,2025-04-08 12:00:00,bicycle,F Miquel-/Adickesallee,250,3,4
synthetic_bikesharing,2025-04-08,2025-04-08 11:00:00,2025-04-08 12:00:00,bicycle,F Miquel-/Adickesallee,350,4,6
synthetic_e_scooter,2025-04-08,2025-04-08 11:00:00,2025-04-08 12:00:00,e-scooter,F Miquel-/Adickesallee,50,0,1
synthetic_e_scooter,2025-04-08,2025-04-08 11:00:00,2025-04-08 12:00:00,e-scooter,F Miquel-/Adickesallee,100,3,5
synthetic_e_scooter,2025-04-08,2025-04-08 11:00:00,2025-04-08 12:00:00,e-scooter,F Miquel-/Adickesallee,250,5,10
synthetic_e_scooter,2025-04-08,2025-04-08 11:00:00,2025-04-08 12:00:00,e-scooter,F Miquel-/Adickesallee,350,7,13
synthetic_bikesharing,2025-04-08,2025-04-08 11:00:00,2025-04-08 12:00:00,bicycle,F Plieningerstraße,50,0,0
synthetic_bikesharing,2025-04-08,2025-04-08 11:00:00,2025-04-08 12:00:00,bicycle,F Plieningerstraße,100,0,2
synthetic_bikesharing,2025-04-08,2025-04-08 11:00:00,2025-04-08 12:00:00,bicycle,F Plieningerstraße,250,0,3
synthetic_bikesharing,2025-04-08,2025-04-08 11:00:00,2025-04-08 12:00:00,bicycle,F Plieningerstraße,350,0,4
synthetic_e_scooter,2025-04-08,2025-04-08 11:00:00,2025-04-08 12:00:00,e-scooter,F Plieningerstraße,50,1,1
synthetic_e_scooter,2025-04-08,2025-04-08 11:00:00,2025-04-08 12:00:00,e-scooter,F Plieningerstraße,100,2,1
synthetic_e_scooter,2025-04-08,2025-04-08 11:00:00,2025-04-08 12:00:00,e-scooter,F Plieningerstraße,250,3,4
synthetic_e_scooter,2025-04-08,2025-04-08 11:00:00,2025-04-08 12:00:00,e-scooter,F Plieningerstraße,350,7,4
synthetic_bikesharing,2025-04-08,2025-04-08 11:00:00,2025-04-08 12:00:00,bicycle,F Weser-/Münchener Straße,50,0,0
synthetic_bikesharing,2025-04-08,2025-04-08 11:00:00,2025-04-08 12:00:00,bicycle,F Weser-/Münchener Straße,100,1,0
synthetic_bikesharing,2025-04-08,2025-04-08 11:00:00,2025-04-08 12:00:00,bicycle,F Weser-/Münchener Straße,250,3,4
synthetic_bikesharing,2025-04-08,2025-04-08 11:00:00,2025-04-08 12:00:00,bicycle,F Weser-/Münchener Straße,350,4,5
synthetic_e_scooter,2025-04-08,2025-04-08 11:00:00,2025-04-08 12:00:00,e-scooter,F Weser-/Münchener Straße,50,1,1
synthetic_e_scooter,2025-04-08,2025-04-08 11:00:00,2025-04-08 12:00:00,e-scooter,F Weser-/Münchener Straße,100,1,4
synthetic_e_scooter,2025-04-08,2025-04-08 11:00:00,2025-04-08 12:00:00,e-scooter,F Weser-/Münchener Straße,250,6,8
synthetic_e_scooter,2025-04-08,2025-04-08 11:00:00,2025-04-08 12:00:00,e-scooter,F Weser-/Münchener Straße,350,10,12
synthetic_bikesharing,2025-04-08,2025-04-08 12:00:00,2025-04-08 13:00:00,bicycle,*405 F Dornbusch/Am Grünhof,50,1,1
synthetic_bikesharing,2025-04-08,2025-04-08 12:00:00,2025-04-08 13:00:00,bicycle,*405 F Dornbusch/Am Grünhof,100,2,2
synthetic_bikesharing,2025-04-08,2025-04-08 12:00:00,2025-04-08 13:00:00,bicycle,*405 F Dornbusch/Am Grünhof,250,3,3
synthetic_bikesharing,2025-04-08,2025-04-08 12:00:00,2025-04-08 13:00:00,bicycle,*405 F Dornbusch/Am Grünhof,350,6,3
synthetic_e_scooter,2025-04-08,2025-04-08 12:00:00,2025-04-08 13:00:00,e-scooter,*405 F Dornbusch/Am Grünhof,50,1,2
synthetic_e_scooter,2025-04-08,2025-04-08 12:00:00,2025-04-08 13:00:00,e-scooter,*405 F Dornbusch/Am Grünhof,100,2,3
synthetic_e_scooter,2025-04-08,2025-04-08 12:00:00,2025-04-08 13:00:00,e-scooter,*405 F Dornbusch/Am Grünhof,250,9,4
synthetic_e_scooter,2025-04-08,2025-04-08 12:00:00,2025-04-08 13:00:00,e-scooter,*405 F Dornbusch/Am Grünhof,350,10,8
synthetic_bikesharing,2025-04-08,2025-04-08 12:00:00,2025-04-08 13:00:00,bicycle,F Francois-Mitterrand-Platz,50,0,1
synthetic_bikesharing,2025-04-08,2025-04-08 12:00:00,2025-04-08 13:00:00,bicycle,F Francois-Mitterrand-Platz,100,0,1
synthetic_bikesharing,2025-04-08,2025-04-08 12:00:00,2025-04-08 13:00:00,bicycle,F Francois-Mitterrand-Platz,250,3,5
synthetic_bikesharing,2025-04-08,2025-04-08 12:00:00,2025-04-08 13:00:00,bicycle,F Francois-Mitterrand-Platz,350,5,6
synthetic_e_scooter,2025-04-08,2025-04-08 12:00:00,2025-04-08 13:00:00,e-scooter,F Francois-Mitterrand-Platz,50,1,0
synthetic_e_scooter,2025-04-08,2025-04-08 12:00:00,2025-04-08 13:00:00,e-scooter,F Francois-Mitterrand-Platz,100,1,3
synthetic_e_scooter,2025-04-08,2025-04-08 12:00:00,2025-04-08 13:00:00,e-scooter,F Francois-Mitterrand-Platz,250,4,8
synthetic_e_scooter,2025-04-08,2025-04-08 12:00:00,2025-04-08 13:00:00,e-scooter,F Francois-Mitterrand-Platz,350,7,9
synthetic_bikesharing,2025-04-08,2025-04-08 12:00:00,2025-04-08 13:00:00,bicycle,F Miquel-/Adickesallee,50,0,2
synthetic_bikesharing,2025-04-08,2025-04-08 12:00:00,2025-04-08 13:00:00,bicycle,F Miquel-/Adickesallee,100,0,2
synthetic_bikesharing,2025-04-08,2025-04-08 12:00:00,2025-04-08 13:00:00,bicycle,F Miquel-/Adickesallee,250,1,2
synthetic_bikesharing,2025-04-08,2025-04-08 12:00:00,2025-04-08 13:00:00,bicycle,F Miquel-/Adickesallee,350,3,2
synthetic_e_scooter,2025-04-08,2025-04-08 12:00:00,2025-04-08 13:00:00,e-scooter,F Miquel-/Adickesallee,50,0,0
synthetic_e_scooter,2025-04-08,2025-04-08 12:00:00,2025-04-08 13:00:00,e-scooter,F Miquel-/Adickesallee,100,1,2
synthetic_e_scooter,2025-04-08,2025-04-08 12:00:00,2025-04-08 13:00:00,e-scooter,F Miquel-/Adickesallee,250,5,15
synthetic_e_scooter,2025-04-08,2025-04-08 12:00:00,2025-04-08 13:00:00,e-scooter,F Miquel-/Adickesallee,350,7,19
synthetic_bikesharing,2025-04-08,2025-04-08 12:00:00,2025-04-08 13:00:00,bicycle,F Plieningerstraße,50,0,0
synthetic_bikesharing,2025-04-08,2025-04-08 12:00:00,2025-04-08 13:00:00,bicycle,F Plieningerstraße,100,0,0
synthetic_bikesharing,2025-04-08,2025-04-08 12:00:00,2025-04-08 13:00:00,bicycle,F Plieningerstraße,250,0,1
synthetic_bikesharing,2025-04-08,2025-04-08 12:00:00,2025-04-08 13:00:00,bicycle,F Plieningerstraße,350,1,2
synthetic_e_scooter,2025-04-08,2025-04-08 12:00:00,2025-04-08 13:00:00,e-scooter,F Plieningerstraße,50,0,0
synthetic_e_scooter,2025-04-08,2025-04-08 12:00:00,2025-04-08 13:00:00,e-scooter,F Plieningerstraße,100,0,1
synthetic_e_scooter,2025-04-08,2025-04-08 12:00:00,2025-04-08 13:00:00,e-scooter,F Plieningerstraße,250,1,3
synthetic_e_scooter,2025-04-08,2025-04-08 12:00:00,2025-04-08 13:00:00,e-scooter,F Plieningerstraße,350,1,5
synthetic_bikesharing,2025-04-08,2025-04-08 12:00:00,2025-04-08 13:00:00,bicycle,F Weser-/Münchener Straße,50,3,0
synthetic_bikesharing,2025-04-08,2025-04-08 12:00:00,2025-04-08 13:00:00,bicycle,F Weser-/Münchener Straße,100,5,1
synthetic_bikesharing,2025-04-08,2025-04-08 12:00:00,2025-04-08 13:00:00,bicycle,F Weser-/Münchener Straße,250,8,3
synthetic_bikesharing,2025-04-08,2025-04-08 12:00:00,2025-04-08 13:00:00,bicycle,F Weser-/Münchener Straße,350,12,4
synthetic_e_scooter,2025-04-08,2025-04-08 12:00:00,2025-04-08 13:00:00,e-scooter,F Weser-/Münchener Straße,50,1,0
synthetic_e_scooter,2025-04-08,2025-04-08 12:00:00,2025-04-08 13:00:00,e-scooter,F Weser-/Münchener Straße,100,3,1
synthetic_e_scooter,2025-04-08,2025-04-08 12:00:00,2025-04-08 13:00:00,e-scooter,F Weser-/Münchener Straße,250,5,3
synthetic_e_scooter,2025-04-08,2025-04-08 12:00:00,2025-04-08 13:00:00,e-scooter,F Weser-/Münchener Straße,350,6,4
synthetic_bikesharing,2025-04-08,2025-04-08 13:00:00,2025-04-08 14:00:00,bicycle,*405 F Dornbusch/Am Grünhof,50,1,1
synthetic_bikesharing,2025-04-08,2025-04-08 13:00:00,2025-04-08 14:00:00,bicycle,*405 F Dornbusch/Am Grünhof,100,2,1
synthetic_bikesharing,2025-04-08,2025-04-08 13:00:00,2025-04-08 14:00:00,bicycle,*405 F Dornbusch/Am Grünhof,250,2,2
synthetic_bikesharing,2025-04-08,2025-04-08 13:00:00,2025-04-08 14:00:00,bicycle,*405 F Dornbusch/Am Grünhof,350,3,2
synthetic_e_scooter,2025-04-08,2025-04-08 13:00:00,2025-04-08 14:00:00,e-scooter,*405 F Dornbusch/Am Grünhof,50,1,0
synthetic_e_scooter,2025-04-08,2025-04-08 13:00:00,2025-04-08 14:00:00,e-scooter,*405 F Dornbusch/Am Grünhof,100,2,2
synthetic_e_scooter,2025-04-08,2025-04-08 13:00:00,2025-04-08 14:00:00,e-scooter,*405 F Dornbusch/Am Grünhof,250,5,2
synthetic_e_scooter,2025-04-08,2025-04-08 13:00:00,2025-04-08 14:00:00,e-scooter,*405 F Dornbusch/Am Grünhof,350,5,2
synthetic_bikesharing,2025-04-08,2025-04-08 13:00:00,2025-04-08 14:00:00,bicycle,F Francois-Mitterrand-Platz,50,1,0
synthetic_bikesharing,2025-04-08,2025-04-08 13:00:00,2025-04-08 14:00:00,bicycle,F Francois-Mitterrand-Platz,100,1,0
synthetic_bikesharing,2025-04-08,2025-04-08 13:00:00,2025-04-08 14:00:00,bicycle,F Francois-Mitterrand-Platz,250,2,0
synthetic_bikesharing,2025-04-08,2025-04-08 13:00:00,2025-04-08 14:00:00,bicycle,F Francois-Mitterrand-Platz,350,5,0
synthetic_e_scooter,2025-04-08,2025-04-08 13:00:00,2025-04-08 14:00:00,e-scooter,F Francois-Mitterrand-Platz,50,2,0
synthetic_e_scooter,2025-04-08,2025-04-08 13:00:00,2025-04-08 14:00:00,e-scooter,F Francois-Mitterrand-Platz,100,2,1
synthetic_e_scooter,2025-04-08,2025-04-08 13:00:00,2025-04-08 14:00:00,e-scooter,F Francois-Mitterrand-Platz,250,6,5
synthetic_e_scooter,2025-04-08,2025-04-08 13:00:00,2025-04-08 14:00:00,e-scooter,F Francois-Mitterrand-Platz,350,9,7
synthetic_bikesharing,2025-04-08,2025-04-08 13:00:00,2025-04-08 14:00:00,bicycle,F Miquel-/Adickesallee,50,0,0
synthetic_bikesharing,2025-04-08,2025-04-08 13:00:00,2025-04-08 14:00:00,bicycle,F Miquel-/Adickesallee,100,1,0
synthetic_bikesharing,2025-04-08,2025-04-08 13:00:00,2025-04-08 14:00:00,bicycle,F Miquel-/Adickesallee,250,2,4
synthetic_bikesharing,2025-04-08,2025-04-08 13:00:00,2025-04-08 14:00:00,bicycle,F Miquel-/Adickesallee,350,2,6
synthetic_e_scooter,2025-04-08,2025-04-08 13:00:00,2025-04-08 14:00:00,e-scooter,F Miquel-/Adickesallee,50,1,3
synthetic_e_scooter,2025-04-08,2025-04-08 13:00:00,2025-04-08 14:00:00,e-scooter,F Miquel-/Adickesallee,100,1,5
synthetic_e_scooter,2025-04-08,2025-04-08 13:00:00,2025-04-08 14:00:00,e-scooter,F Miquel-/Adickesallee,250,2,7
synthetic_e_scooter,2025-04-08,2025-04-08 13:00:00,2025-04-08 14:00:00,e-scooter,F Miquel-/Adickesallee,350,6,8
synthetic_bikesharing,2025-04-08,2025-04-08 13:00:00,2025-04-08 14:00:00,bicycle,F Plieningerstraße,50,1,0
synthetic_bikesharing,2025-04-08,2025-04-08 13:00:00,2025-04-08 14:00:00,bicycle,F Plieningerstraße,100,1,1
synthetic_bikesharing,2025-04-08,2025-04-08 13:00:00,2025-04-08 14:00:00,bicycle,F Plieningerstraße,250,2,3
synthetic_bikesharing,2025-04-08,2025-04-08 13:00:00,2025-04-08 14:00:00,bicycle,F Plieningerstraße,350,2,4
synthetic_e_scooter,2025-04-08,2025-04-08 13:00:00,2025-04-08 14:00:00,e-scooter,F Plieningerstraße,50,0,0
synthetic_e_scooter,2025-04-08,2025-04-08 13:00:00,2025-04-08 14:00:00,e-scooter,F Plieningerstraße,100,0,0
synthetic_e_scooter,2025-04-08,2025-04-08 13:00:00,2025-04-08 14:00:00,e-scooter,F Plieningerstraße,250,0,2
synthetic_e_scooter,2025-04-08,2025-04-08 13:00:00,2025-04-08 14:00:00,e-scooter,F Plieningerstraße,350,1,3
synthetic_bikesharing,2025-04-08,2025-04-08 13:00:00,2025-04-08 14:00:00,bicycle,F Weser-/Münchener Straße,50,3,1
synthetic_bikesharing,2025-04-08,2025-04-08 13:00:00,2025-04-08 14:00:00,bicycle,F Weser-/Münchener Straße,100,4,1
synthetic_bikesharing,2025-04-08,2025-04-08 13:00:00,2025-04-08 14:00:00,bicycle,F Weser-/Münchener Straße,250,7,2
synthetic_bikesharing,2025-04-08,2025-04-08 13:00:00,2025-04-08 14:00:00,bicycle,F Weser-/Münchener Straße,350,10,7
synthetic_e_scooter,2025-04-08,2025-04-08 13:00:00,2025-04-08 14:00:00,e-scooter,F Weser-/Münchener Straße,50,0,3
synthetic_e_scooter,2025-04-08,2025-04-08 13:00:00,2025-04-08 14:00:00,e-scooter,F Weser-/Münchener Straße,100,1,6
synthetic_e_scooter,2025-04-08,2025-04-08 13:00:00,2025-04-08 14:00:00,e-scooter,F Weser-/Münchener Straße,250,7,13
synthetic_e_scooter,2025-04-08,2025-04-08 13:00:00,2025-04-08 14:00:00,e-scooter,F Weser-/Münchener Straße,350,10,15
synthetic_bikesharing,2025-04-08,2025-04-08 14:00:00,2025-04-08 15:00:00,bicycle,*405 F Dornbusch/Am Grünhof,50,0,0
synthetic_bikesharing,2025-04-08,2025-04-08 14:00:00,2025-04-08 15:00:00,bicycle,*405 F Dornbusch/Am Grünhof,100,1,1
synthetic_bikesharing,2025-04-08,2025-04-08 14:00:00,2025-04-08 15:00:00,bicycle,*405 F Dornbusch/Am Grünhof,250,4,2
synthetic_bikesharing,2025-04-08,2025-04-08 14:00:00,2025-04-08 15:00:00,bicycle,*405 F Dornbusch/Am Grünhof,350,5,4
synthetic_e_scooter,2025-04-08,2025-04-08 14:00:00,2025-04-08 15:00:00,e-scooter,*405 F Dornbusch/Am Grünhof,50,0,1
synthetic_e_scooter,2025-04-08,2025-04-08 14:00:00,2025-04-08 15:00:00,e-scooter,*405 F Dornbusch/Am Grünhof,100,1,1
synthetic_e_scooter,2025-04-08,2025-04-08 14:00:00,2025-04-08 15:00:00,e-scooter,*405 F Dornbusch/Am Grünhof,250,2,8
synthetic_e_scooter,2025-04-08,2025-04-08 14:00:00,2025-04-08 15:00:00,e-scooter,*405 F Dornbusch/Am Grünhof,350,4,9
synthetic_bikesharing,2025-04-08,2025-04-08 14:00:00,2025-04-08 15:00:00,bicycle,F Francois-Mitterrand-Platz,50,1,0
synthetic_bikesharing,2025-04-08,2025-04-08 14:00:00,2025-04-08 15:00:00,bicycle,F Francois-Mitterrand-Platz,100,3,0
synthetic_bikesharing,2025-04-08,2025-04-08 14:00:00,2025-04-08 15:00:00,bicycle,F Francois-Mitterrand-Platz,250,5,1
synthetic_bikesharing,2025-04-08,2025-04-08 14:00:00,2025-04-08 15:00:00,bicycle,F Francois-Mitterrand-Platz,350,5,2
synthetic_e_scooter,2025-04-08,2025-04-08 14:00:00,2025-04-08 15:00:00,e-scooter,F Francois-Mitterrand-Platz,50,1,1
synthetic_e_scooter,2025-04-08,2025-04-08 14:00:00,2025-04-08 15:00:00,e-scooter,F Francois-Mitterrand-Platz,100,1,1
synthetic_e_scooter,2025-04-08,2025-04-08 14:00:00,2025-04-08 15:00:00,e-scooter,F Francois-Mitterrand-Platz,250,2,3
synthetic_e_scooter,2025-04-08,2025-04-08 14:00:00,2025-04-08 15:00:00,e-scooter,F Francois-Mitterrand-Platz,350,5,5
synthetic_bikesharing,2025-04-08,2025-04-08 14:00:00,2025-04-08 15:00:00,bicycle,F Miquel-/Adickesallee,50,3,1
synthetic_bikesharing,2025-04-08,2025-04-08 14:00:00,2025-04-08 15:00:00,bicycle,F Miquel-/Adickesallee,100,6,3
synthetic_bikesharing,2025-04-08,2025-04-08 14:00:00,2025-04-08 15:00:00,bicycle,F Miquel-/Adickesallee,250,7,8
synthetic_bikesharing,2025-04-08,2025-04-08 14:00:00,2025-04-08 15:00:00,bicycle,F Miquel-/Adickesallee,350,9,10
synthetic_e_scooter,2025-04-08,2025-04-08 14:00:00,2025-04-08 15:00:00,e-scooter,F Miquel-/Adickesallee,50,1,0
synthetic_e_scooter,2025-04-08,2025-04-08 14:00:00,2025-04-08 15:00:00,e-scooter,F Miquel-/Adickesallee,100,1,3
synthetic_e_scooter,2025-04-08,2025-04-08 14:00:00,2025-04-08 15:00:00,e-scooter,F Miquel-/Adickesallee,250,2,7
synthetic_e_scooter,2025-04-08,2025-04-08 14:00:00,2025-04-08 15:00:00,e-scooter,F Miquel-/Adickesallee,350,3,9
synthetic_bikesharing,2025-04-08,2025-04-08 14:00:00,2025-04-08 15:00:00,bicycle,F Plieningerstraße,50,0,1
synthetic_bikesharing,2025-04-08,2025-04-08 14:00:00,2025-04-08 15:00:00,bicycle,F Plieningerstraße,100,1,1
synthetic_bikesharing,2025-04-08,2025-04-08 14:00:00,2025-04-08 15:00:00,bicycle,F Plieningerstraße,250,1,1
synthetic_bikesharing,2025-04-08,2025-04-08 14:00:00,2025-04-08 15:00:00,bicycle,F Plieningerstraße,350,2,3
synthetic_e_scooter,2025-04-08,2025-04-08 14:00:00,2025-04-08 15:00:00,e-scooter,F Plieningerstraße,50,1,0
synthetic_e_scooter,2025-04-08,2025-04-08 14:00:00,2025-04-08 15:00:00,e-scooter,F Plieningerstraße,100,2,0
synthetic_e_scooter,2025-04-08,2025-04-08 14:00:00,2025-04-08 15:00:00,e-scooter,F Plieningerstraße,250,2,0
synthetic_e_scooter,2025-04-08,2025-04-08 14:00:00,2025-04-08 15:00:00,e-scooter,F Plieningerstraße,350,3,0
synthetic_bikesharing,2025-04-08,2025-04-08 14:00:00,2025-04-08 15:00:00,bicycle,F Weser-/Münchener Straße,50,0,3
synthetic_bikesharing,2025-04-08,2025-04-08 14:00:00,2025-04-08 15:00:00,bicycle,F Weser-/Münchener Straße,100,0,3
synthetic_bikesharing,2025-04-08,2025-04-08 14:00:00,2025-04-08 15:00:00,bicycle,F Weser-/Münchener Straße,250,2,7
synthetic_bikesharing,2025-04-08,2025-04-08 14:00:00,2025-04-08 15:00:00,bicycle,F Weser-/Münchener Straße,350,4,9
synthetic_e_scooter,2025-04-08,2025-04-08 14:00:00,2025-04-08 15:00:00,e-scooter,F Weser-/Münchener Straße,50,1,0
synthetic_e_scooter,2025-04-08,2025-04-08 14:00:00,2025-04-08 15:00:00,e-scooter,F Weser-/Münchener Straße,100,1,3
synthetic_e_scooter,2025-04-08,2025-04-08 14:00:00,2025-04-08 15:00:00,e-scooter,F Weser-/Münchener Straße,250,6,6
synthetic_e_scooter,2025-04-08,2025-04-08 14:00:00,2025-04-08 15:00:00,e-scooter,F Weser-/Münchener Straße,350,8,9
synthetic_bikesharing,2025-04-08,2025-04-08 15:00:00,2025-04-08 16:00:00,bicycle,*405 F Dornbusch/Am Grünhof,50,0,1
synthetic_bikesharing,2025-04-08,2025-04-08 15:00:00,2025-04-08 16:00:00,bicycle,*405 F Dornbusch/Am Grünhof,100,1,1
synthetic_bikesharing,2025-04-08,2025-04-08 15:00:00,2025-04-08 16:00:00,bicycle,*405 F Dornbusch/Am Grünhof,250,1,3
synthetic_bikesharing,2025-04-08,2025-04-08 15:00:00,2025-04-08 16:00:00,bicycle,*405 F Dornbusch/Am Grünhof,350,4,4
synthetic_e_scooter,2025-04-08,2025-04-08 15:00:00,2025-04-08 16:00:00,e-scooter,*405 F Dornbusch/Am Grünhof,50,0,0
synthetic_e_scooter,2025-04-08,2025-04-08 15:00:00,2025-04-08 16:00:00,e-scooter,*405 F Dornbusch/Am Grünhof,100,1,1
synthetic_e_scooter,2025-04-08,2025-04-08 15:00:00,2025-04-08 16:00:00,e-scooter,*405 F Dornbusch/Am Grünhof,250,3,2
synthetic_e_scooter,2025-04-08,2025-04-08 15:00:00,2025-04-08 16:00:00,e-scooter,*405 F Dornbusch/Am Grünhof,350,4,3
synthetic_bikesharing,2025-04-08,2025-04-08 15:00:00,2025-04-08 16:00:00,bicycle,F Francois-Mitterrand-Platz,50,1,0
synthetic_bikesharing,2025-04-08,2025-04-08 15:00:00,2025-04-08 16:00:00,bicycle,F Francois-Mitterrand-Platz,100,1,1
synthetic_bikesharing,2025-04-08,2025-04-08 15:00:00,2025-04-08 16:00:00,bicycle,F Francois-Mitterrand-Platz,250,2,7
synthetic_bikesharing,2025-04-08,2025-04-08 15:00:00,2025-04-08 16:00:00,bicycle,F Francois-Mitterrand-Platz,350,3,8
synthetic_e_scooter,2025-04-08,2025-04-08 15:00:00,2025-04-08 16:00:00,e-scooter,F Francois-Mitterrand-Platz,50,1,1
synthetic_e_scooter,2025-04-08,2025-04-08 15:00:00,2025-04-08 16:00:00,e-scooter,F Francois-Mitterrand-Platz,100,2,2
synthetic_e_scooter,2025-04-08,2025-04-08 15:00:00,2025-04-08 16:00:00,e-scooter,F Francois-Mitterrand-Platz,250,5,4
synthetic_e_scooter,2025-04-08,2025-04-08 15:00:00,2025-04-08 16:00:00,e-scooter,F Francois-Mitterrand-Platz,350,6,4
synthetic_bikesharing,2025-04-08,2025-04-08 15:00:00,2025-04-08 16:00:00,bicycle,F Miquel-/Adickesallee,50,0,0
synthetic_bikesharing,2025-04-08,2025-04-08 15:00:00,2025-04-08 16:00:00,bicycle,F Miquel-/Adickesallee,100,0,3
synthetic_bikesharing,2025-04-08,2025-04-08 15:00:00,2025-04-08 16:00:00,bicycle,F Miquel-/Adickesallee,250,4,9
synthetic_bikesharing,2025-04-08,2025-04-08 15:00:00,2025-04-08 16:00:00,bicycle,F Miquel-/Adickesallee,350,5,13
synthetic_e_scooter,2025-04-08,2025-04-08 15:00:00,2025-04-08 16:00:00,e-scooter,F Miquel-/Adickesallee,50,4,1
synthetic_e_scooter,2025-04-08,2025-04-08 15:00:00,2025-04-08 16:00:00,e-scooter,F Miquel-/Adickesallee,100,9,2
synthetic_e_scooter,2025-04-08,2025-04-08 15:00:00,2025-04-08 16:00:00,e-scooter,F Miquel-/Adickesallee,250,18,6
synthetic_e_scooter,2025-04-08,2025-04-08 15:00:00,2025-04-08 16:00:00,e-scooter,F Miquel-/Adickesallee,350,24,8
synthetic_bikesharing,2025-04-08,2025-04-08 15:00:00,2025-04-08 16:00:00,bicycle,F Plieningerstraße,50,0,1
synthetic_bikesharing,2025-04-08,2025-04-08 15:00:00,2025-04-08 16:00:00,bicycle,F Plieningerstraße,100,1,1
synthetic_bikesharing,2025-04-08,2025-04-08 15:00:00,2025-04-08 16:00:00,bicycle,F Plieningerstraße,250,2,1
synthetic_bikesharing,2025-04-08,2025-04-08 15:00:00,2025-04-08 16:00:00,bicycle,F Plieningerstraße,350,2,1
synthetic_e_scooter,2025-04-08,2025-04-08 15:00:00,2025-04-08 16:00:00,e-scooter,F Plieningerstraße,50,0,1
synthetic_e_scooter,2025-04-08,2025-04-08 15:00:00,2025-04-08 16:00:00,e-scooter,F Plieningerstraße,100,0,1
synthetic_e_scooter,2025-04-08,2025-04-08 15:00:00,2025-04-08 16:00:00,e-scooter,F Plieningerstraße,250,1,4
synthetic_e_scooter,2025-04-08,2025-04-08 15:00:00,2025-04-08 16:00:00,e-scooter,F Plieningerstraße,350,4,4
synthetic_bikesharing,2025-04-08,2025-04-08 15:00:00,2025-04-08 16:00:00,bicycle,F Weser-/Münchener Straße,50,0,1
synthetic_bikesharing,2025-04-08,2025-04-08 15:00:00,2025-04-08 16:00:00,bicycle,F Weser-/Münchener Straße,100,1,3
synthetic_bikesharing,2025-04-08,2025-04-08 15:00:00,2025-04-08 16:00:00,bicycle,F Weser-/Münchener Straße,250,4,6
synthetic_bikesharing,2025-04-08,2025-04-08 15:00:00,2025-04-08 16:00:00,bicycle,F Weser-/Münchener Straße,350,4,8
synthetic_e_scooter,2025-04-08,2025-04-08 15:00:00,2025-04-08 16:00:00,e-scooter,F Weser-/Münchener Straße,50,4,4
synthetic_e_scooter,2025-04-08,2025-04-08 15:00:00,2025-04-08 16:00:00,e-scooter,F Weser-/Münchener Straße,100,12,8
synthetic_e_scooter,2025-04-08,2025-04-08 15:00:00,2025-04-08 16:00:00,e-scooter,F Weser-/Münchener Straße,250,20,14
synthetic_e_scooter,2025-04-08,2025-04-08 15:00:00,2025-04-08 16:00:00,e-scooter,F Weser-/Münchener Straße,350,26,17
synthetic_bikesharing,2025-04-08,2025-04-08 16:00:00,2025-04-08 17:00:00,bicycle,*405 F Dornbusch/Am Grünhof,50,0,0
synthetic_bikesharing,2025-04-08,2025-04-08 16:00:00,2025-04-08 17:00:00,bicycle,*405 F Dornbusch/Am Grünhof,100,0,4
synthetic_bikesharing,2025-04-08,2025-04-08 16:00:00,2025-04-08 17:00:00,bicycle,*405 F Dornbusch/Am Grünhof,250,2,5
synthetic_bikesharing,2025-04-08,2025-04-08 16:00:00,2025-04-08 17:00:00,bicycle,*405 F Dornbusch/Am Grünhof,350,2,8
synthetic_e_scooter,2025-04-08,2025-04-08 16:00:00,2025-04-08 17:00:00,e-scooter,*405 F Dornbusch/Am Grünhof,50,0,2
synthetic_e_scooter,2025-04-08,2025-04-08 16:00:00,2025-04-08 17:00:00,e-scooter,*405 F Dornbusch/Am Grünhof,100,2,5
synthetic_e_scooter,2025-04-08,2025-04-08 16:00:00,2025-04-08 17:00:00,e-scooter,*405 F Dornbusch/Am Grünhof,250,4,12
synthetic_e_scooter,2025-04-08,2025-04-08 16:00:00,2025-04-08 17:00:00,e-scooter,*405 F Dornbusch/Am Grünhof,350,4,15
synthetic_bikesharing,2025-04-08,2025-04-08 16:00:00,2025-04-08 17:00:00,bicycle,F Francois-Mitterrand-Platz,50,2,1
synthetic_bikesharing,2025-04-08,2025-04-08 16:00:00,2025-04-08 17:00:00,bicycle,F Francois-Mitterrand-Platz,100,3,1
synthetic_bikesharing,2025-04-08,2025-04-08 16:00:00,2025-04-08 17:00:00,bicycle,F Francois-Mitterrand-Platz,250,9,2
synthetic_bikesharing,2025-04-08,2025-04-08 16:00:00,2025-04-08 17:00:00,bicycle,F Francois-Mitterrand-Platz,350,12,2
synthetic_e_scooter,2025-04-08,2025-04-08 16:00:00,2025-04-08 17:00:00,e-scooter,F Francois-Mitterrand-Platz,50,3,1
synthetic_e_scooter,2025-04-08,2025-04-08 16:00:00,2025-04-08 17:00:00,e-scooter,F Francois-Mitterrand-Platz,100,8,4
synthetic_e_scooter,2025-04-08,2025-04-08 16:00:00,2025-04-08 17:00:00,e-scooter,F Francois-Mitterrand-Platz,250,14,8
synthetic_e_scooter,2025-04-08,2025-04-08 16:00:00,2025-04-08 17:00:00,e-scooter,F Francois-Mitterrand-Platz,350,17,8
synthetic_bikesharing,2025-04-08,2025-04-08 16:00:00,2025-04-08 17:00:00,bicycle,F Miquel-/Adickesallee,50,1,0
synthetic_bikesharing,2025-04-08,2025-04-08 16:00:00,2025-04-08 17:00:00,bicycle,F Miquel-/Adickesallee,100,3,3
synthetic_bikesharing,2025-04-08,2025-04-08 16:00:00,2025-04-08 17:00:00,bicycle,F Miquel-/Adickesallee,250,5,7
synthetic_bikesharing,2025-04-08,2025-04-08 16:00:00,2025-04-08 17:00:00,bicycle,F Miquel-/Adickesallee,350,9,10
synthetic_e_scooter,2025-04-08,2025-04-08 16:00:00,2025-04-08 17:00:00,e-scooter,F Miquel-/Adickesallee,50,2,3
synthetic_e_scooter,2025-04-08,2025-04-08 16:00:00,2025-04-08 17:00:00,e-scooter,F Miquel-/Adickesallee,100,4,6
synthetic_e_scooter,2025-04-08,2025-04-08 16:00:00,2025-04-08 17:00:00,e-scooter,F Miquel-/Adickesallee,250,8,19
synthetic_e_scooter,2025-04-08,2025-04-08 16:00:00,2025-04-08 17:00:00,e-scooter,F Miquel-/Adickesallee,350,11,24
synthetic_bikesharing,2025-04-08,2025-04-08 16:00:00,2025-04-08 17:00:00,bicycle,F Plieningerstraße,50,0,1
synthetic_bikesharing,2025-04-08,2025-04-08 16:00:00,2025-04-08 17:00:00,bicycle,F Plieningerstraße,100,2,1
synthetic_bikesharing,2025-04-08,2025-04-08 16:00:00,2025-04-08 17:00:00,bicycle,F Plieningerstraße,250,4,1
synthetic_bikesharing,2025-04-08,2025-04-08 16:00:00,2025-04-08 17:00:00,bicycle,F Plieningerstraße,350,7,3
synthetic_e_scooter,2025-04-08,2025-04-08 16:00:00,2025-04-08 17:00:00,e-scooter,F Plieningerstraße,50,1,0
synthetic_e_scooter,2025-04-08,2025-04-08 16:00:00,2025-04-08 17:00:00,e-scooter,F Plieningerstraße,100,2,0
synthetic_e_scooter,2025-04-08,2025-04-08 16:00:00,2025-04-08 17:00:00,e-scooter,F Plieningerstraße,250,5,1
synthetic_e_scooter,2025-04-08,2025-04-08 16:00:00,2025-04-08 17:00:00,e-scooter,F Plieningerstraße,350,7,3
synthetic_bikesharing,2025-04-08,2025-04-08 16:00:00,2025-04-08 17:00:00,bicycle,F Weser-/Münchener Straße,50,2,4
synthetic_bikesharing,2025-04-08,2025-04-08 16:00:00,2025-04-08 17:00:00,bicycle,F Weser-/Münchener Straße,100,7,7
synthetic_bikesharing,2025-04-08,2025-04-08 16:00:00,2025-04-08 17:00:00,bicycle,F Weser-/Münchener Straße,250,11,12
synthetic_bikesharing,2025-04-08,2025-04-08 16:00:00,2025-04-08 17:00:00,bicycle,F Weser-/Münchener Straße,350,14,20
synthetic_e_scooter,2025-04-08,2025-04-08 16:00:00,2025-04-08 17:00:00,e-scooter,F Weser-/Münchener Straße,50,3,2
synthetic_e_scooter,2025-04-08,2025-04-08 16:00:00,2025-04-08 17:00:00,e-scooter,F Weser-/Münchener Straße,100,7,14
synthetic_e_scooter,2025-04-08,2025-04-08 16:00:00,2025-04-08 17:00:00,e-scooter,F Weser-/Münchener Straße,250,17,31
synthetic_e_scooter,2025-04-08,2025-04-08 16:00:00,2025-04-08 17:00:00,e-scooter,F Weser-/Münchener Straße,350,23,42
synthetic_bikesharing,2025-04-08,2025-04-08 17:00:00,2025-04-08 18:00:00,bicycle,*405 F Dornbusch/Am Grünhof,50,0,2
synthetic_bikesharing,2025-04-08,2025-04-08 17:00:00,2025-04-08 18:00:00,bicycle,*405 F Dornbusch/Am Grünhof,100,0,4
synthetic_bikesharing,2025-04-08,2025-04-08 17:00:00,2025-04-08 18:00:00,bicycle,*405 F Dornbusch/Am Grünhof,250,1,8
synthetic_bikesharing,2025-04-08,2025-04-08 17:00:00,2025-04-08 18:00:00,bicycle,*405 F Dornbusch/Am Grünhof,350,1,10
synthetic_e_scooter,2025-04-08,2025-04-08 17:00:00,2025-04-08 18:00:00,e-scooter,*405 F Dornbusch/Am Grünhof,50,1,1
synthetic_e_scooter,2025-04-08,2025-04-08 17:00:00,2025-04-08 18:00:00,e-scooter,*405 F Dornbusch/Am Grünhof,100,3,3
synthetic_e_scooter,2025-04-08,2025-04-08 17:00:00,2025-04-08 18:00:00,e-scooter,*405 F Dornbusch/Am Grünhof,250,6,10
synthetic_e_scooter,2025-04-08,2025-04-08 17:00:00,2025-04-08 18:00:00,e-scooter,*405 F Dornbusch/Am Grünhof,350,6,12
synthetic_bikesharing,2025-04-08,2025-04-08 17:00:00,2025-04-08 18:00:00,bicycle,F Francois-Mitterrand-Platz,50,1,0
synthetic_bikesharing,2025-04-08,2025-04-08 17:00:00,2025-04-08 18:00:00,bicycle,F Francois-Mitterrand-Platz,100,5,1
synthetic_bikesharing,2025-04-08,2025-04-08 17:00:00,2025-04-08 18:00:00,bicycle,F Francois-Mitterrand-Platz,250,13,2
synthetic_bikesharing,2025-04-08,2025-04-08 17:00:00,2025-04-08 18:00:00,bicycle,F Francois-Mitterrand-Platz,350,17,2
synthetic_e_scooter,2025-04-08,2025-04-08 17:00:00,2025-04-08 18:00:00,e-scooter,F Francois-Mitterrand-Platz,50,1,2
synthetic_e_scooter,2025-04-08,2025-04-08 17:00:00,2025-04-08 18:00:00,e-scooter,F Francois-Mitterrand-Platz,100,2,2
synthetic_e_scooter,2025-04-08,2025-04-08 17:00:00,2025-04-08 18:00:00,e-scooter,F Francois-Mitterrand-Platz,250,7,5
synthetic_e_scooter,2025-04-08,2025-04-08 17:00:00,2025-04-08 18:00:00,e-scooter,F Francois-Mitterrand-Platz,350,7,6
synthetic_bikesharing,2025-04-08,2025-04-08 17:00:00,2025-04-08 18:00:00,bicycle,F Miquel-/Adickesallee,50,1,1
synthetic_bikesharing,2025-04-08,2025-04-08 17:00:00,2025-04-08 18:00:00,bicycle,F Miquel-/Adickesallee,100,3,4
synthetic_bikesharing,2025-04-08,2025-04-08 17:00:00,2025-04-08 18:00:00,bicycle,F Miquel-/Adickesallee,250,12,14
synthetic_bikesharing,2025-04-08,2025-04-08 17:00:00,2025-04-08 18:00:00,bicycle,F Miquel-/Adickesallee,350,14,16
synthetic_e_scooter,2025-04-08,2025-04-08 17:00:00,2025-04-08 18:00:00,e-scooter,F Miquel-/Adickesallee,50,2,4
synthetic_e_scooter,2025-04-08,2025-04-08 17:00:00,2025-04-08 18:00:00,e-scooter,F Miquel-/Adickesallee,100,5,7
synthetic_e_scooter,2025-04-08,2025-04-08 17:00:00,2025-04-08 18:00:00,e-scooter,F Miquel-/Adickesallee,250,10,17
synthetic_e_scooter,2025-04-08,2025-04-08 17:00:00,2025-04-08 18:00:00,e-scooter,F Miquel-/Adickesallee,350,11,25
synthetic_bikesharing,2025-04-08,2025-04-08 17:00:00,2025-04-08 18:00:00,bicycle,F Plieningerstraße,50,2,0
synthetic_bikesharing,2025-04-08,2025-04-08 17:00:00,2025-04-08 18:00:00,bicycle,F Plieningerstraße,100,4,2
synthetic_bikesharing,2025-04-08,2025-04-08 17:00:00,2025-04-08 18:00:00,bicycle,F Plieningerstraße,250,7,2
synthetic_bikesharing,2025-04-08,2025-04-08 17:00:00,2025-04-08 18:00:00,bicycle,F Plieningerstraße,350,7,3
synthetic_e_scooter,2025-04-08,2025-04-08 17:00:00,2025-04-08 18:00:00,e-scooter,F Plieningerstraße,50,3,0
synthetic_e_scooter,2025-04-08,2025-04-08 17:00:00,2025-04-08 18:00:00,e-scooter,F Plieningerstraße,100,3,0
synthetic_e_scooter,2025-04-08,2025-04-08 17:00:00,2025-04-08 18:00:00,e-scooter,F Plieningerstraße,250,7,0
synthetic_e_scooter,2025-04-08,2025-04-08 17:00:00,2025-04-08 18:00:00,e-scooter,F Plieningerstraße,350,9,2
synthetic_bikesharing,2025-04-08,2025-04-08 17:00:00,2025-04-08 18:00:00,bicycle,F Weser-/Münchener Straße,50,1,2
synthetic_bikesharing,2025-04-08,2025-04-08 17:00:00,2025-04-08 18:00:00,bicycle,F Weser-/Münchener Straße,100,1,3
synthetic_bikesharing,2025-04-08,2025-04-08 17:00:00,2025-04-08 18:00:00,bicycle,F Weser-/Münchener Straße,250,3,5
synthetic_bikesharing,2025-04-08,2025-04-08 17:00:00,2025-04-08 18:00:00,bicycle,F Weser-/Münchener Straße,350,6,5
synthetic_e_scooter,2025-04-08,2025-04-08 17:00:00,2025-04-08 18:00:00,e-scooter,F Weser-/Münchener Straße,50,2,3
synthetic_e_scooter,2025-04-08,2025-04-08 17:00:00,2025-04-08 18:00:00,e-scooter,F Weser-/Münchener Straße,100,8,11
synthetic_e_scooter,2025-04-08,2025-04-08 17:00:00,2025-04-08 18:00:00,e-scooter,F Weser-/Münchener Straße,250,12,21
synthetic_e_scooter,2025-04-08,2025-04-08 17:00:00,2025-04-08 18:00:00,e-scooter,F Weser-/Münchener Straße,350,15,27
synthetic_bikesharing,2025-04-08,2025-04-08 18:00:00,2025-04-08 19:00:00,bicycle,*405 F Dornbusch/Am Grünhof,50,0,0
synthetic_bikesharing,2025-04-08,2025-04-08 18:00:00,2025-04-08 19:00:00,bicycle,*405 F Dornbusch/Am Grünhof,100,0,1
synthetic_bikesharing,2025-04-08,2025-04-08 18:00:00,2025-04-08 19:00:00,bicycle,*405 F Dornbusch/Am Grünhof,250,3,4
synthetic_bikesharing,2025-04-08,2025-04-08 18:00:00,2025-04-08 19:00:00,bicycle,*405 F Dornbusch/Am Grünhof,350,4,5
synthetic_e_scooter,2025-04-08,2025-04-08 18:00:00,2025-04-08 19:00:00,e-scooter,*405 F Dornbusch/Am Grünhof,50,1,1
synthetic_e_scooter,2025-04-08,2025-04-08 18:00:00,2025-04-08 19:00:00,e-scooter,*405 F Dornbusch/Am Grünhof,100,4,3
synthetic_e_scooter,2025-04-08,2025-04-08 18:00:00,2025-04-08 19:00:00,e-scooter,*405 F Dornbusch/Am Grünhof,250,6,5
synthetic_e_scooter,2025-04-08,2025-04-08 18:00:00,2025-04-08 19:00:00,e-scooter,*405 F Dornbusch/Am Grünhof,350,9,10
synthetic_bikesharing,2025-04-08,2025-04-08 18:00:00,2025-04-08 19:00:00,bicycle,F Francois-Mitterrand-Platz,50,0,1
synthetic_bikesharing,2025-04-08,2025-04-08 18:00:00,2025-04-08 19:00:00,bicycle,F Francois-Mitterrand-Platz,100,1,1
synthetic_bikesharing,2025-04-08,2025-04-08 18:00:00,2025-04-08 19:00:00,bicycle,F Francois-Mitterrand-Platz,250,2,4
synthetic_bikesharing,2025-04-08,2025-04-08 18:00:00,2025-04-08 19:00:00,bicycle,F Francois-Mitterrand-Platz,350,5,4
synthetic_e_scooter,2025-04-08,2025-04-08 18:00:00,2025-04-08 19:00:00,e-scooter,F Francois-Mitterrand-Platz,50,0,2
synthetic_e_scooter,2025-04-08,2025-04-08 18:00:00,2025-04-08 19:00:00,e-scooter,F Francois-Mitterrand-Platz,100,2,2
synthetic_e_scooter,2025-04-08,2025-04-08 18:00:00,2025-04-08 19:00:00,e-scooter,F Francois-Mitterrand-Platz,250,9,3
synthetic_e_scooter,2025-04-08,2025-04-08 18:00:00,2025-04-08 19:00:00,e-scooter,F Francois-Mitterrand-Platz,350,17,4
synthetic_bikesharing,2025-04-08,2025-04-08 18:00:00,2025-04-08 19:00:00,bicycle,F Miquel-/Adickesallee,50,0,1
synthetic_bikesharing,2025-04-08,2025-04-08 18:00:00,2025-04-08 19:00:00,bicycle,F Miquel-/Adickesallee,100,0,2
synthetic_bikesharing,2025-04-08,2025-04-08 18:00:00,2025-04-08 19:00:00,bicycle,F Miquel-/Adickesallee,250,1,8
synthetic_bikesharing,2025-04-08,2025-04-08 18:00:00,2025-04-08 19:00:00,bicycle,F Miquel-/Adickesallee,350,2,16
synthetic_e_scooter,2025-04-08,2025-04-08 18:00:00,2025-04-08 19:00:00,e-scooter,F Miquel-/Adickesallee,50,2,0
synthetic_e_scooter,2025-04-08,2025-04-08 18:00:00,2025-04-08 19:00:00,e-scooter,F Miquel-/Adickesallee,100,4,3
synthetic_e_scooter,2025-04-08,2025-04-08 18:00:00,2025-04-08 19:00:00,e-scooter,F Miquel-/Adickesallee,250,10,9
synthetic_e_scooter,2025-04-08,2025-04-08 18:00:00,2025-04-08 19:00:00,e-scooter,F Miquel-/Adickesallee,350,11,16
synthetic_bikesharing,2025-04-08,2025-04-08 18:00:00,2025-04-08 19:00:00,bicycle,F Plieningerstraße,50,0,0
synthetic_bikesharing,2025-04-08,2025-04-08 18:00:00,2025-04-08 19:00:00,bicycle,F Plieningerstraße,100,0,0
synthetic_bikesharing,2025-04-08,2025-04-08 18:00:00,2025-04-08 19:00:00,bicycle,F Plieningerstraße,250,2,0
synthetic_bikesharing,2025-04-08,2025-04-08 18:00:00,2025-04-08 19:00:00,bicycle,F Plieningerstraße,350,4,0
synthetic_e_scooter,2025-04-08,2025-04-08 18:00:00,2025-04-08 19:00:00,e-scooter,F Plieningerstraße,50,0,0
synthetic_e_scooter,2025-04-08,2025-04-08 18:00:00,2025-04-08 19:00:00,e-scooter,F Plieningerstraße,100,1,0
synthetic_e_scooter,2025-04-08,2025-04-08 18:00:00,2025-04-08 19:00:00,e-scooter,F Plieningerstraße,250,6,1
synthetic_e_scooter,2025-04-08,2025-04-08 18:00:00,2025-04-08 19:00:00,e-scooter,F Plieningerstraße,350,8,2
synthetic_bikesharing,2025-04-08,2025-04-08 18:00:00,2025-04-08 19:00:00,bicycle,F Weser-/Münchener Straße,50,1,0
synthetic_bikesharing,2025-04-08,2025-04-08 18:00:00,2025-04-08 19:00:00,bicycle,F Weser-/Münchener Straße,100,3,1
synthetic_bikesharing,2025-04-08,2025-04-08 18:00:00,2025-04-08 19:00:00,bicycle,F Weser-/Münchener Straße,250,9,7
synthetic_bikesharing,2025-04-08,2025-04-08 18:00:00,2025-04-08 19:00:00,bicycle,F Weser-/Münchener Straße,350,10,12
synthetic_e_scooter,2025-04-08,2025-04-08 18:00:00,2025-04-08 19:00:00,e-scooter,F Weser-/Münchener Straße,50,2,6
synthetic_e_scooter,2025-04-08,2025-04-08 18:00:00,2025-04-08 19:00:00,e-scooter,F Weser-/Münchener Straße,100,5,10
synthetic_e_scooter,2025-04-08,2025-04-08 18:00:00,2025-04-08 19:00:00,e-scooter,F Weser-/Münchener Straße,250,12,16
synthetic_e_scooter,2025-04-08,2025-04-08 18:00:00,2025-04-08 19:00:00,e-scooter,F Weser-/Münchener Straße,350,16,23
synthetic_bikesharing,2025-04-08,2025-04-08 19:00:00,2025-04-08 20:00:00,bicycle,*405 F Dornbusch/Am Grünhof,50,3,0
synthetic_bikesharing,2025-04-08,2025-04-08 19:00:00,2025-04-08 20:00:00,bicycle,*405 F Dornbusch/Am Grünhof,100,3,1
synthetic_bikesharing,2025-04-08,2025-04-08 19:00:00,2025-04-08 20:00:00,bicycle,*405 F Dornbusch/Am Grünhof,250,3,3
synthetic_bikesharing,2025-04-08,2025-04-08 19:00:00,2025-04-08 20:00:00,bicycle,*405 F Dornbusch/Am Grünhof,350,3,4
synthetic_e_scooter,2025-04-08,2025-04-08 19:00:00,2025-04-08 20:00:00,e-scooter,*405 F Dornbusch/Am Grünhof,50,1,0
synthetic_e_scooter,2025-04-08,2025-04-08 19:00:00,2025-04-08 20:00:00,e-scooter,*405 F Dornbusch/Am Grünhof,100,3,3
synthetic_e_scooter,2025-04-08,2025-04-08 19:00:00,2025-04-08 20:00:00,e-scooter,*405 F Dornbusch/Am Grünhof,250,6,6
synthetic_e_scooter,2025-04-08,2025-04-08 19:00:00,2025-04-08 20:00:00,e-scooter,*405 F Dornbusch/Am Grünhof,350,6,13
synthetic_bikesharing,2025-04-08,2025-04-08 19:00:00,2025-04-08 20:00:00,bicycle,F Francois-Mitterrand-Platz,50,0,1
synthetic_bikesharing,2025-04-08,2025-04-08 19:00:00,2025-04-08 20:00:00,bicycle,F Francois-Mitterrand-Platz,100,0,1
synthetic_bikesharing,2025-04-08,2025-04-08 19:00:00,2025-04-08 20:00:00,bicycle,F Francois-Mitterrand-Platz,250,1,3
synthetic_bikesharing,2025-04-08,2025-04-08 19:00:00,2025-04-08 20:00:00,bicycle,F Francois-Mitterrand-Platz,350,1,3
synthetic_e_scooter,2025-04-08,2025-04-08 19:00:00,2025-04-08 20:00:00,e-scooter,F Francois-Mitterrand-Platz,50,1,0
synthetic_e_scooter,2025-04-08,2025-04-08 19:00:00,2025-04-08 20:00:00,e-scooter,F Francois-Mitterrand-Platz,100,3,2
synthetic_e_scooter,2025-04-08,2025-04-08 19:00:00,2025-04-08 20:00:00,e-scooter,F Francois-Mitterrand-Platz,250,8,4
synthetic_e_scooter,2025-04-08,2025-04-08 19:00:00,2025-04-08 20:00:00,e-scooter,F Francois-Mitterrand-Platz,350,13,8
synthetic_bikesharing,2025-04-08,2025-04-08 19:00:00,2025-04-08 20:00:00,bicycle,F Miquel-/Adickesallee,50,0,0
synthetic_bikesharing,2025-04-08,2025-04-08 19:00:00,2025-04-08 20:00:00,bicycle,F Miquel-/Adickesallee,100,1,0
synthetic_bikesharing,2025-04-08,2025-04-08 19:00:00,2025-04-08 20:00:00,bicycle,F Miquel-/Adickesallee,250,5,4
synthetic_bikesharing,2025-04-08,2025-04-08 19:00:00,2025-04-08 20:00:00,bicycle,F Miquel-/Adickesallee,350,10,6
synthetic_e_scooter,2025-04-08,2025-04-08 19:00:00,2025-04-08 20:00:00,e-scooter,F Miquel-/Adickesallee,50,0,3
synthetic_e_scooter,2025-04-08,2025-04-08 19:00:00,2025-04-08 20:00:00,e-scooter,F Miquel-/Adickesallee,100,2,6
synthetic_e_scooter,2025-04-08,2025-04-08 19:00:00,2025-04-08 20:00:00,e-scooter,F Miquel-/Adickesallee,250,7,11
synthetic_e_scooter,2025-04-08,2025-04-08 19:00:00,2025-04-08 20:00:00,e-scooter,F Miquel-/Adickesallee,350,8,13
synthetic_bikesharing,2025-04-08,2025-04-08 19:00:00,2025-04-08 20:00:00,bicycle,F Plieningerstraße,50,0,0
synthetic_bikesharing,2025-04-08,2025-04-08 19:00:00,2025-04-08 20:00:00,bicycle,F Plieningerstraße,100,0,1
synthetic_bikesharing,2025-04-08,2025-04-08 19:00:00,2025-04-08 20:00:00,bicycle,F Plieningerstraße,250,2,4
synthetic_bikesharing,2025-04-08,2025-04-08 19:00:00,2025-04-08 20:00:00,bicycle,F Plieningerstraße,350,2,5
synthetic_e_scooter,2025-04-08,2025-04-08 19:00:00,2025-04-08 20:00:00,e-scooter,F Plieningerstraße,50,3,1
synthetic_e_scooter,2025-04-08,2025-04-08 19:00:00,2025-04-08 20:00:00,e-scooter,F Plieningerstraße,100,3,1
synthetic_e_scooter,2025-04-08,2025-04-08 19:00:00,2025-04-08 20:00:00,e-scooter,F Plieningerstraße,250,7,2
synthetic_e_scooter,2025-04-08,2025-04-08 19:00:00,2025-04-08 20:00:00,e-scooter,F Plieningerstraße,350,10,3
synthetic_bikesharing,2025-04-08,2025-04-08 19:00:00,2025-04-08 20:00:00,bicycle,F Weser-/Münchener Straße,50,2,2
synthetic_bikesharing,2025-04-08,2025-04-08 19:00:00,2025-04-08 20:00:00,bicycle,F Weser-/Münchener Straße,100,2,2
synthetic_bikesharing,2025-04-08,2025-04-08 19:00:00,2025-04-08 20:00:00,bicycle,F Weser-/Münchener Straße,250,3,5
synthetic_bikesharing,2025-04-08,2025-04-08 19:00:00,2025-04-08 20:00:00,bicycle,F Weser-/Münchener Straße,350,5,7
synthetic_e_scooter,2025-04-08,2025-04-08 19:00:00,2025-04-08 20:00:00,e-scooter,F Weser-/Münchener Straße,50,2,1
synthetic_e_scooter,2025-04-08,2025-04-08 19:00:00,2025-04-08 20:00:00,e-scooter,F Weser-/Münchener Straße,100,6,7
synthetic_e_scooter,2025-04-08,2025-04-08 19:00:00,2025-04-08 20:00:00,e-scooter,F Weser-/Münchener Straße,250,13,20
synthetic_e_scooter,2025-04-08,2025-04-08 19:00:00,2025-04-08 20:00:00,e-scooter,F Weser-/Münchener Straße,350,18,27
synthetic_bikesharing,2025-04-08,2025-04-08 20:00:00,2025-04-08 21:00:00,bicycle,*405 F Dornbusch/Am Grünhof,50,0,1
synthetic_bikesharing,2025-04-08,2025-04-08 20:00:00,2025-04-08 21:00:00,bicycle,*405 F Dornbusch/Am Grünhof,100,3,1
synthetic_bikesharing,2025-04-08,2025-04-08 20:00:00,2025-04-08 21:00:00,bicycle,*405 F Dornbusch/Am Grünhof,250,3,1
synthetic_bikesharing,2025-04-08,2025-04-08 20:00:00,2025-04-08 21:00:00,bicycle,*405 F Dornbusch/Am Grünhof,350,3,1
synthetic_e_scooter,2025-04-08,2025-04-08 20:00:00,2025-04-08 21:00:00,e-scooter,*405 F Dornbusch/Am Grünhof,50,0,1
synthetic_e_scooter,2025-04-08,2025-04-08 20:00:00,2025-04-08 21:00:00,e-scooter,*405 F Dornbusch/Am Grünhof,100,1,1
synthetic_e_scooter,2025-04-08,2025-04-08 20:00:00,2025-04-08 21:00:00,e-scooter,*405 F Dornbusch/Am Grünhof,250,3,4
synthetic_e_scooter,2025-04-08,2025-04-08 20:00:00,2025-04-08 21:00:00,e-scooter,*405 F Dornbusch/Am Grünhof,350,4,4
synthetic_bikesharing,2025-04-08,2025-04-08 20:00:00,2025-04-08 21:00:00,bicycle,F Francois-Mitterrand-Platz,50,0,0
synthetic_bikesharing,2025-04-08,2025-04-08 20:00:00,2025-04-08 21:00:00,bicycle,F Francois-Mitterrand-Platz,100,0,1
synthetic_bikesharing,2025-04-08,2025-04-08 20:00:00,2025-04-08 21:00:00,bicycle,F Francois-Mitterrand-Platz,250,1,3
synthetic_bikesharing,2025-04-08,2025-04-08 20:00:00,2025-04-08 21:00:00,bicycle,F Francois-Mitterrand-Platz,350,2,4
synthetic_e_scooter,2025-04-08,2025-04-08 20:00:00,2025-04-08 21:00:00,e-scooter,F Francois-Mitterrand-Platz,50,1,3
synthetic_e_scooter,2025-04-08,2025-04-08 20:00:00,2025-04-08 21:00:00,e-scooter,F Francois-Mitterrand-Platz,100,2,5
synthetic_e_scooter,2025-04-08,2025-04-08 20:00:00,2025-04-08 21:00:00,e-scooter,F Francois-Mitterrand-Platz,250,7,6
synthetic_e_scooter,2025-04-08,2025-04-08 20:00:00,2025-04-08 21:00:00,e-scooter,F Francois-Mitterrand-Platz,350,8,8
synthetic_bikesharing,2025-04-08,2025-04-08 20:00:00,2025-04-08 21:00:00,bicycle,F Miquel-/Adickesallee,50,0,0
synthetic_bikesharing,2025-04-08,2025-04-08 20:00:00,2025-04-08 21:00:00,bicycle,F Miquel-/Adickesallee,100,1,3
synthetic_bikesharing,2025-04-08,2025-04-08 20:00:00,2025-04-08 21:00:00,bicycle,F Miquel-/Adickesallee,250,4,6
synthetic_bikesharing,2025-04-08,2025-04-08 20:00:00,2025-04-08 21:00:00,bicycle,F Miquel-/Adickesallee,350,6,8
synthetic_e_scooter,2025-04-08,2025-04-08 20:00:00,2025-04-08 21:00:00,e-scooter,F Miquel-/Adickesallee,50,1,0
synthetic_e_scooter,2025-04-08,2025-04-08 20:00:00,2025-04-08 21:00:00,e-scooter,F Miquel-/Adickesallee,100,1,2
synthetic_e_scooter,2025-04-08,2025-04-08 20:00:00,2025-04-08 21:00:00,e-scooter,F Miquel-/Adickesallee,250,8,9
synthetic_e_scooter,2025-04-08,2025-04-08 20:00:00,2025-04-08 21:00:00,e-scooter,F Miquel-/Adickesallee,350,15,10
synthetic_bikesharing,2025-04-08,2025-04-08 20:00:00,2025-04-08 21:00:00,bicycle,F Plieningerstraße,50,0,0
synthetic_bikesharing,2025-04-08,2025-04-08 20:00:00,2025-04-08 21:00:00,bicycle,F Plieningerstraße,100,0,1
synthetic_bikesharing,2025-04-08,2025-04-08 20:00:00,2025-04-08 21:00:00,bicycle,F Plieningerstraße,250,0,1
synthetic_bikesharing,2025-04-08,2025-04-08 20:00:00,2025-04-08 21:00:00,bicycle,F Plieningerstraße,350,0,2
synthetic_e_scooter,2025-04-08,2025-04-08 20:00:00,2025-04-08 21:00:00,e-scooter,F Plieningerstraße,50,0,0
synthetic_e_scooter,2025-04-08,2025-04-08 20:00:00,2025-04-08 21:00:00,e-scooter,F Plieningerstraße,100,0,3
synthetic_e_scooter,2025-04-08,2025-04-08 20:00:00,2025-04-08 21:00:00,e-scooter,F Plieningerstraße,250,1,4
synthetic_e_scooter,2025-04-08,2025-04-08 20:00:00,2025-04-08 21:00:00,e-scooter,F Plieningerstraße,350,1,4
synthetic_bikesharing,2025-04-08,2025-04-08 20:00:00,2025-04-08 21:00:00,bicycle,F Weser-/Münchener Straße,50,0,1
synthetic_bikesharing,2025-04-08,2025-04-08 20:00:00,2025-04-08 21:00:00,bicycle,F Weser-/Münchener Straße,100,0,2
synthetic_bikesharing,2025-04-08,2025-04-08 20:00:00,2025-04-08 21:00:00,bicycle,F Weser-/Münchener Straße,250,3,7
synthetic_bikesharing,2025-04-08,2025-04-08 20:00:00,2025-04-08 21:00:00,bicycle,F Weser-/Münchener Straße,350,5,13
synthetic_e_scooter,2025-04-08,2025-04-08 20:00:00,2025-04-08 21:00:00,e-scooter,F Weser-/Münchener Straße,50,0,0
synthetic_e_scooter,2025-04-08,2025-04-08 20:00:00,2025-04-08 21:00:00,e-scooter,F Weser-/Münchener Straße,100,2,2
synthetic_e_scooter,2025-04-08,2025-04-08 20:00:00,2025-04-08 21:00:00,e-scooter,F Weser-/Münchener Straße,250,7,6
synthetic_e_scooter,2025-04-08,2025-04-08 20:00:00,2025-04-08 21:00:00,e-scooter,F Weser-/Münchener Straße,350,14,7
synthetic_bikesharing,2025-04-08,2025-04-08 21:00:00,2025-04-08 22:00:00,bicycle,*405 F Dornbusch/Am Grünhof,50,0,0
synthetic_bikesharing,2025-04-08,2025-04-08 21:00:00,2025-04-08 22:00:00,bicycle,*405 F Dornbusch/Am Grünhof,100,2,2
synthetic_bikesharing,2025-04-08,2025-04-08 21:00:00,2025-04-08 22:00:00,bicycle,*405 F Dornbusch/Am Grünhof,250,2,5
synthetic_bikesharing,2025-04-08,2025-04-08 21:00:00,2025-04-08 22:00:00,bicycle,*405 F Dornbusch/Am Grünhof,350,2,5
synthetic_e_scooter,2025-04-08,2025-04-08 21:00:00,2025-04-08 22:00:00,e-scooter,*405 F Dornbusch/Am Grünhof,50,1,1
synthetic_e_scooter,2025-04-08,2025-04-08 21:00:00,2025-04-08 22:00:00,e-scooter,*405 F Dornbusch/Am Grünhof,100,1,4
synthetic_e_scooter,2025-04-08,2025-04-08 21:00:00,2025-04-08 22:00:00,e-scooter,*405 F Dornbusch/Am Grünhof,250,6,5
synthetic_e_scooter,2025-04-08,2025-04-08 21:00:00,2025-04-08 22:00:00,e-scooter,*405 F Dornbusch/Am Grünhof,350,8,7
synthetic_bikesharing,2025-04-08,2025-04-08 21:00:00,2025-04-08 22:00:00,bicycle,F Francois-Mitterrand-Platz,50,0,0
synthetic_bikesharing,2025-04-08,2025-04-08 21:00:00,2025-04-08 22:00:00,bicycle,F Francois-Mitterrand-Platz,100,1,2
synthetic_bikesharing,2025-04-08,2025-04-08 21:00:00,2025-04-08 22:00:00,bicycle,F Francois-Mitterrand-Platz,250,3,6
synthetic_bikesharing,2025-04-08,2025-04-08 21:00:00,2025-04-08 22:00:00,bicycle,F Francois-Mitterrand-Platz,350,4,6
synthetic_e_scooter,2025-04-08,2025-04-08 21:00:00,2025-04-08 22:00:00,e-scooter,F Francois-Mitterrand-Platz,50,0,1
synthetic_e_scooter,2025-04-08,2025-04-08 21:00:00,2025-04-08 22:00:00,e-scooter,F Francois-Mitterrand-Platz,100,0,1
synthetic_e_scooter,2025-04-08,2025-04-08 21:00:00,2025-04-08 22:00:00,e-scooter,F Francois-Mitterrand-Platz,250,0,6
synthetic_e_scooter,2025-04-08,2025-04-08 21:00:00,2025-04-08 22:00:00,e-scooter,F Francois-Mitterrand-Platz,350,0,6
synthetic_bikesharing,2025-04-08,2025-04-08 21:00:00,2025-04-08 22:00:00,bicycle,F Miquel-/Adickesallee,50,0,1
synthetic_bikesharing,2025-04-08,2025-04-08 21:00:00,2025-04-08 22:00:00,bicycle,F Miquel-/Adickesallee,100,1,2
synthetic_bikesharing,2025-04-08,2025-04-08 21:00:00,2025-04-08 22:00:00,bicycle,F Miquel-/Adickesallee,250,3,3
synthetic_bikesharing,2025-04-08,2025-04-08 21:00:00,2025-04-08 22:00:00,bicycle,F Miquel-/Adickesallee,350,4,4
synthetic_e_scooter,2025-04-08,2025-04-08 21:00:00,2025-04-08 22:00:00,e-scooter,F Miquel-/Adickesallee,50,1,3
synthetic_e_scooter,2025-04-08,2025-04-08 21:00:00,2025-04-08 22:00:00,e-scooter,F Miquel-/Adickesallee,100,7,5
synthetic_e_scooter,2025-04-08,2025-04-08 21:00:00,2025-04-08 22:00:00,e-scooter,F Miquel-/Adickesallee,250,12,10
synthetic_e_scooter,2025-04-08,2025-04-08 21:00:00,2025-04-08 22:00:00,e-scooter,F Miquel-/Adickesallee,350,15,11
synthetic_bikesharing,2025-04-08,2025-04-08 21:00:00,2025-04-08 22:00:00,bicycle,F Plieningerstraße,50,0,0
synthetic_bikesharing,2025-04-08,2025-04-08 21:00:00,2025-04-08 22:00:00,bicycle,F Plieningerstraße,100,0,1
synthetic_bikesharing,2025-04-08,2025-04-08 21:00:00,2025-04-08 22:00:00,bicycle,F Plieningerstraße,250,0,1
synthetic_bikesharing,2025-04-08,2025-04-08 21:00:00,2025-04-08 22:00:00,bicycle,F Plieningerstraße,350,0,1
synthetic_e_scooter,2025-04-08,2025-04-08 21:00:00,2025-04-08 22:00:00,e-scooter,F Plieningerstraße,50,1,0
synthetic_e_scooter,2025-04-08,2025-04-08 21:00:00,2025-04-08 22:00:00,e-scooter,F Plieningerstraße,100,2,1
synthetic_e_scooter,2025-04-08,2025-04-08 21:00:00,2025-04-08 22:00:00,e-scooter,F Plieningerstraße,250,3,1
synthetic_e_scooter,2025-04-08,2025-04-08 21:00:00,2025-04-08 22:00:00,e-scooter,F Plieningerstraße,350,3,3
synthetic_bikesharing,2025-04-08,2025-04-08 21:00:00,2025-04-08 22:00:00,bicycle,F Weser-/Münchener Straße,50,1,0
synthetic_bikesharing,2025-04-08,2025-04-08 21:00:00,2025-04-08 22:00:00,bicycle,F Weser-/Münchener Straße,100,4,1
synthetic_bikesharing,2025-04-08,2025-04-08 21:00:00,2025-04-08 22:00:00,bicycle,F Weser-/Münchener Straße,250,7,3
synthetic_bikesharing,2025-04-08,2025-04-08 21:00:00,2025-04-08 22:00:00,bicycle,F Weser-/Münchener Straße,350,7,4
synthetic_e_scooter,2025-04-08,2025-04-08 21:00:00,2025-04-08 22:00:00,e-scooter,F Weser-/Münchener Straße,50,0,1
synthetic_e_scooter,2025-04-08,2025-04-08 21:00:00,2025-04-08 22:00:00,e-scooter,F Weser-/Münchener Straße,100,3,3
synthetic_e_scooter,2025-04-08,2025-04-08 21:00:00,2025-04-08 22:00:00,e-scooter,F Weser-/Münchener Straße,250,8,7
synthetic_e_scooter,2025-04-08,2025-04-08 21:00:00,2025-04-08 22:00:00,e-scooter,F Weser-/Münchener Straße,350,11,12
synthetic_bikesharing,2025-04-08,2025-04-08 22:00:00,2025-04-08 23:00:00,bicycle,*405 F Dornbusch/Am Grünhof,50,0,0
synthetic_bikesharing,2025-04-08,2025-04-08 22:00:00,2025-04-08 23:00:00,bicycle,*405 F Dornbusch/Am Grünhof,100,0,1
synthetic_bikesharing,2025-04-08,2025-04-08 22:00:00,2025-04-08 23:00:00,bicycle,*405 F Dornbusch/Am Grünhof,250,0,3
synthetic_bikesharing,2025-04-08,2025-04-08 22:00:00,2025-04-08 23:00:00,bicycle,*405 F Dornbusch/Am Grünhof,350,0,3
synthetic_e_scooter,2025-04-08,2025-04-08 22:00:00,2025-04-08 23:00:00,e-scooter,*405 F Dornbusch/Am Grünhof,50,0,1
synthetic_e_scooter,2025-04-08,2025-04-08 22:00:00,2025-04-08 23:00:00,e-scooter,*405 F Dornbusch/Am Grünhof,100,0,2
synthetic_e_scooter,2025-04-08,2025-04-08 22:00:00,2025-04-08 23:00:00,e-scooter,*405 F Dornbusch/Am Grünhof,250,2,3
synthetic_e_scooter,2025-04-08,2025-04-08 22:00:00,2025-04-08 23:00:00,e-scooter,*405 F Dornbusch/Am Grünhof,350,6,6
synthetic_bikesharing,2025-04-08,2025-04-08 22:00:00,2025-04-08 23:00:00,bicycle,F Francois-Mitterrand-Platz,50,0,0
synthetic_bikesharing,2025-04-08,2025-04-08 22:00:00,2025-04-08 23:00:00,bicycle,F Francois-Mitterrand-Platz,100,1,0
synthetic_bikesharing,2025-04-08,2025-04-08 22:00:00,2025-04-08 23:00:00,bicycle,F Francois-Mitterrand-Platz,250,1,1
synthetic_bikesharing,2025-04-08,2025-04-08 22:00:00,2025-04-08 23:00:00,bicycle,F Francois-Mitterrand-Platz,350,2,2
synthetic_e_scooter,2025-04-08,2025-04-08 22:00:00,2025-04-08 23:00:00,e-scooter,F Francois-Mitterrand-Platz,50,0,1
synthetic_e_scooter,2025-04-08,2025-04-08 22:00:00,2025-04-08 23:00:00,e-scooter,F Francois-Mitterrand-Platz,100,0,1
synthetic_e_scooter,2025-04-08,2025-04-08 22:00:00,2025-04-08 23:00:00,e-scooter,F Francois-Mitterrand-Platz,250,2,2
synthetic_e_scooter,2025-04-08,2025-04-08 22:00:00,2025-04-08 23:00:00,e-scooter,F Francois-Mitterrand-Platz,350,2,3
synthetic_bikesharing,2025-04-08,2025-04-08 22:00:00,2025-04-08 23:00:00,bicycle,F Miquel-/Adickesallee,50,1,1
synthetic_bikesharing,2025-04-08,2025-04-08 22:00:00,2025-04-08 23:00:00,bicycle,F Miquel-/Adickesallee,100,1,1
synthetic_bikesharing,2025-04-08,2025-04-08 22:00:00,2025-04-08 23:00:00,bicycle,F Miquel-/Adickesallee,250,1,2
synthetic_bikesharing,2025-04-08,2025-04-08 22:00:00,2025-04-08 23:00:00,bicycle,F Miquel-/Adickesallee,350,1,3
synthetic_e_scooter,2025-04-08,2025-04-08 22:00:00,2025-04-08 23:00:00,e-scooter,F Miquel-/Adickesallee,50,1,1
synthetic_e_scooter,2025-04-08,2025-04-08 22:00:00,2025-04-08 23:00:00,e-scooter,F Miquel-/Adickesallee,100,2,2
synthetic_e_scooter,2025-04-08,2025-04-08 22:00:00,2025-04-08 23:00:00,e-scooter,F Miquel-/Adickesallee,250,5,3
synthetic_e_scooter,2025-04-08,2025-04-08 22:00:00,2025-04-08 23:00:00,e-scooter,F Miquel-/Adickesallee,350,8,3
synthetic_bikesharing,2025-04-08,2025-04-08 22:00:00,2025-04-08 23:00:00,bicycle,F Plieningerstraße,50,1,0
synthetic_bikesharing,2025-04-08,2025-04-08 22:00:00,2025-04-08 23:00:00,bicycle,F Plieningerstraße,100,1,0
synthetic_bikesharing,2025-04-08,2025-04-08 22:00:00,2025-04-08 23:00:00,bicycle,F Plieningerstraße,250,1,0
synthetic_bikesharing,2025-04-08,2025-04-08 22:00:00,2025-04-08 23:00:00,bicycle,F Plieningerstraße,350,1,0
synthetic_e_scooter,2025-04-08,2025-04-08 22:00:00,2025-04-08 23:00:00,e-scooter,F Plieningerstraße,50,0,0
synthetic_e_scooter,2025-04-08,2025-04-08 22:00:00,2025-04-08 23:00:00,e-scooter,F Plieningerstraße,100,1,1
synthetic_e_scooter,2025-04-08,2025-04-08 22:00:00,2025-04-08 23:00:00,e-scooter,F Plieningerstraße,250,1,2
synthetic_e_scooter,2025-04-08,2025-04-08 22:00:00,2025-04-08 23:00:00,e-scooter,F Plieningerstraße,350,1,4
synthetic_bikesharing,2025-04-08,2025-04-08 22:00:00,2025-04-08 23:00:00,bicycle,F Weser-/Münchener Straße,50,2,0
synthetic_bikesharing,2025-04-08,2025-04-08 22:00:00,2025-04-08 23:00:00,bicycle,F Weser-/Münchener Straße,100,2,0
synthetic_bikesharing,2025-04-08,2025-04-08 22:00:00,2025-04-08 23:00:00,bicycle,F Weser-/Münchener Straße,250,2,1
synthetic_bikesharing,2025-04-08,2025-04-08 22:00:00,2025-04-08 23:00:00,bicycle,F Weser-/Münchener Straße,350,2,1
synthetic_e_scooter,2025-04-08,2025-04-08 22:00:00,2025-04-08 23:00:00,e-scooter,F Weser-/Münchener Straße,50,0,0
synthetic_e_scooter,2025-04-08,2025-04-08 22:00:00,2025-04-08 23:00:00,e-scooter,F Weser-/Münchener Straße,100,2,1
synthetic_e_scooter,2025-04-08,2025-04-08 22:00:00,2025-04-08 23:00:00,e-scooter,F Weser-/Münchener Straße,250,4,3
synthetic_e_scooter,2025-04-08,2025-04-08 22:00:00,2025-04-08 23:00:00,e-scooter,F Weser-/Münchener Straße,350,6,3
synthetic_bikesharing,2025-04-09,2025-04-08 23:00:00,2025-04-09 00:00:00,bicycle,*405 F Dornbusch/Am Grünhof,50,0,0
synthetic_bikesharing,2025-04-09,2025-04-08 23:00:00,2025-04-09 00:00:00,bicycle,*405 F Dornbusch/Am Grünhof,100,0,0
synthetic_bikesharing,2025-04-09,2025-04-08 23:00:00,2025-04-09 00:00:00,bicycle,*405 F Dornbusch/Am Grünhof,250,0,3
synthetic_bikesharing,2025-04-09,2025-04-08 23:00:00,2025-04-09 00:00:00,bicycle,*405 F Dornbusch/Am Grünhof,350,0,3
synthetic_e_scooter,2025-04-09,2025-04-08 23:00:00,2025-04-09 00:00:00,e-scooter,*405 F Dornbusch/Am Grünhof,50,0,1
synthetic_e_scooter,2025-04-09,2025-04-08 23:00:00,2025-04-09 00:00:00,e-scooter,*405 F Dornbusch/Am Grünhof,100,1,1
synthetic_e_scooter,2025-04-09,2025-04-08 23:00:00,2025-04-09 00:00:00,e-scooter,*405 F Dornbusch/Am Grünhof,250,2,1
synthetic_e_scooter,2025-04-09,2025-04-08 23:00:00,2025-04-09 00:00:00,e-scooter,*405 F Dornbusch/Am Grünhof,350,2,2
synthetic_bikesharing,2025-04-09,2025-04-08 23:00:00,2025-04-09 00:00:00,bicycle,F Francois-Mitterrand-Platz,50,1,0
synthetic_bikesharing,2025-04-09,2025-04-08 23:00:00,2025-04-09 00:00:00,bicycle,F Francois-Mitterrand-Platz,100,1,0
synthetic_bikesharing,2025-04-09,2025-04-08 23:00:00,2025-04-09 00:00:00,bicycle,F Francois-Mitterrand-Platz,250,1,2
synthetic_bikesharing,2025-04-09,2025-04-08 23:00:00,2025-04-09 00:00:00,bicycle,F Francois-Mitterrand-Platz,350,1,2
synthetic_e_scooter,2025-04-09,2025-04-08 23:00:00,2025-04-09 00:00:00,e-scooter,F Francois-Mitterrand-Platz,50,0,0
synthetic_e_scooter,2025-04-09,2025-04-08 23:00:00,2025-04-09 00:00:00,e-scooter,F Francois-Mitterrand-Platz,100,0,0
synthetic_e_scooter,2025-04-09,2025-04-08 23:00:00,2025-04-09 00:00:00,e-scooter,F Francois-Mitterrand-Platz,250,1,3
synthetic_e_scooter,2025-04-09,2025-04-08 23:00:00,2025-04-09 00:00:00,e-scooter,F Francois-Mitterrand-Platz,350,3,4
synthetic_bikesharing,2025-04-09,2025-04-08 23:00:00,2025-04-09 00:00:00,bicycle,F Miquel-/Adickesallee,50,0,0
synthetic_bikesharing,2025-04-09,2025-04-08 23:00:00,2025-04-09 00:00:00,bicycle,F Miquel-/Adickesallee,100,0,0
synthetic_bikesharing,2025-04-09,2025-04-08 23:00:00,2025-04-09 00:00:00,bicycle,F Miquel-/Adickesallee,250,0,0
synthetic_bikesharing,2025-04-09,2025-04-08 23:00:00,2025-04-09 00:00:00,bicycle,F Miquel-/Adickesallee,350,0,1
synthetic_e_scooter,2025-04-09,2025-04-08 23:00:00,2025-04-09 00:00:00,e-scooter,F Miquel-/Adickesallee,50,0,3
synthetic_e_scooter,2025-04-09,2025-04-08 23:00:00,2025-04-09 00:00:00,e-scooter,F Miquel-/Adickesallee,100,0,3
synthetic_e_scooter,2025-04-09,2025-04-08 23:00:00,2025-04-09 00:00:00,e-scooter,F Miquel-/Adickesallee,250,1,3
synthetic_e_scooter,2025-04-09,2025-04-08 23:00:00,2025-04-09 00:00:00,e-scooter,F Miquel-/Adickesallee,350,4,5
synthetic_bikesharing,2025-04-09,2025-04-08 23:00:00,2025-04-09 00:00:00,bicycle,F Plieningerstraße,50,0,0
synthetic_bikesharing,2025-04-09,2025-04-08 23:00:00,2025-04-09 00:00:00,bicycle,F Plieningerstraße,100,0,0
synthetic_bikesharing,2025-04-09,2025-04-08 23:00:00,2025-04-09 00:00:00,bicycle,F Plieningerstraße,250,0,0
synthetic_bikesharing,2025-04-09,2025-04-08 23:00:00,2025-04-09 00:00:00,bicycle,F Plieningerstraße,350,0,0
synthetic_e_scooter,2025-04-09,2025-04-08 23:00:00,2025-04-09 00:00:00,e-scooter,F Plieningerstraße,50,0,0
synthetic_e_scooter,2025-04-09,2025-04-08 23:00:00,2025-04-09 00:00:00,e-scooter,F Plieningerstraße,100,0,1
synthetic_e_scooter,2025-04-09,2025-04-08 23:00:00,2025-04-09 00:00:00,e-scooter,F Plieningerstraße,250,0,1
synthetic_e_scooter,2025-04-09,2025-04-08 23:00:00,2025-04-09 00:00:00,e-scooter,F Plieningerstraße,350,0,1
synthetic_bikesharing,2025-04-09,2025-04-08 23:00:00,2025-04-09 00:00:00,bicycle,F Weser-/Münchener Straße,50,0,0
synthetic_bikesharing,2025-04-09,2025-04-08 23:00:00,2025-04-09 00:00:00,bicycle,F Weser-/Münchener Straße,100,0,1
synthetic_bikesharing,2025-04-09,2025-04-08 23:00:00,2025-04-09 00:00:00,bicycle,F Weser-/Münchener Straße,250,1,1
synthetic_bikesharing,2025-04-09,2025-04-08 23:00:00,2025-04-09 00:00:00,bicycle,F Weser-/Münchener Straße,350,1,1
synthetic_e_scooter,2025-04-09,2025-04-08 23:00:00,2025-04-09 00:00:00,e-scooter,F Weser-/Münchener Straße,50,1,1
synthetic_e_scooter,2025-04-09,2025-04-08 23:00:00,2025-04-09 00:00:00,e-scooter,F Weser-/Münchener Straße,100,2,1
synthetic_e_scooter,2025-04-09,2025-04-08 23:00:00,2025-04-09 00:00:00,e-scooter,F Weser-/Münchener Straße,250,8,2
synthetic_e_scooter,2025-04-09,2025-04-08 23:00:00,2025-04-09 00:00:00,e-scooter,F Weser-/Münchener Straße,350,9,4
synthetic_bikesharing,2025-04-09,2025-04-09 00:00:00,2025-04-09 01:00:00,bicycle,*405 F Dornbusch/Am Grünhof,50,0,0
synthetic_bikesharing,2025-04-09,2025-04-09 00:00:00,2025-04-09 01:00:00,bicycle,*405 F Dornbusch/Am Grünhof,100,0,0
synthetic_bikesharing,2025-04-09,2025-04-09 00:00:00,2025-04-09 01:00:00,bicycle,*405 F Dornbusch/Am Grünhof,250,0,0
synthetic_bikesharing,2025-04-09,2025-04-09 00:00:00,2025-04-09 01:00:00,bicycle,*405 F Dornbusch/Am Grünhof,350,0,1
synthetic_e_scooter,2025-04-09,2025-04-09 00:00:00,2025-04-09 01:00:00,e-scooter,*405 F Dornbusch/Am Grünhof,50,0,0
synthetic_e_scooter,2025-04-09,2025-04-09 00:00:00,2025-04-09 01:00:00,e-scooter,*405 F Dornbusch/Am Grünhof,100,0,0
synthetic_e_scooter,2025-04-09,2025-04-09 00:00:00,2025-04-09 01:00:00,e-scooter,*405 F Dornbusch/Am Grünhof,250,0,1
synthetic_e_scooter,2025-04-09,2025-04-09 00:00:00,2025-04-09 01:00:00,e-scooter,*405 F Dornbusch/Am Grünhof,350,0,1
synthetic_bikesharing,2025-04-09,2025-04-09 00:00:00,2025-04-09 01:00:00,bicycle,F Francois-Mitterrand-Platz,50,0,0
synthetic_bikesharing,2025-04-09,2025-04-09 00:00:00,2025-04-09 01:00:00,bicycle,F Francois-Mitterrand-Platz,100,0,0
synthetic_bikesharing,2025-04-09,2025-04-09 00:00:00,2025-04-09 01:00:00,bicycle,F Francois-Mitterrand-Platz,250,0,0
synthetic_bikesharing,2025-04-09,2025-04-09 00:00:00,2025-04-09 01:00:00,bicycle,F Francois-Mitterrand-Platz,350,0,0
synthetic_e_scooter,2025-04-09,2025-04-09 00:00:00,2025-04-09 01:00:00,e-scooter,F Francois-Mitterrand-Platz,50,0,0
synthetic_e_scooter,2025-04-09,2025-04-09 00:00:00,2025-04-09 01:00:00,e-scooter,F Francois-Mitterrand-Platz,100,0,0
synthetic_e_scooter,2025-04-09,2025-04-09 00:00:00,2025-04-09 01:00:00,e-scooter,F Francois-Mitterrand-Platz,250,1,3
synthetic_e_scooter,2025-04-09,2025-04-09 00:00:00,2025-04-09 01:00:00,e-scooter,F Francois-Mitterrand-Platz,350,1,3
synthetic_bikesharing,2025-04-09,2025-04-09 00:00:00,2025-04-09 01:00:00,bicycle,F Miquel-/Adickesallee,50,1,0
synthetic_bikesharing,2025-04-09,2025-04-09 00:00:00,2025-04-09 01:00:00,bicycle,F Miquel-/Adickesallee,100,1,0
synthetic_bikesharing,2025-04-09,2025-04-09 00:00:00,2025-04-09 01:00:00,bicycle,F Miquel-/Adickesallee,250,1,0
synthetic_bikesharing,2025-04-09,2025-04-09 00:00:00,2025-04-09 01:00:00,bicycle,F Miquel-/Adickesallee,350,1,0
synthetic_e_scooter,2025-04-09,2025-04-09 00:00:00,2025-04-09 01:00:00,e-scooter,F Miquel-/Adickesallee,50,0,0
synthetic_e_scooter,2025-04-09,2025-04-09 00:00:00,2025-04-09 01:00:00,e-scooter,F Miquel-/Adickesallee,100,1,0
synthetic_e_scooter,2025-04-09,2025-04-09 00:00:00,2025-04-09 01:00:00,e-scooter,F Miquel-/Adickesallee,250,2,0
synthetic_e_scooter,2025-04-09,2025-04-09 00:00:00,2025-04-09 01:00:00,e-scooter,F Miquel-/Adickesallee,350,2,1
synthetic_bikesharing,2025-04-09,2025-04-09 00:00:00,2025-04-09 01:00:00,bicycle,F Plieningerstraße,50,0,0
synthetic_bikesharing,2025-04-09,2025-04-09 00:00:00,2025-04-09 01:00:00,bicycle,F Plieningerstraße,100,0,0
synthetic_bikesharing,2025-04-09,2025-04-09 00:00:00,2025-04-09 01:00:00,bicycle,F Plieningerstraße,250,0,0
synthetic_bikesharing,2025-04-09,2025-04-09 00:00:00,2025-04-09 01:00:00,bicycle,F Plieningerstraße,350,0,0
synthetic_e_scooter,2025-04-09,2025-04-09 00:00:00,2025-04-09 01:00:00,e-scooter,F Plieningerstraße,50,0,0
synthetic_e_scooter,2025-04-09,2025-04-09 00:00:00,2025-04-09 01:00:00,e-scooter,F Plieningerstraße,100,0,0
synthetic_e_scooter,2025-04-09,2025-04-09 00:00:00,2025-04-09 01:00:00,e-scooter,F Plieningerstraße,250,1,0
synthetic_e_scooter,2025-04-09,2025-04-09 00:00:00,2025-04-09 01:00:00,e-scooter,F Plieningerstraße,350,1,1
synthetic_bikesharing,2025-04-09,2025-04-09 00:00:00,2025-04-09 01:00:00,bicycle,F Weser-/Münchener Straße,50,0,0
synthetic_bikesharing,2025-04-09,2025-04-09 00:00:00,2025-04-09 01:00:00,bicycle,F Weser-/Münchener Straße,100,0,1
synthetic_bikesharing,2025-04-09,2025-04-09 00:00:00,2025-04-09 01:00:00,bicycle,F Weser-/Münchener Straße,250,0,2
synthetic_bikesharing,2025-04-09,2025-04-09 00:00:00,2025-04-09 01:00:00,bicycle,F Weser-/Münchener Straße,350,0,2
synthetic_e_scooter,2025-04-09,2025-04-09 00:00:00,2025-04-09 01:00:00,e-scooter,F Weser-/Münchener Straße,50,1,2
synthetic_e_scooter,2025-04-09,2025-04-09 00:00:00,2025-04-09 01:00:00,e-scooter,F Weser-/Münchener Straße,100,2,3
synthetic_e_scooter,2025-04-09,2025-04-09 00:00:00,2025-04-09 01:00:00,e-scooter,F Weser-/Münchener Straße,250,2,5
synthetic_e_scooter,2025-04-09,2025-04-09 00:00:00,2025-04-09 01:00:00,e-scooter,F Weser-/Münchener Straße,350,3,6
synthetic_bikesharing,2025-04-09,2025-04-09 01:00:00,2025-04-09 02:00:00,bicycle,*405 F Dornbusch/Am Grünhof,50,0,0
synthetic_bikesharing,2025-04-09,2025-04-09 01:00:00,2025-04-09 02:00:00,bicycle,*405 F Dornbusch/Am Grünhof,100,0,0
synthetic_bikesharing,2025-04-09,2025-04-09 01:00:00,2025-04-09 02:00:00,bicycle,*405 F Dornbusch/Am Grünhof,250,0,0
synthetic_bikesharing,2025-04-09,2025-04-09 01:00:00,2025-04-09 02:00:00,bicycle,*405 F Dornbusch/Am Grünhof,350,0,0
synthetic_e_scooter,2025-04-09,2025-04-09 01:00:00,2025-04-09 02:00:00,e-scooter,*405 F Dornbusch/Am Grünhof,50,0,0
synthetic_e_scooter,2025-04-09,2025-04-09 01:00:00,2025-04-09 02:00:00,e-scooter,*405 F Dornbusch/Am Grünhof,100,0,0
synthetic_e_scooter,2025-04-09,2025-04-09 01:00:00,2025-04-09 02:00:00,e-scooter,*405 F Dornbusch/Am Grünhof,250,0,0
synthetic_e_scooter,2025-04-09,2025-04-09 01:00:00,2025-04-09 02:00:00,e-scooter,*405 F Dornbusch/Am Grünhof,350,0,0
synthetic_bikesharing,2025-04-09,2025-04-09 01:00:00,2025-04-09 02:00:00,bicycle,F Francois-Mitterrand-Platz,50,0,0
synthetic_bikesharing,2025-04-09,2025-04-09 01:00:00,2025-04-09 02:00:00,bicycle,F Francois-Mitterrand-Platz,100,0,0
synthetic_bikesharing,2025-04-09,2025-04-09 01:00:00,2025-04-09 02:00:00,bicycle,F Francois-Mitterrand-Platz,250,0,0
synthetic_bikesharing,2025-04-09,2025-04-09 01:00:00,2025-04-09 02:00:00,bicycle,F Francois-Mitterrand-Platz,350,0,0
synthetic_e_scooter,2025-04-09,2025-04-09 01:00:00,2025-04-09 02:00:00,e-scooter,F Francois-Mitterrand-Platz,50,0,0
synthetic_e_scooter,2025-04-09,2025-04-09 01:00:00,2025-04-09 02:00:00,e-scooter,F Francois-Mitterrand-Platz,100,0,0
synthetic_e_scooter,2025-04-09,2025-04-09 01:00:00,2025-04-09 02:00:00,e-scooter,F Francois-Mitterrand-Platz,250,0,1
synthetic_e_scooter,2025-04-09,2025-04-09 01:00:00,2025-04-09 02:00:00,e-scooter,F Francois-Mitterrand-Platz,350,0,1
synthetic_bikesharing,2025-04-09,2025-04-09 01:00:00,2025-04-09 02:00:00,bicycle,F Miquel-/Adickesallee,50,0,0
synthetic_bikesharing,2025-04-09,2025-04-09 01:00:00,2025-04-09 02:00:00,bicycle,F Miquel-/Adickesallee,100,0,0
synthetic_bikesharing,2025-04-09,2025-04-09 01:00:00,2025-04-09 02:00:00,bicycle,F Miquel-/Adickesallee,250,0,0
synthetic_bikesharing,2025-04-09,2025-04-09 01:00:00,2025-04-09 02:00:00,bicycle,F Miquel-/Adickesallee,350,0,0
synthetic_e_scooter,2025-04-09,2025-04-09 01:00:00,2025-04-09 02:00:00,e-scooter,F Miquel-/Adickesallee,50,0,0
synthetic_e_scooter,2025-04-09,2025-04-09 01:00:00,2025-04-09 02:00:00,e-scooter,F Miquel-/Adickesallee,100,2,0
synthetic_e_scooter,2025-04-09,2025-04-09 01:00:00,2025-04-09 02:00:00,e-scooter,F Miquel-/Adickesallee,250,3,0
synthetic_e_scooter,2025-04-09,2025-04-09 01:00:00,2025-04-09 02:00:00,e-scooter,F Miquel-/Adickesallee,350,3,1
synthetic_bikesharing,2025-04-09,2025-04-09 01:00:00,2025-04-09 02:00:00,bicycle,F Plieningerstraße,50,0,0
synthetic_bikesharing,2025-04-09,2025-04-09 01:00:00,2025-04-09 02:00:00,bicycle,F Plieningerstraße,100,0,0
synthetic_bikesharing,2025-04-09,2025-04-09 01:00:00,2025-04-09 02:00:00,bicycle,F Plieningerstraße,250,0,0
synthetic_bikesharing,2025-04-09,2025-04-09 01:00:00,2025-04-09 02:00:00,bicycle,F Plieningerstraße,350,0,0
synthetic_e_scooter,2025-04-09,2025-04-09 01:00:00,2025-04-09 02:00:00,e-scooter,F Plieningerstraße,50,0,0
synthetic_e_scooter,2025-04-09,2025-04-09 01:00:00,2025-04-09 02:00:00,e-scooter,F Plieningerstraße,100,0,0
synthetic_e_scooter,2025-04-09,2025-04-09 01:00:00,2025-04-09 02:00:00,e-scooter,F Plieningerstraße,250,0,0
synthetic_e_scooter,2025-04-09,2025-04-09 01:00:00,2025-04-09 02:00:00,e-scooter,F Plieningerstraße,350,0,0
synthetic_bikesharing,2025-04-09,2025-04-09 01:00:00,2025-04-09 02:00:00,bicycle,F Weser-/Münchener Straße,50,0,0
synthetic_bikesharing,2025-04-09,2025-04-09 01:00:00,2025-04-09 02:00:00,bicycle,F Weser-/Münchener Straße,100,0,0
synthetic_bikesharing,2025-04-09,2025-04-09 01:00:00,2025-04-09 02:00:00,bicycle,F Weser-/Münchener Straße,250,1,0
synthetic_bikesharing,2025-04-09,2025-04-09 01:00:00,2025-04-09 02:00:00,bicycle,F Weser-/Münchener Straße,350,1,0
synthetic_e_scooter,2025-04-09,2025-04-09 01:00:00,2025-04-09 02:00:00,e-scooter,F Weser-/Münchener Straße,50,1,1
synthetic_e_scooter,2025-04-09,2025-04-09 01:00:00,2025-04-09 02:00:00,e-scooter,F Weser-/Münchener Straße,100,1,1
synthetic_e_scooter,2025-04-09,2025-04-09 01:00:00,2025-04-09 02:00:00,e-scooter,F Weser-/Münchener Straße,250,2,3
synthetic_e_scooter,2025-04-09,2025-04-09 01:00:00,2025-04-09 02:00:00,e-scooter,F Weser-/Münchener Straße,350,2,5
synthetic_bikesharing,2025-04-09,2025-04-09 02:00:00,2025-04-09 03:00:00,bicycle,*405 F Dornbusch/Am Grünhof,50,0,0
synthetic_bikesharing,2025-04-09,2025-04-09 02:00:00,2025-04-09 03:00:00,bicycle,*405 F Dornbusch/Am Grünhof,100,0,0
synthetic_bikesharing,2025-04-09,2025-04-09 02:00:00,2025-04-09 03:00:00,bicycle,*405 F Dornbusch/Am Grünhof,250,0,0
synthetic_bikesharing,2025-04-09,2025-04-09 02:00:00,2025-04-09 03:00:00,bicycle,*405 F Dornbusch/Am Grünhof,350,0,0
synthetic_e_scooter,2025-04-09,2025-04-09 02:00:00,2025-04-09 03:00:00,e-scooter,*405 F Dornbusch/Am Grünhof,50,0,0
synthetic_e_scooter,2025-04-09,2025-04-09 02:00:00,2025-04-09 03:00:00,e-scooter,*405 F Dornbusch/Am Grünhof,100,1,0
synthetic_e_scooter,2025-04-09,2025-04-09 02:00:00,2025-04-09 03:00:00,e-scooter,*405 F Dornbusch/Am Grünhof,250,1,0
synthetic_e_scooter,2025-04-09,2025-04-09 02:00:00,2025-04-09 03:00:00,e-scooter,*405 F Dornbusch/Am Grünhof,350,1,0
synthetic_bikesharing,2025-04-09,2025-04-09 02:00:00,2025-04-09 03:00:00,bicycle,F Francois-Mitterrand-Platz,50,0,0
synthetic_bikesharing,2025-04-09,2025-04-09 02:00:00,2025-04-09 03:00:00,bicycle,F Francois-Mitterrand-Platz,100,0,0
synthetic_bikesharing,2025-04-09,2025-04-09 02:00:00,2025-04-09 03:00:00,bicycle,F Francois-Mitterrand-Platz,250,1,0
synthetic_bikesharing,2025-04-09,2025-04-09 02:00:00,2025-04-09 03:00:00,bicycle,F Francois-Mitterrand-Platz,350,1,0
synthetic_e_scooter,2025-04-09,2025-04-09 02:00:00,2025-04-09 03:00:00,e-scooter,F Francois-Mitterrand-Platz,50,0,0
synthetic_e_scooter,2025-04-09,2025-04-09 02:00:00,2025-04-09 03:00:00,e-scooter,F Francois-Mitterrand-Platz,100,0,0
synthetic_e_scooter,2025-04-09,2025-04-09 02:00:00,2025-04-09 03:00:00,e-scooter,F Francois-Mitterrand-Platz,250,0,0
synthetic_e_scooter,2025-04-09,2025-04-09 02:00:00,2025-04-09 03:00:00,e-scooter,F Francois-Mitterrand-Platz,350,1,0
synthetic_bikesharing,2025-04-09,2025-04-09 02:00:00,2025-04-09 03:00:00,bicycle,F Miquel-/Adickesallee,50,0,0
synthetic_bikesharing,2025-04-09,2025-04-09 02:00:00,2025-04-09 03:00:00,bicycle,F Miquel-/Adickesallee,100,0,0
synthetic_bikesharing,2025-04-09,2025-04-09 02:00:00,2025-04-09 03:00:00,bicycle,F Miquel-/Adickesallee,250,0,0
synthetic_bikesharing,2025-04-09,2025-04-09 02:00:00,2025-04-09 03:00:00,bicycle,F Miquel-/Adickesallee,350,0,0
synthetic_e_scooter,2025-04-09,2025-04-09 02:00:00,2025-04-09 03:00:00,e-scooter,F Miquel-/Adickesallee,50,0,0
synthetic_e_scooter,2025-04-09,2025-04-09 02:00:00,2025-04-09 03:00:00,e-scooter,F Miquel-/Adickesallee,100,0,0
synthetic_e_scooter,2025-04-09,2025-04-09 02:00:00,2025-04-09 03:00:00,e-scooter,F Miquel-/Adickesallee,250,0,1
synthetic_e_scooter,2025-04-09,2025-04-09 02:00:00,2025-04-09 03:00:00,e-scooter,F Miquel-/Adickesallee,350,1,2
synthetic_bikesharing,2025-04-09,2025-04-09 02:00:00,2025-04-09 03:00:00,bicycle,F Plieningerstraße,50,0,0
synthetic_bikesharing,2025-04-09,2025-04-09 02:00:00,2025-04-09 03:00:00,bicycle,F Plieningerstraße,100,0,0
synthetic_bikesharing,2025-04-09,2025-04-09 02:00:00,2025-04-09 03:00:00,bicycle,F Plieningerstraße,250,0,0
synthetic_bikesharing,2025-04-09,2025-04-09 02:00:00,2025-04-09 03:00:00,bicycle,F Plieningerstraße,350,0,0
synthetic_e_scooter,2025-04-09,2025-04-09 02:00:00,2025-04-09 03:00:00,e-scooter,F Plieningerstraße,50,0,0
synthetic_e_scooter,2025-04-09,2025-04-09 02:00:00,2025-04-09 03:00:00,e-scooter,F Plieningerstraße,100,0,0
synthetic_e_scooter,2025-04-09,2025-04-09 02:00:00,2025-04-09 03:00:00,e-scooter,F Plieningerstraße,250,0,0
synthetic_e_scooter,2025-04-09,2025-04-09 02:00:00,2025-04-09 03:00:00,e-scooter,F Plieningerstraße,350,0,0
synthetic_bikesharing,2025-04-09,2025-04-09 02:00:00,2025-04-09 03:00:00,bicycle,F Weser-/Münchener Straße,50,0,0
synthetic_bikesharing,2025-04-09,2025-04-09 02:00:00,2025-04-09 03:00:00,bicycle,F Weser-/Münchener Straße,100,0,0
synthetic_bikesharing,2025-04-09,2025-04-09 02:00:00,2025-04-09 03:00:00,bicycle,F Weser-/Münchener Straße,250,0,0
synthetic_bikesharing,2025-04-09,2025-04-09 02:00:00,2025-04-09 03:00:00,bicycle,F Weser-/Münchener Straße,350,0,0
synthetic_e_scooter,2025-04-09,2025-04-09 02:00:00,2025-04-09 03:00:00,e-scooter,F Weser-/Münchener Straße,50,0,0
synthetic_e_scooter,2025-04-09,2025-04-09 02:00:00,2025-04-09 03:00:00,e-scooter,F Weser-/Münchener Straße,100,0,0
synthetic_e_scooter,2025-04-09,2025-04-09 02:00:00,2025-04-09 03:00:00,e-scooter,F Weser-/Münchener Straße,250,0,1
synthetic_e_scooter,2025-04-09,2025-04-09 02:00:00,2025-04-09 03:00:00,e-scooter,F Weser-/Münchener Straße,350,0,2
synthetic_bikesharing,2025-04-09,2025-04-09 03:00:00,2025-04-09 04:00:00,bicycle,*405 F Dornbusch/Am Grünhof,50,0,0
synthetic_bikesharing,2025-04-09,2025-04-09 03:00:00,2025-04-09 04:00:00,bicycle,*405 F Dornbusch/Am Grünhof,100,0,0
synthetic_bikesharing,2025-04-09,2025-04-09 03:00:00,2025-04-09 04:00:00,bicycle,*405 F Dornbusch/Am Grünhof,250,0,0
synthetic_bikesharing,2025-04-09,2025-04-09 03:00:00,2025-04-09 04:00:00,bicycle,*405 F Dornbusch/Am Grünhof,350,0,0
synthetic_e_scooter,2025-04-09,2025-04-09 03:00:00,2025-04-09 04:00:00,e-scooter,*405 F Dornbusch/Am Grünhof,50,0,0
synthetic_e_scooter,2025-04-09,2025-04-09 03:00:00,2025-04-09 04:00:00,e-scooter,*405 F Dornbusch/Am Grünhof,100,0,0
synthetic_e_scooter,2025-04-09,2025-04-09 03:00:00,2025-04-09 04:00:00,e-scooter,*405 F Dornbusch/Am Grünhof,250,0,0
synthetic_e_scooter,2025-04-09,2025-04-09 03:00:00,2025-04-09 04:00:00,e-scooter,*405 F Dornbusch/Am Grünhof,350,0,0
synthetic_bikesharing,2025-04-09,2025-04-09 03:00:00,2025-04-09 04:00:00,bicycle,F Francois-Mitterrand-Platz,50,0,0
synthetic_bikesharing,2025-04-09,2025-04-09 03:00:00,2025-04-09 04:00:00,bicycle,F Francois-Mitterrand-Platz,100,0,0
synthetic_bikesharing,2025-04-09,2025-04-09 03:00:00,2025-04-09 04:00:00,bicycle,F Francois-Mitterrand-Platz,250,0,0
synthetic_bikesharing,2025-04-09,2025-04-09 03:00:00,2025-04-09 04:00:00,bicycle,F Francois-Mitterrand-Platz,350,0,1
synthetic_e_scooter,2025-04-09,2025-04-09 03:00:00,2025-04-09 04:00:00,e-scooter,F Francois-Mitterrand-Platz,50,0,0
synthetic_e_scooter,2025-04-09,2025-04-09 03:00:00,2025-04-09 04:00:00,e-scooter,F Francois-Mitterrand-Platz,100,0,1
synthetic_e_scooter,2025-04-09,2025-04-09 03:00:00,2025-04-09 04:00:00,e-scooter,F Francois-Mitterrand-Platz,250,0,1
synthetic_e_scooter,2025-04-09,2025-04-09 03:00:00,2025-04-09 04:00:00,e-scooter,F Francois-Mitterrand-Platz,350,0,1
synthetic_bikesharing,2025-04-09,2025-04-09 03:00:00,2025-04-09 04:00:00,bicycle,F Miquel-/Adickesallee,50,0,0
synthetic_bikesharing,2025-04-09,2025-04-09 03:00:00,2025-04-09 04:00:00,bicycle,F Miquel-/Adickesallee,100,0,0
synthetic_bikesharing,2025-04-09,2025-04-09 03:00:00,2025-04-09 04:00:00,bicycle,F Miquel-/Adickesallee,250,0,0
synthetic_bikesharing,2025-04-09,2025-04-09 03:00:00,2025-04-09 04:00:00,bicycle,F Miquel-/Adickesallee,350,0,0
synthetic_e_scooter,2025-04-09,2025-04-09 03:00:00,2025-04-09 04:00:00,e-scooter,F Miquel-/Adickesallee,50,0,0
synthetic_e_scooter,2025-04-09,2025-04-09 03:00:00,2025-04-09 04:00:00,e-scooter,F Miquel-/Adickesallee,100,0,0
synthetic_e_scooter,2025-04-09,2025-04-09 03:00:00,2025-04-09 04:00:00,e-scooter,F Miquel-/Adickesallee,250,0,0
synthetic_e_scooter,2025-04-09,2025-04-09 03:00:00,2025-04-09 04:00:00,e-scooter,F Miquel-/Adickesallee,350,1,1
synthetic_bikesharing,2025-04-09,2025-04-09 03:00:00,2025-04-09 04:00:00,bicycle,F Plieningerstraße,50,0,0
synthetic_bikesharing,2025-04-09,2025-04-09 03:00:00,2025-04-09 04:00:00,bicycle,F Plieningerstraße,100,0,0
synthetic_bikesharing,2025-04-09,2025-04-09 03:00:00,2025-04-09 04:00:00,bicycle,F Plieningerstraße,250,0,0
synthetic_bikesharing,2025-04-09,2025-04-09 03:00:00,2025-04-09 04:00:00,bicycle,F Plieningerstraße,350,0,0
synthetic_e_scooter,2025-04-09,2025-04-09 03:00:00,2025-04-09 04:00:00,e-scooter,F Plieningerstraße,50,0,0
synthetic_e_scooter,2025-04-09,2025-04-09 03:00:00,2025-04-09 04:00:00,e-scooter,F Plieningerstraße,100,0,0
synthetic_e_scooter,2025-04-09,2025-04-09 03:00:00,2025-04-09 04:00:00,e-scooter,F Plieningerstraße,250,0,0
synthetic_e_scooter,2025-04-09,2025-04-09 03:00:00,2025-04-09 04:00:00,e-scooter,F Plieningerstraße,350,0,0
synthetic_bikesharing,2025-04-09,2025-04-09 03:00:00,2025-04-09 04:00:00,bicycle,F Weser-/Münchener Straße,50,0,0
synthetic_bikesharing,2025-04-09,2025-04-09 03:00:00,2025-04-09 04:00:00,bicycle,F Weser-/Münchener Straße,100,0,0
synthetic_bikesharing,2025-04-09,2025-04-09 03:00:00,2025-04-09 04:00:00,bicycle,F Weser-/Münchener Straße,250,0,0
synthetic_bikesharing,2025-04-09,2025-04-09 03:00:00,2025-04-09 04:00:00,bicycle,F Weser-/Münchener Straße,350,0,0
synthetic_e_scooter,2025-04-09,2025-04-09 03:00:00,2025-04-09 04:00:00,e-scooter,F Weser-/Münchener Straße,50,0,0
synthetic_e_scooter,2025-04-09,2025-04-09 03:00:00,2025-04-09 04:00:00,e-scooter,F Weser-/Münchener Straße,100,0,0
synthetic_e_scooter,2025-04-09,2025-04-09 03:00:00,2025-04-09 04:00:00,e-scooter,F Weser-/Münchener Straße,250,0,0
synthetic_e_scooter,2025-04-09,2025-04-09 03:00:00,2025-04-09 04:00:00,e-scooter,F Weser-/Münchener Straße,350,2,0
synthetic_bikesharing,2025-04-09,2025-04-09 04:00:00,2025-04-09 05:00:00,bicycle,*405 F Dornbusch/Am Grünhof,50,0,1
synthetic_bikesharing,2025-04-09,2025-04-09 04:00:00,2025-04-09 05:00:00,bicycle,*405 F Dornbusch/Am Grünhof,100,0,1
synthetic_bikesharing,2025-04-09,2025-04-09 04:00:00,2025-04-09 05:00:00,bicycle,*405 F Dornbusch/Am Grünhof,250,0,1
synthetic_bikesharing,2025-04-09,2025-04-09 04:00:00,2025-04-09 05:00:00,bicycle,*405 F Dornbusch/Am Grünhof,350,0,1
synthetic_e_scooter,2025-04-09,2025-04-09 04:00:00,2025-04-09 05:00:00,e-scooter,*405 F Dornbusch/Am Grünhof,50,0,0
synthetic_e_scooter,2025-04-09,2025-04-09 04:00:00,2025-04-09 05:00:00,e-scooter,*405 F Dornbusch/Am Grünhof,100,0,0
synthetic_e_scooter,2025-04-09,2025-04-09 04:00:00,2025-04-09 05:00:00,e-scooter,*405 F Dornbusch/Am Grünhof,250,0,0
synthetic_e_scooter,2025-04-09,2025-04-09 04:00:00,2025-04-09 05:00:00,e-scooter,*405 F Dornbusch/Am Grünhof,350,0,0
synthetic_bikesharing,2025-04-09,2025-04-09 04:00:00,2025-04-09 05:00:00,bicycle,F Francois-Mitterrand-Platz,50,0,0
synthetic_bikesharing,2025-04-09,2025-04-09 04:00:00,2025-04-09 05:00:00,bicycle,F Francois-Mitterrand-Platz,100,0,0
synthetic_bikesharing,2025-04-09,2025-04-09 04:00:00,2025-04-09 05:00:00,bicycle,F Francois-Mitterrand-Platz,250,0,0
synthetic_bikesharing,2025-04-09,2025-04-09 04:00:00,2025-04-09 05:00:00,bicycle,F Francois-Mitterrand-Platz,350,0,1
synthetic_e_scooter,2025-04-09,2025-04-09 04:00:00,2025-04-09 05:00:00,e-scooter,F Francois-Mitterrand-Platz,50,0,0
synthetic_e_scooter,2025-04-09,2025-04-09 04:00:00,2025-04-09 05:00:00,e-scooter,F Francois-Mitterrand-Platz,100,0,0
synthetic_e_scooter,2025-04-09,2025-04-09 04:00:00,2025-04-09 05:00:00,e-scooter,F Francois-Mitterrand-Platz,250,1,0
synthetic_e_scooter,2025-04-09,2025-04-09 04:00:00,2025-04-09 05:00:00,e-scooter,F Francois-Mitterrand-Platz,350,1,0
synthetic_bikesharing,2025-04-09,2025-04-09 04:00:00,2025-04-09 05:00:00,bicycle,F Miquel-/Adickesallee,50,0,0
synthetic_bikesharing,2025-04-09,2025-04-09 04:00:00,2025-04-09 05:00:00,bicycle,F Miquel-/Adickesallee,100,0,0
synthetic_bikesharing,2025-04-09,2025-04-09 04:00:00,2025-04-09 05:00:00,bicycle,F Miquel-/Adickesallee,250,0,0
synthetic_bikesharing,2025-04-09,2025-04-09 04:00:00,2025-04-09 05:00:00,bicycle,F Miquel-/Adickesallee,350,0,0
synthetic_e_scooter,2025-04-09,2025-04-09 04:00:00,2025-04-09 05:00:00,e-scooter,F Miquel-/Adickesallee,50,0,0
synthetic_e_scooter,2025-04-09,2025-04-09 04:00:00,2025-04-09 05:00:00,e-scooter,F Miquel-/Adickesallee,100,0,0
synthetic_e_scooter,2025-04-09,2025-04-09 04:00:00,2025-04-09 05:00:00,e-scooter,F Miquel-/Adickesallee,250,0,1
synthetic_e_scooter,2025-04-09,2025-04-09 04:00:00,2025-04-09 05:00:00,e-scooter,F Miquel-/Adickesallee,350,0,1
synthetic_bikesharing,2025-04-09,2025-04-09 04:00:00,2025-04-09 05:00:00,bicycle,F Plieningerstraße,50,0,0
synthetic_bikesharing,2025-04-09,2025-04-09 04:00:00,2025-04-09 05:00:00,bicycle,F Plieningerstraße,100,0,0
synthetic_bikesharing,2025-04-09,2025-04-09 04:00:00,2025-04-09 05:00:00,bicycle,F Plieningerstraße,250,0,0
synthetic_bikesharing,2025-04-09,2025-04-09 04:00:00,2025-04-09 05:00:00,bicycle,F Plieningerstraße,350,0,0
synthetic_e_scooter,2025-04-09,2025-04-09 04:00:00,2025-04-09 05:00:00,e-scooter,F Plieningerstraße,50,0,0
synthetic_e_scooter,2025-04-09,2025-04-09 04:00:00,2025-04-09 05:00:00,e-scooter,F Plieningerstraße,100,0,0
synthetic_e_scooter,2025-04-09,2025-04-09 04:00:00,2025-04-09 05:00:00,e-scooter,F Plieningerstraße,250,0,0
synthetic_e_scooter,2025-04-09,2025-04-09 04:00:00,2025-04-09 05:00:00,e-scooter,F Plieningerstraße,350,0,0
synthetic_bikesharing,2025-04-09,2025-04-09 04:00:00,2025-04-09 05:00:00,bicycle,F Weser-/Münchener Straße,50,0,0
synthetic_bikesharing,2025-04-09,2025-04-09 04:00:00,2025-04-09 05:00:00,bicycle,F Weser-/Münchener Straße,100,0,0
synthetic_bikesharing,2025-04-09,2025-04-09 04:00:00,2025-04-09 05:00:00,bicycle,F Weser-/Münchener Straße,250,0,0
synthetic_bikesharing,2025-04-09,2025-04-09 04:00:00,2025-04-09 05:00:00,bicycle,F Weser-/Münchener Straße,350,0,1
synthetic_e_scooter,2025-04-09,2025-04-09 04:00:00,2025-04-09 05:00:00,e-scooter,F Weser-/Münchener Straße,50,0,0
synthetic_e_scooter,2025-04-09,2025-04-09 04:00:00,2025-04-09 05:00:00,e-scooter,F Weser-/Münchener Straße,100,0,1
synthetic_e_scooter,2025-04-09,2025-04-09 04:00:00,2025-04-09 05:00:00,e-scooter,F Weser-/Münchener Straße,250,0,1
synthetic_e_scooter,2025-04-09,2025-04-09 04:00:00,2025-04-09 05:00:00,e-scooter,F Weser-/Münchener Straße,350,0,1
synthetic_bikesharing,2025-04-09,2025-04-09 05:00:00,2025-04-09 06:00:00,bicycle,*405 F Dornbusch/Am Grünhof,50,0,0
synthetic_bikesharing,2025-04-09,2025-04-09 05:00:00,2025-04-09 06:00:00,bicycle,*405 F Dornbusch/Am Grünhof,100,0,0
synthetic_bikesharing,2025-04-09,2025-04-09 05:00:00,2025-04-09 06:00:00,bicycle,*405 F Dornbusch/Am Grünhof,250,0,1
synthetic_bikesharing,2025-04-09,2025-04-09 05:00:00,2025-04-09 06:00:00,bicycle,*405 F Dornbusch/Am Grünhof,350,1,1
synthetic_e_scooter,2025-04-09,2025-04-09 05:00:00,2025-04-09 06:00:00,e-scooter,*405 F Dornbusch/Am Grünhof,50,0,0
synthetic_e_scooter,2025-04-09,2025-04-09 05:00:00,2025-04-09 06:00:00,e-scooter,*405 F Dornbusch/Am Grünhof,100,0,0
synthetic_e_scooter,2025-04-09,2025-04-09 05:00:00,2025-04-09 06:00:00,e-scooter,*405 F Dornbusch/Am Grünhof,250,0,0
synthetic_e_scooter,2025-04-09,2025-04-09 05:00:00,2025-04-09 06:00:00,e-scooter,*405 F Dornbusch/Am Grünhof,350,1,0
synthetic_bikesharing,2025-04-09,2025-04-09 05:00:00,2025-04-09 06:00:00,bicycle,F Francois-Mitterrand-Platz,50,0,0
synthetic_bikesharing,2025-04-09,2025-04-09 05:00:00,2025-04-09 06:00:00,bicycle,F Francois-Mitterrand-Platz,100,0,0
synthetic_bikesharing,2025-04-09,2025-04-09 05:00:00,2025-04-09 06:00:00,bicycle,F Francois-Mitterrand-Platz,250,0,0
synthetic_bikesharing,2025-04-09,2025-04-09 05:00:00,2025-04-09 06:00:00,bicycle,F Francois-Mitterrand-Platz,350,0,0
synthetic_e_scooter,2025-04-09,2025-04-09 05:00:00,2025-04-09 06:00:00,e-scooter,F Francois-Mitterrand-Platz,50,0,0
synthetic_e_scooter,2025-04-09,2025-04-09 05:00:00,2025-04-09 06:00:00,e-scooter,F Francois-Mitterrand-Platz,100,0,0
synthetic_e_scooter,2025-04-09,2025-04-09 05:00:00,2025-04-09 06:00:00,e-scooter,F Francois-Mitterrand-Platz,250,0,0
synthetic_e_scooter,2025-04-09,2025-04-09 05:00:00,2025-04-09 06:00:00,e-scooter,F Francois-Mitterrand-Platz,350,0,0
synthetic_bikesharing,2025-04-09,2025-04-09 05:00:00,2025-04-09 06:00:00,bicycle,F Miquel-/Adickesallee,50,0,0
synthetic_bikesharing,2025-04-09,2025-04-09 05:00:00,2025-04-09 06:00:00,bicycle,F Miquel-/Adickesallee,100,0,0
synthetic_bikesharing,2025-04-09,2025-04-09 05:00:00,2025-04-09 06:00:00,bicycle,F Miquel-/Adickesallee,250,1,2
synthetic_bikesharing,2025-04-09,2025-04-09 05:00:00,2025-04-09 06:00:00,bicycle,F Miquel-/Adickesallee,350,1,3
synthetic_e_scooter,2025-04-09,2025-04-09 05:00:00,2025-04-09 06:00:00,e-scooter,F Miquel-/Adickesallee,50,0,0
synthetic_e_scooter,2025-04-09,2025-04-09 05:00:00,2025-04-09 06:00:00,e-scooter,F Miquel-/Adickesallee,100,0,0
synthetic_e_scooter,2025-04-09,2025-04-09 05:00:00,2025-04-09 06:00:00,e-scooter,F Miquel-/Adickesallee,250,0,1
synthetic_e_scooter,2025-04-09,2025-04-09 05:00:00,2025-04-09 06:00:00,e-scooter,F Miquel-/Adickesallee,350,1,1
synthetic_bikesharing,2025-04-09,2025-04-09 05:00:00,2025-04-09 06:00:00,bicycle,F Plieningerstraße,50,0,0
synthetic_bikesharing,2025-04-09,2025-04-09 05:00:00,2025-04-09 06:00:00,bicycle,F Plieningerstraße,100,1,0
synthetic_bikesharing,2025-04-09,2025-04-09 05:00:00,2025-04-09 06:00:00,bicycle,F Plieningerstraße,250,1,0
synthetic_bikesharing,2025-04-09,2025-04-09 05:00:00,2025-04-09 06:00:00,bicycle,F Plieningerstraße,350,2,0
synthetic_e_scooter,2025-04-09,2025-04-09 05:00:00,2025-04-09 06:00:00,e-scooter,F Plieningerstraße,50,0,0
synthetic_e_scooter,2025-04-09,2025-04-09 05:00:00,2025-04-09 06:00:00,e-scooter,F Plieningerstraße,100,0,0
synthetic_e_scooter,2025-04-09,2025-04-09 05:00:00,2025-04-09 06:00:00,e-scooter,F Plieningerstraße,250,0,1
synthetic_e_scooter,2025-04-09,2025-04-09 05:00:00,2025-04-09 06:00:00,e-scooter,F Plieningerstraße,350,1,1
synthetic_bikesharing,2025-04-09,2025-04-09 05:00:00,2025-04-09 06:00:00,bicycle,F Weser-/Münchener Straße,50,0,1
synthetic_bikesharing,2025-04-09,2025-04-09 05:00:00,2025-04-09 06:00:00,bicycle,F Weser-/Münchener Straße,100,0,1
synthetic_bikesharing,2025-04-09,2025-04-09 05:00:00,2025-04-09 06:00:00,bicycle,F Weser-/Münchener Straße,250,1,2
synthetic_bikesharing,2025-04-09,2025-04-09 05:00:00,2025-04-09 06:00:00,bicycle,F Weser-/Münchener Straße,350,2,2
synthetic_e_scooter,2025-04-09,2025-04-09 05:00:00,2025-04-09 06:00:00,e-scooter,F Weser-/Münchener Straße,50,0,0
synthetic_e_scooter,2025-04-09,2025-04-09 05:00:00,2025-04-09 06:00:00,e-scooter,F Weser-/Münchener Straße,100,0,0
synthetic_e_scooter,2025-04-09,2025-04-09 05:00:00,2025-04-09 06:00:00,e-scooter,F Weser-/Münchener Straße,250,1,3
synthetic_e_scooter,2025-04-09,2025-04-09 05:00:00,2025-04-09 06:00:00,e-scooter,F Weser-/Münchener Straße,350,2,4
synthetic_bikesharing,2025-04-09,2025-04-09 06:00:00,2025-04-09 07:00:00,bicycle,*405 F Dornbusch/Am Grünhof,50,1,0
synthetic_bikesharing,2025-04-09,2025-04-09 06:00:00,2025-04-09 07:00:00,bicycle,*405 F Dornbusch/Am Grünhof,100,1,1
synthetic_bikesharing,2025-04-09,2025-04-09 06:00:00,2025-04-09 07:00:00,bicycle,*405 F Dornbusch/Am Grünhof,250,1,1
synthetic_bikesharing,2025-04-09,2025-04-09 06:00:00,2025-04-09 07:00:00,bicycle,*405 F Dornbusch/Am Grünhof,350,1,1
synthetic_e_scooter,2025-04-09,2025-04-09 06:00:00,2025-04-09 07:00:00,e-scooter,*405 F Dornbusch/Am Grünhof,50,0,0
synthetic_e_scooter,2025-04-09,2025-04-09 06:00:00,2025-04-09 07:00:00,e-scooter,*405 F Dornbusch/Am Grünhof,100,0,0
synthetic_e_scooter,2025-04-09,2025-04-09 06:00:00,2025-04-09 07:00:00,e-scooter,*405 F Dornbusch/Am Grünhof,250,1,0
synthetic_e_scooter,2025-04-09,2025-04-09 06:00:00,2025-04-09 07:00:00,e-scooter,*405 F Dornbusch/Am Grünhof,350,2,0
synthetic_bikesharing,2025-04-09,2025-04-09 06:00:00,2025-04-09 07:00:00,bicycle,F Francois-Mitterrand-Platz,50,0,0
synthetic_bikesharing,2025-04-09,2025-04-09 06:00:00,2025-04-09 07:00:00,bicycle,F Francois-Mitterrand-Platz,100,0,0
synthetic_bikesharing,2025-04-09,2025-04-09 06:00:00,2025-04-09 07:00:00,bicycle,F Francois-Mitterrand-Platz,250,0,1
synthetic_bikesharing,2025-04-09,2025-04-09 06:00:00,2025-04-09 07:00:00,bicycle,F Francois-Mitterrand-Platz,350,0,2
synthetic_e_scooter,2025-04-09,2025-04-09 06:00:00,2025-04-09 07:00:00,e-scooter,F Francois-Mitterrand-Platz,50,0,0
synthetic_e_scooter,2025-04-09,2025-04-09 06:00:00,2025-04-09 07:00:00,e-scooter,F Francois-Mitterrand-Platz,100,0,0
synthetic_e_scooter,2025-04-09,2025-04-09 06:00:00,2025-04-09 07:00:00,e-scooter,F Francois-Mitterrand-Platz,250,0,1
synthetic_e_scooter,2025-04-09,2025-04-09 06:00:00,2025-04-09 07:00:00,e-scooter,F Francois-Mitterrand-Platz,350,0,1
synthetic_bikesharing,2025-04-09,2025-04-09 06:00:00,2025-04-09 07:00:00,bicycle,F Miquel-/Adickesallee,50,1,2
synthetic_bikesharing,2025-04-09,2025-04-09 06:00:00,2025-04-09 07:00:00,bicycle,F Miquel-/Adickesallee,100,2,2
synthetic_bikesharing,2025-04-09,2025-04-09 06:00:00,2025-04-09 07:00:00,bicycle,F Miquel-/Adickesallee,250,5,2
synthetic_bikesharing,2025-04-09,2025-04-09 06:00:00,2025-04-09 07:00:00,bicycle,F Miquel-/Adickesallee,350,5,2
synthetic_e_scooter,2025-04-09,2025-04-09 06:00:00,2025-04-09 07:00:00,e-scooter,F Miquel-/Adickesallee,50,0,1
synthetic_e_scooter,2025-04-09,2025-04-09 06:00:00,2025-04-09 07:00:00,e-scooter,F Miquel-/Adickesallee,100,0,1
synthetic_e_scooter,2025-04-09,2025-04-09 06:00:00,2025-04-09 07:00:00,e-scooter,F Miquel-/Adickesallee,250,2,3
synthetic_e_scooter,2025-04-09,2025-04-09 06:00:00,2025-04-09 07:00:00,e-scooter,F Miquel-/Adickesallee,350,5,3
synthetic_bikesharing,2025-04-09,2025-04-09 06:00:00,2025-04-09 07:00:00,bicycle,F Plieningerstraße,50,1,0
synthetic_bikesharing,2025-04-09,2025-04-09 06:00:00,2025-04-09 07:00:00,bicycle,F Plieningerstraße,100,1,0
synthetic_bikesharing,2025-04-09,2025-04-09 06:00:00,2025-04-09 07:00:00,bicycle,F Plieningerstraße,250,3,0
synthetic_bikesharing,2025-04-09,2025-04-09 06:00:00,2025-04-09 07:00:00,bicycle,F Plieningerstraße,350,3,1
synthetic_e_scooter,2025-04-09,2025-04-09 06:00:00,2025-04-09 07:00:00,e-scooter,F Plieningerstraße,50,0,0
synthetic_e_scooter,2025-04-09,2025-04-09 06:00:00,2025-04-09 07:00:00,e-scooter,F Plieningerstraße,100,0,0
synthetic_e_scooter,2025-04-09,2025-04-09 06:00:00,2025-04-09 07:00:00,e-scooter,F Plieningerstraße,250,0,0
synthetic_e_scooter,2025-04-09,2025-04-09 06:00:00,2025-04-09 07:00:00,e-scooter,F Plieningerstraße,350,1,1
synthetic_bikesharing,2025-04-09,2025-04-09 06:00:00,2025-04-09 07:00:00,bicycle,F Weser-/Münchener Straße,50,2,0
synthetic_bikesharing,2025-04-09,2025-04-09 06:00:00,2025-04-09 07:00:00,bicycle,F Weser-/Münchener Straße,100,4,4
synthetic_bikesharing,2025-04-09,2025-04-09 06:00:00,2025-04-09 07:00:00,bicycle,F Weser-/Münchener Straße,250,7,8
synthetic_bikesharing,2025-04-09,2025-04-09 06:00:00,2025-04-09 07:00:00,bicycle,F Weser-/Münchener Straße,350,8,8
synthetic_e_scooter,2025-04-09,2025-04-09 06:00:00,2025-04-09 07:00:00,e-scooter,F Weser-/Münchener Straße,50,1,0
synthetic_e_scooter,2025-04-09,2025-04-09 06:00:00,2025-04-09 07:00:00,e-scooter,F Weser-/Münchener Straße,100,1,0
synthetic_e_scooter,2025-04-09,2025-04-09 06:00:00,2025-04-09 07:00:00,e-scooter,F Weser-/Münchener Straße,250,1,0
synthetic_e_scooter,2025-04-09,2025-04-09 06:00:00,2025-04-09 07:00:00,e-scooter,F Weser-/Münchener Straße,350,2,1
synthetic_bikesharing,2025-04-09,2025-04-09 07:00:00,2025-04-09 08:00:00,bicycle,*405 F Dornbusch/Am Grünhof,50,0,1
synthetic_bikesharing,2025-04-09,2025-04-09 07:00:00,2025-04-09 08:00:00,bicycle,*405 F Dornbusch/Am Grünhof,100,1,2
synthetic_bikesharing,2025-04-09,2025-04-09 07:00:00,2025-04-09 08:00:00,bicycle,*405 F Dornbusch/Am Grünhof,250,5,5
synthetic_bikesharing,2025-04-09,2025-04-09 07:00:00,2025-04-09 08:00:00,bicycle,*405 F Dornbusch/Am Grünhof,350,6,6
synthetic_e_scooter,2025-04-09,2025-04-09 07:00:00,2025-04-09 08:00:00,e-scooter,*405 F Dornbusch/Am Grünhof,50,0,0
synthetic_e_scooter,2025-04-09,2025-04-09 07:00:00,2025-04-09 08:00:00,e-scooter,*405 F Dornbusch/Am Grünhof,100,0,0
synthetic_e_scooter,2025-04-09,2025-04-09 07:00:00,2025-04-09 08:00:00,e-scooter,*405 F Dornbusch/Am Grünhof,250,0,0
synthetic_e_scooter,2025-04-09,2025-04-09 07:00:00,2025-04-09 08:00:00,e-scooter,*405 F Dornbusch/Am Grünhof,350,0,1
synthetic_bikesharing,2025-04-09,2025-04-09 07:00:00,2025-04-09 08:00:00,bicycle,F Francois-Mitterrand-Platz,50,0,0
synthetic_bikesharing,2025-04-09,2025-04-09 07:00:00,2025-04-09 08:00:00,bicycle,F Francois-Mitterrand-Platz,100,2,2
synthetic_bikesharing,2025-04-09,2025-04-09 07:00:00,2025-04-09 08:00:00,bicycle,F Francois-Mitterrand-Platz,250,3,6
synthetic_bikesharing,2025-04-09,2025-04-09 07:00:00,2025-04-09 08:00:00,bicycle,F Francois-Mitterrand-Platz,350,4,8
synthetic_e_scooter,2025-04-09,2025-04-09 07:00:00,2025-04-09 08:00:00,e-scooter,F Francois-Mitterrand-Platz,50,0,0
synthetic_e_scooter,2025-04-09,2025-04-09 07:00:00,2025-04-09 08:00:00,e-scooter,F Francois-Mitterrand-Platz,100,0,2
synthetic_e_scooter,2025-04-09,2025-04-09 07:00:00,2025-04-09 08:00:00,e-scooter,F Francois-Mitterrand-Platz,250,0,5
synthetic_e_scooter,2025-04-09,2025-04-09 07:00:00,2025-04-09 08:00:00,e-scooter,F Francois-Mitterrand-Platz,350,0,7
synthetic_bikesharing,2025-04-09,2025-04-09 07:00:00,2025-04-09 08:00:00,bicycle,F Miquel-/Adickesallee,50,0,0
synthetic_bikesharing,2025-04-09,2025-04-09 07:00:00,2025-04-09 08:00:00,bicycle,F Miquel-/Adickesallee,100,3,0
synthetic_bikesharing,2025-04-09,2025-04-09 07:00:00,2025-04-09 08:00:00,bicycle,F Miquel-/Adickesallee,250,11,4
synthetic_bikesharing,2025-04-09,2025-04-09 07:00:00,2025-04-09 08:00:00,bicycle,F Miquel-/Adickesallee,350,18,6
synthetic_e_scooter,2025-04-09,2025-04-09 07:00:00,2025-04-09 08:00:00,e-scooter,F Miquel-/Adickesallee,50,1,0
synthetic_e_scooter,2025-04-09,2025-04-09 07:00:00,2025-04-09 08:00:00,e-scooter,F Miquel-/Adickesallee,100,2,0
synthetic_e_scooter,2025-04-09,2025-04-09 07:00:00,2025-04-09 08:00:00,e-scooter,F Miquel-/Adickesallee,250,9,1
synthetic_e_scooter,2025-04-09,2025-04-09 07:00:00,2025-04-09 08:00:00,e-scooter,F Miquel-/Adickesallee,350,11,1
synthetic_bikesharing,2025-04-09,2025-04-09 07:00:00,2025-04-09 08:00:00,bicycle,F Plieningerstraße,50,0,0
synthetic_bikesharing,2025-04-09,2025-04-09 07:00:00,2025-04-09 08:00:00,bicycle,F Plieningerstraße,100,1,2
synthetic_bikesharing,2025-04-09,2025-04-09 07:00:00,2025-04-09 08:00:00,bicycle,F Plieningerstraße,250,2,2
synthetic_bikesharing,2025-04-09,2025-04-09 07:00:00,2025-04-09 08:00:00,bicycle,F Plieningerstraße,350,3,2
synthetic_e_scooter,2025-04-09,2025-04-09 07:00:00,2025-04-09 08:00:00,e-scooter,F Plieningerstraße,50,0,0
synthetic_e_scooter,2025-04-09,2025-04-09 07:00:00,2025-04-09 08:00:00,e-scooter,F Plieningerstraße,100,0,0
synthetic_e_scooter,2025-04-09,2025-04-09 07:00:00,2025-04-09 08:00:00,e-scooter,F Plieningerstraße,250,0,1
synthetic_e_scooter,2025-04-09,2025-04-09 07:00:00,2025-04-09 08:00:00,e-scooter,F Plieningerstraße,350,0,1
synthetic_bikesharing,2025-04-09,2025-04-09 07:00:00,2025-04-09 08:00:00,bicycle,F Weser-/Münchener Straße,50,4,2
synthetic_bikesharing,2025-04-09,2025-04-09 07:00:00,2025-04-09 08:00:00,bicycle,F Weser-/Münchener Straße,100,8,4
synthetic_bikesharing,2025-04-09,2025-04-09 07:00:00,2025-04-09 08:00:00,bicycle,F Weser-/Münchener Straße,250,14,8
synthetic_bikesharing,2025-04-09,2025-04-09 07:00:00,2025-04-09 08:00:00,bicycle,F Weser-/Münchener Straße,350,17,11
synthetic_e_scooter,2025-04-09,2025-04-09 07:00:00,2025-04-09 08:00:00,e-scooter,F Weser-/Münchener Straße,50,2,3
synthetic_e_scooter,2025-04-09,2025-04-09 07:00:00,2025-04-09 08:00:00,e-scooter,F Weser-/Münchener Straße,100,3,3
synthetic_e_scooter,2025-04-09,2025-04-09 07:00:00,2025-04-09 08:00:00,e-scooter,F Weser-/Münchener Straße,250,7,5
synthetic_e_scooter,2025-04-09,2025-04-09 07:00:00,2025-04-09 08:00:00,e-scooter,F Weser-/Münchener Straße,350,10,5
synthetic_bikesharing,2025-04-09,2025-04-09 08:00:00,2025-04-09 09:00:00,bicycle,*405 F Dornbusch/Am Grünhof,50,1,1
synthetic_bikesharing,2025-04-09,2025-04-09 08:00:00,2025-04-09 09:00:00,bicycle,*405 F Dornbusch/Am Grünhof,100,3,1
synthetic_bikesharing,2025-04-09,2025-04-09 08:00:00,2025-04-09 09:00:00,bicycle,*405 F Dornbusch/Am Grünhof,250,8,2
synthetic_bikesharing,2025-04-09,2025-04-09 08:00:00,2025-04-09 09:00:00,bicycle,*405 F Dornbusch/Am Grünhof,350,12,2
synthetic_e_scooter,2025-04-09,2025-04-09 08:00:00,2025-04-09 09:00:00,e-scooter,*405 F Dornbusch/Am Grünhof,50,0,0
synthetic_e_scooter,2025-04-09,2025-04-09 08:00:00,2025-04-09 09:00:00,e-scooter,*405 F Dornbusch/Am Grünhof,100,0,0
synthetic_e_scooter,2025-04-09,2025-04-09 08:00:00,2025-04-09 09:00:00,e-scooter,*405 F Dornbusch/Am Grünhof,250,1,1
synthetic_e_scooter,2025-04-09,2025-04-09 08:00:00,2025-04-09 09:00:00,e-scooter,*405 F Dornbusch/Am Grünhof,350,1,3
synthetic_bikesharing,2025-04-09,2025-04-09 08:00:00,2025-04-09 09:00:00,bicycle,F Francois-Mitterrand-Platz,50,0,0
synthetic_bikesharing,2025-04-09,2025-04-09 08:00:00,2025-04-09 09:00:00,bicycle,F Francois-Mitterrand-Platz,100,2,2
synthetic_bikesharing,2025-04-09,2025-04-09 08:00:00,2025-04-09 09:00:00,bicycle,F Francois-Mitterrand-Platz,250,3,4
synthetic_bikesharing,2025-04-09,2025-04-09 08:00:00,2025-04-09 09:00:00,bicycle,F Francois-Mitterrand-Platz,350,6,9
synthetic_e_scooter,2025-04-09,2025-04-09 08:00:00,2025-04-09 09:00:00,e-scooter,F Francois-Mitterrand-Platz,50,0,2
synthetic_e_scooter,2025-04-09,2025-04-09 08:00:00,2025-04-09 09:00:00,e-scooter,F Francois-Mitterrand-Platz,100,0,3
synthetic_e_scooter,2025-04-09,2025-04-09 08:00:00,2025-04-09 09:00:00,e-scooter,F Francois-Mitterrand-Platz,250,1,4
synthetic_e_scooter,2025-04-09,2025-04-09 08:00:00,2025-04-09 09:00:00,e-scooter,F Francois-Mitterrand-Platz,350,1,6
synthetic_bikesharing,2025-04-09,2025-04-09 08:00:00,2025-04-09 09:00:00,bicycle,F Miquel-/Adickesallee,50,1,0
synthetic_bikesharing,2025-04-09,2025-04-09 08:00:00,2025-04-09 09:00:00,bicycle,F Miquel-/Adickesallee,100,7,0
synthetic_bikesharing,2025-04-09,2025-04-09 08:00:00,2025-04-09 09:00:00,bicycle,F Miquel-/Adickesallee,250,12,9
synthetic_bikesharing,2025-04-09,2025-04-09 08:00:00,2025-04-09 09:00:00,bicycle,F Miquel-/Adickesallee,350,15,11
synthetic_e_scooter,2025-04-09,2025-04-09 08:00:00,2025-04-09 09:00:00,e-scooter,F Miquel-/Adickesallee,50,0,0
synthetic_e_scooter,2025-04-09,2025-04-09 08:00:00,2025-04-09 09:00:00,e-scooter,F Miquel-/Adickesallee,100,2,0
synthetic_e_scooter,2025-04-09,2025-04-09 08:00:00,2025-04-09 09:00:00,e-scooter,F Miquel-/Adickesallee,250,4,2
synthetic_e_scooter,2025-04-09,2025-04-09 08:00:00,2025-04-09 09:00:00,e-scooter,F Miquel-/Adickesallee,350,5,2
synthetic_bikesharing,2025-04-09,2025-04-09 08:00:00,2025-04-09 09:00:00,bicycle,F Plieningerstraße,50,0,1
synthetic_bikesharing,2025-04-09,2025-04-09 08:00:00,2025-04-09 09:00:00,bicycle,F Plieningerstraße,100,0,2
synthetic_bikesharing,2025-04-09,2025-04-09 08:00:00,2025-04-09 09:00:00,bicycle,F Plieningerstraße,250,2,3
synthetic_bikesharing,2025-04-09,2025-04-09 08:00:00,2025-04-09 09:00:00,bicycle,F Plieningerstraße,350,3,5
synthetic_e_scooter,2025-04-09,2025-04-09 08:00:00,2025-04-09 09:00:00,e-scooter,F Plieningerstraße,50,0,0
synthetic_e_scooter,2025-04-09,2025-04-09 08:00:00,2025-04-09 09:00:00,e-scooter,F Plieningerstraße,100,1,0
synthetic_e_scooter,2025-04-09,2025-04-09 08:00:00,2025-04-09 09:00:00,e-scooter,F Plieningerstraße,250,2,0
synthetic_e_scooter,2025-04-09,2025-04-09 08:00:00,2025-04-09 09:00:00,e-scooter,F Plieningerstraße,350,3,0
synthetic_bikesharing,2025-04-09,2025-04-09 08:00:00,2025-04-09 09:00:00,bicycle,F Weser-/Münchener Straße,50,2,0
synthetic_bikesharing,2025-04-09,2025-04-09 08:00:00,2025-04-09 09:00:00,bicycle,F Weser-/Münchener Straße,100,5,1
synthetic_bikesharing,2025-04-09,2025-04-09 08:00:00,2025-04-09 09:00:00,bicycle,F Weser-/Münchener Straße,250,14,3
synthetic_bikesharing,2025-04-09,2025-04-09 08:00:00,2025-04-09 09:00:00,bicycle,F Weser-/Münchener Straße,350,19,3
synthetic_e_scooter,2025-04-09,2025-04-09 08:00:00,2025-04-09 09:00:00,e-scooter,F Weser-/Münchener Straße,50,1,0
synthetic_e_scooter,2025-04-09,2025-04-09 08:00:00,2025-04-09 09:00:00,e-scooter,F Weser-/Münchener Straße,100,2,0
synthetic_e_scooter,2025-04-09,2025-04-09 08:00:00,2025-04-09 09:00:00,e-scooter,F Weser-/Münchener Straße,250,3,0
synthetic_e_scooter,2025-04-09,2025-04-09 08:00:00,2025-04-09 09:00:00,e-scooter,F Weser-/Münchener Straße,350,3,1
synthetic_bikesharing,2025-04-09,2025-04-09 09:00:00,2025-04-09 10:00:00,bicycle,*405 F Dornbusch/Am Grünhof,50,0,0
synthetic_bikesharing,2025-04-09,2025-04-09 09:00:00,2025-04-09 10:00:00,bicycle,*405 F Dornbusch/Am Grünhof,100,0,2
synthetic_bikesharing,2025-04-09,2025-04-09 09:00:00,2025-04-09 10:00:00,bicycle,*405 F Dornbusch/Am Grünhof,250,1,3
synthetic_bikesharing,2025-04-09,2025-04-09 09:00:00,2025-04-09 10:00:00,bicycle,*405 F Dornbusch/Am Grünhof,350,3,3
synthetic_e_scooter,2025-04-09,2025-04-09 09:00:00,2025-04-09 10:00:00,e-scooter,*405 F Dornbusch/Am Grünhof,50,0,0
synthetic_e_scooter,2025-04-09,2025-04-09 09:00:00,2025-04-09 10:00:00,e-scooter,*405 F Dornbusch/Am Grünhof,100,0,0
synthetic_e_scooter,2025-04-09,2025-04-09 09:00:00,2025-04-09 10:00:00,e-scooter,*405 F Dornbusch/Am Grünhof,250,3,1
synthetic_e_scooter,2025-04-09,2025-04-09 09:00:00,2025-04-09 10:00:00,e-scooter,*405 F Dornbusch/Am Grünhof,350,3,1
synthetic_bikesharing,2025-04-09,2025-04-09 09:00:00,2025-04-09 10:00:00,bicycle,F Francois-Mitterrand-Platz,50,1,0
synthetic_bikesharing,2025-04-09,2025-04-09 09:00:00,2025-04-09 10:00:00,bicycle,F Francois-Mitterrand-Platz,100,1,2
synthetic_bikesharing,2025-04-09,2025-04-09 09:00:00,2025-04-09 10:00:00,bicycle,F Francois-Mitterrand-Platz,250,2,5
synthetic_bikesharing,2025-04-09,2025-04-09 09:00:00,2025-04-09 10:00:00,bicycle,F Francois-Mitterrand-Platz,350,5,5
synthetic_e_scooter,2025-04-09,2025-04-09 09:00:00,2025-04-09 10:00:00,e-scooter,F Francois-Mitterrand-Platz,50,0,0
synthetic_e_scooter,2025-04-09,2025-04-09 09:00:00,2025-04-09 10:00:00,e-scooter,F Francois-Mitterrand-Platz,100,0,0
synthetic_e_scooter,2025-04-09,2025-04-09 09:00:00,2025-04-09 10:00:00,e-scooter,F Francois-Mitterrand-Platz,250,0,3
synthetic_e_scooter,2025-04-09,2025-04-09 09:00:00,2025-04-09 10:00:00,e-scooter,F Francois-Mitterrand-Platz,350,0,5
synthetic_bikesharing,2025-04-09,2025-04-09 09:00:00,2025-04-09 10:00:00,bicycle,F Miquel-/Adickesallee,50,1,0
synthetic_bikesharing,2025-04-09,2025-04-09 09:00:00,2025-04-09 10:00:00,bicycle,F Miquel-/Adickesallee,100,3,0
synthetic_bikesharing,2025-04-09,2025-04-09 09:00:00,2025-04-09 10:00:00,bicycle,F Miquel-/Adickesallee,250,7,1
synthetic_bikesharing,2025-04-09,2025-04-09 09:00:00,2025-04-09 10:00:00,bicycle,F Miquel-/Adickesallee,350,9,3
synthetic_e_scooter,2025-04-09,2025-04-09 09:00:00,2025-04-09 10:00:00,e-scooter,F Miquel-/Adickesallee,50,0,0
synthetic_e_scooter,2025-04-09,2025-04-09 09:00:00,2025-04-09 10:00:00,e-scooter,F Miquel-/Adickesallee,100,1,0
synthetic_e_scooter,2025-04-09,2025-04-09 09:00:00,2025-04-09 10:00:00,e-scooter,F Miquel-/Adickesallee,250,2,3
synthetic_e_scooter,2025-04-09,2025-04-09 09:00:00,2025-04-09 10:00:00,e-scooter,F Miquel-/Adickesallee,350,6,3
synthetic_bikesharing,2025-04-09,2025-04-09 09:00:00,2025-04-09 10:00:00,bicycle,F Plieningerstraße,50,0,0
synthetic_bikesharing,2025-04-09,2025-04-09 09:00:00,2025-04-09 10:00:00,bicycle,F Plieningerstraße,100,1,0
synthetic_bikesharing,2025-04-09,2025-04-09 09:00:00,2025-04-09 10:00:00,bicycle,F Plieningerstraße,250,2,0
synthetic_bikesharing,2025-04-09,2025-04-09 09:00:00,2025-04-09 10:00:00,bicycle,F Plieningerstraße,350,3,2
synthetic_e_scooter,2025-04-09,2025-04-09 09:00:00,2025-04-09 10:00:00,e-scooter,F Plieningerstraße,50,1,1
synthetic_e_scooter,2025-04-09,2025-04-09 09:00:00,2025-04-09 10:00:00,e-scooter,F Plieningerstraße,100,1,2
synthetic_e_scooter,2025-04-09,2025-04-09 09:00:00,2025-04-09 10:00:00,e-scooter,F Plieningerstraße,250,1,4
synthetic_e_scooter,2025-04-09,2025-04-09 09:00:00,2025-04-09 10:00:00,e-scooter,F Plieningerstraße,350,2,4
synthetic_bikesharing,2025-04-09,2025-04-09 09:00:00,2025-04-09 10:00:00,bicycle,F Weser-/Münchener Straße,50,2,3
synthetic_bikesharing,2025-04-09,2025-04-09 09:00:00,2025-04-09 10:00:00,bicycle,F Weser-/Münchener Straße,100,4,6
synthetic_bikesharing,2025-04-09,2025-04-09 09:00:00,2025-04-09 10:00:00,bicycle,F Weser-/Münchener Straße,250,12,10
synthetic_bikesharing,2025-04-09,2025-04-09 09:00:00,2025-04-09 10:00:00,bicycle,F Weser-/Münchener Straße,350,15,14
synthetic_e_scooter,2025-04-09,2025-04-09 09:00:00,2025-04-09 10:00:00,e-scooter,F Weser-/Münchener Straße,50,2,0
synthetic_e_scooter,2025-04-09,2025-04-09 09:00:00,2025-04-09 10:00:00,e-scooter,F Weser-/Münchener Straße,100,2,0
synthetic_e_scooter,2025-04-09,2025-04-09 09:00:00,2025-04-09 10:00:00,e-scooter,F Weser-/Münchener Straße,250,7,0
synthetic_e_scooter,2025-04-09,2025-04-09 09:00:00,2025-04-09 10:00:00,e-scooter,F Weser-/Münchener Straße,350,7,3
synthetic_bikesharing,2025-04-09,2025-04-09 10:00:00,2025-04-09 11:00:00,bicycle,*405 F Dornbusch/Am Grünhof,50,1,0
synthetic_bikesharing,2025-04-09,2025-04-09 10:00:00,2025-04-09 11:00:00,bicycle,*405 F Dornbusch/Am Grünhof,100,1,1
synthetic_bikesharing,2025-04-09,2025-04-09 10:00:00,2025-04-09 11:00:00,bicycle,*405 F Dornbusch/Am Grünhof,250,2,1
synthetic_bikesharing,2025-04-09,2025-04-09 10:00:00,2025-04-09 11:00:00,bicycle,*405 F Dornbusch/Am Grünhof,350,2,2
synthetic_e_scooter,2025-04-09,2025-04-09 10:00:00,2025-04-09 11:00:00,e-scooter,*405 F Dornbusch/Am Grünhof,50,1,0
synthetic_e_scooter,2025-04-09,2025-04-09 10:00:00,2025-04-09 11:00:00,e-scooter,*405 F Dornbusch/Am Grünhof,100,4,1
synthetic_e_scooter,2025-04-09,2025-04-09 10:00:00,2025-04-09 11:00:00,e-scooter,*405 F Dornbusch/Am Grünhof,250,5,2
synthetic_e_scooter,2025-04-09,2025-04-09 10:00:00,2025-04-09 11:00:00,e-scooter,*405 F Dornbusch/Am Grünhof,350,6,2
synthetic_bikesharing,2025-04-09,2025-04-09 10:00:00,2025-04-09 11:00:00,bicycle,F Francois-Mitterrand-Platz,50,0,1
synthetic_bikesharing,2025-04-09,2025-04-09 10:00:00,2025-04-09 11:00:00,bicycle,F Francois-Mitterrand-Platz,100,0,1
synthetic_bikesharing,2025-04-09,2025-04-09 10:00:00,2025-04-09 11:00:00,bicycle,F Francois-Mitterrand-Platz,250,3,4
synthetic_bikesharing,2025-04-09,2025-04-09 10:00:00,2025-04-09 11:00:00,bicycle,F Francois-Mitterrand-Platz,350,5,4
synthetic_e_scooter,2025-04-09,2025-04-09 10:00:00,2025-04-09 11:00:00,e-scooter,F Francois-Mitterrand-Platz,50,0,0
synthetic_e_scooter,2025-04-09,2025-04-09 10:00:00,2025-04-09 11:00:00,e-scooter,F Francois-Mitterrand-Platz,100,1,1
synthetic_e_scooter,2025-04-09,2025-04-09 10:00:00,2025-04-09 11:00:00,e-scooter,F Francois-Mitterrand-Platz,250,1,2
synthetic_e_scooter,2025-04-09,2025-04-09 10:00:00,2025-04-09 11:00:00,e-scooter,F Francois-Mitterrand-Platz,350,1,2
synthetic_bikesharing,2025-04-09,2025-04-09 10:00:00,2025-04-09 11:00:00,bicycle,F Miquel-/Adickesallee,50,0,0
synthetic_bikesharing,2025-04-09,2025-04-09 10:00:00,2025-04-09 11:00:00,bicycle,F Miquel-/Adickesallee,100,2,0
synthetic_bikesharing,2025-04-09,2025-04-09 10:00:00,2025-04-09 11:00:00,bicycle,F Miquel-/Adickesallee,250,8,1
synthetic_bikesharing,2025-04-09,2025-04-09 10:00:00,2025-04-09 11:00:00,bicycle,F Miquel-/Adickesallee,350,8,4
synthetic_e_scooter,2025-04-09,2025-04-09 10:00:00,2025-04-09 11:00:00,e-scooter,F Miquel-/Adickesallee,50,4,2
synthetic_e_scooter,2025-04-09,2025-04-09 10:00:00,2025-04-09 11:00:00,e-scooter,F Miquel-/Adickesallee,100,6,2
synthetic_e_scooter,2025-04-09,2025-04-09 10:00:00,2025-04-09 11:00:00,e-scooter,F Miquel-/Adickesallee,250,9,3
synthetic_e_scooter,2025-04-09,2025-04-09 10:00:00,2025-04-09 11:00:00,e-scooter,F Miquel-/Adickesallee,350,11,5
synthetic_bikesharing,2025-04-09,2025-04-09 10:00:00,2025-04-09 11:00:00,bicycle,F Plieningerstraße,50,0,0
synthetic_bikesharing,2025-04-09,2025-04-09 10:00:00,2025-04-09 11:00:00,bicycle,F Plieningerstraße,100,0,0
synthetic_bikesharing,2025-04-09,2025-04-09 10:00:00,2025-04-09 11:00:00,bicycle,F Plieningerstraße,250,1,0
synthetic_bikesharing,2025-04-09,2025-04-09 10:00:00,2025-04-09 11:00:00,bicycle,F Plieningerstraße,350,1,0
synthetic_e_scooter,2025-04-09,2025-04-09 10:00:00,2025-04-09 11:00:00,e-scooter,F Plieningerstraße,50,0,0
synthetic_e_scooter,2025-04-09,2025-04-09 10:00:00,2025-04-09 11:00:00,e-scooter,F Plieningerstraße,100,0,0
synthetic_e_scooter,2025-04-09,2025-04-09 10:00:00,2025-04-09 11:00:00,e-scooter,F Plieningerstraße,250,0,0
synthetic_e_scooter,2025-04-09,2025-04-09 10:00:00,2025-04-09 11:00:00,e-scooter,F Plieningerstraße,350,1,0
synthetic_bikesharing,2025-04-09,2025-04-09 10:00:00,2025-04-09 11:00:00,bicycle,F Weser-/Münchener Straße,50,1,1
synthetic_bikesharing,2025-04-09,2025-04-09 10:00:00,2025-04-09 11:00:00,bicycle,F Weser-/Münchener Straße,100,1,1
synthetic_bikesharing,2025-04-09,2025-04-09 10:00:00,2025-04-09 11:00:00,bicycle,F Weser-/Münchener Straße,250,2,2
synthetic_bikesharing,2025-04-09,2025-04-09 10:00:00,2025-04-09 11:00:00,bicycle,F Weser-/Münchener Straße,350,5,3
synthetic_e_scooter,2025-04-09,2025-04-09 10:00:00,2025-04-09 11:00:00,e-scooter,F Weser-/Münchener Straße,50,1,1
synthetic_e_scooter,2025-04-09,2025-04-09 10:00:00,2025-04-09 11:00:00,e-scooter,F Weser-/Münchener Straße,100,3,2
synthetic_e_scooter,2025-04-09,2025-04-09 10:00:00,2025-04-09 11:00:00,e-scooter,F Weser-/Münchener Straße,250,8,2
synthetic_e_scooter,2025-04-09,2025-04-09 10:00:00,2025-04-09 11:00:00,e-scooter,F Weser-/Münchener Straße,350,11,5
synthetic_bikesharing,2025-04-09,2025-04-09 11:00:00,2025-04-09 12:00:00,bicycle,*405 F Dornbusch/Am Grünhof,50,0,0
synthetic_bikesharing,2025-04-09,2025-04-09 11:00:00,2025-04-09 12:00:00,bicycle,*405 F Dornbusch/Am Grünhof,100,0,0
synthetic_bikesharing,2025-04-09,2025-04-09 11:00:00,2025-04-09 12:00:00,bicycle,*405 F Dornbusch/Am Grünhof,250,1,0
synthetic_bikesharing,2025-04-09,2025-04-09 11:00:00,2025-04-09 12:00:00,bicycle,*405 F Dornbusch/Am Grünhof,350,3,0
synthetic_e_scooter,2025-04-09,2025-04-09 11:00:00,2025-04-09 12:00:00,e-scooter,*405 F Dornbusch/Am Grünhof,50,0,0
synthetic_e_scooter,2025-04-09,2025-04-09 11:00:00,2025-04-09 12:00:00,e-scooter,*405 F Dornbusch/Am Grünhof,100,1,0
synthetic_e_scooter,2025-04-09,2025-04-09 11:00:00,2025-04-09 12:00:00,e-scooter,*405 F Dornbusch/Am Grünhof,250,1,2
synthetic_e_scooter,2025-04-09,2025-04-09 11:00:00,2025-04-09 12:00:00,e-scooter,*405 F Dornbusch/Am Grünhof,350,3,2
synthetic_bikesharing,2025-04-09,2025-04-09 11:00:00,2025-04-09 12:00:00,bicycle,F Francois-Mitterrand-Platz,50,1,0
synthetic_bikesharing,2025-04-09,2025-04-09 11:00:00,2025-04-09 12:00:00,bicycle,F Francois-Mitterrand-Platz,100,2,2
synthetic_bikesharing,2025-04-09,2025-04-09 11:00:00,2025-04-09 12:00:00,bicycle,F Francois-Mitterrand-Platz,250,5,5
synthetic_bikesharing,2025-04-09,2025-04-09 11:00:00,2025-04-09 12:00:00,bicycle,F Francois-Mitterrand-Platz,350,5,8
synthetic_e_scooter,2025-04-09,2025-04-09 11:00:00,2025-04-09 12:00:00,e-scooter,F Francois-Mitterrand-Platz,50,1,2
synthetic_e_scooter,2025-04-09,2025-04-09 11:00:00,2025-04-09 12:00:00,e-scooter,F Francois-Mitterrand-Platz,100,4,4
synthetic_e_scooter,2025-04-09,2025-04-09 11:00:00,2025-04-09 12:00:00,e-scooter,F Francois-Mitterrand-Platz,250,8,6
synthetic_e_scooter,2025-04-09,2025-04-09 11:00:00,2025-04-09 12:00:00,e-scooter,F Francois-Mitterrand-Platz,350,11,7
synthetic_bikesharing,2025-04-09,2025-04-09 11:00:00,2025-04-09 12:00:00,bicycle,F Miquel-/Adickesallee,50,1,0
synthetic_bikesharing,2025-04-09,2025-04-09 11:00:00,2025-04-09 12:00:00,bicycle,F Miquel-/Adickesallee,100,1,0
synthetic_bikesharing,2025-04-09,2025-04-09 11:00:00,2025-04-09 12:00:00,bicycle,F Miquel-/Adickesallee,250,2,1
synthetic_bikesharing,2025-04-09,2025-04-09 11:00:00,2025-04-09 12:00:00,bicycle,F Miquel-/Adickesallee,350,2,4
synthetic_e_scooter,2025-04-09,2025-04-09 11:00:00,2025-04-09 12:00:00,e-scooter,F Miquel-/Adickesallee,50,2,0
synthetic_e_scooter,2025-04-09,2025-04-09 11:00:00,2025-04-09 12:00:00,e-scooter,F Miquel-/Adickesallee,100,6,3
synthetic_e_scooter,2025-04-09,2025-04-09 11:00:00,2025-04-09 12:00:00,e-scooter,F Miquel-/Adickesallee,250,7,8
synthetic_e_scooter,2025-04-09,2025-04-09 11:00:00,2025-04-09 12:00:00,e-scooter,F Miquel-/Adickesallee,350,9,13
synthetic_bikesharing,2025-04-09,2025-04-09 11:00:00,2025-04-09 12:00:00,bicycle,F Plieningerstraße,50,1,0
synthetic_bikesharing,2025-04-09,2025-04-09 11:00:00,2025-04-09 12:00:00,bicycle,F Plieningerstraße,100,1,0
synthetic_bikesharing,2025-04-09,2025-04-09 11:00:00,2025-04-09 12:00:00,bicycle,F Plieningerstraße,250,3,1
synthetic_bikesharing,2025-04-09,2025-04-09 11:00:00,2025-04-09 12:00:00,bicycle,F Plieningerstraße,350,3,1
synthetic_e_scooter,2025-04-09,2025-04-09 11:00:00,2025-04-09 12:00:00,e-scooter,F Plieningerstraße,50,0,0
synthetic_e_scooter,2025-04-09,2025-04-09 11:00:00,2025-04-09 12:00:00,e-scooter,F Plieningerstraße,100,0,0
synthetic_e_scooter,2025-04-09,2025-04-09 11:00:00,2025-04-09 12:00:00,e-scooter,F Plieningerstraße,250,1,1
synthetic_e_scooter,2025-04-09,2025-04-09 11:00:00,2025-04-09 12:00:00,e-scooter,F Plieningerstraße,350,1,2
synthetic_bikesharing,2025-04-09,2025-04-09 11:00:00,2025-04-09 12:00:00,bicycle,F Weser-/Münchener Straße,50,1,0
synthetic_bikesharing,2025-04-09,2025-04-09 11:00:00,2025-04-09 12:00:00,bicycle,F Weser-/Münchener Straße,100,3,1
synthetic_bikesharing,2025-04-09,2025-04-09 11:00:00,2025-04-09 12:00:00,bicycle,F Weser-/Münchener Straße,250,6,8
synthetic_bikesharing,2025-04-09,2025-04-09 11:00:00,2025-04-09 12:00:00,bicycle,F Weser-/Münchener Straße,350,6,11
synthetic_e_scooter,2025-04-09,2025-04-09 11:00:00,2025-04-09 12:00:00,e-scooter,F Weser-/Münchener Straße,50,0,0
synthetic_e_scooter,2025-04-09,2025-04-09 11:00:00,2025-04-09 12:00:00,e-scooter,F Weser-/Münchener Straße,100,0,1
synthetic_e_scooter,2025-04-09,2025-04-09 11:00:00,2025-04-09 12:00:00,e-scooter,F Weser-/Münchener Straße,250,4,5
synthetic_e_scooter,2025-04-09,2025-04-09 11:00:00,2025-04-09 12:00:00,e-scooter,F Weser-/Münchener Straße,350,6,5
synthetic_bikesharing,2025-04-09,2025-04-09 12:00:00,2025-04-09 13:00:00,bicycle,*405 F Dornbusch/Am Grünhof,50,0,0
synthetic_bikesharing,2025-04-09,2025-04-09 12:00:00,2025-04-09 13:00:00,bicycle,*405 F Dornbusch/Am Grünhof,100,0,0
synthetic_bikesharing,2025-04-09,2025-04-09 12:00:00,2025-04-09 13:00:00,bicycle,*405 F Dornbusch/Am Grünhof,250,3,2
synthetic_bikesharing,2025-04-09,2025-04-09 12:00:00,2025-04-09 13:00:00,bicycle,*405 F Dornbusch/Am Grünhof,350,4,4
synthetic_e_scooter,2025-04-09,2025-04-09 12:00:00,2025-04-09 13:00:00,e-scooter,*405 F Dornbusch/Am Grünhof,50,2,0
synthetic_e_scooter,2025-04-09,2025-04-09 12:00:00,2025-04-09 13:00:00,e-scooter,*405 F Dornbusch/Am Grünhof,100,2,2
synthetic_e_scooter,2025-04-09,2025-04-09 12:00:00,2025-04-09 13:00:00,e-scooter,*405 F Dornbusch/Am Grünhof,250,4,2
synthetic_e_scooter,2025-04-09,2025-04-09 12:00:00,2025-04-09 13:00:00,e-scooter,*405 F Dornbusch/Am Grünhof,350,5,4
synthetic_bikesharing,2025-04-09,2025-04-09 12:00:00,2025-04-09 13:00:00,bicycle,F Francois-Mitterrand-Platz,50,3,1
synthetic_bikesharing,2025-04-09,2025-04-09 12:00:00,2025-04-09 13:00:00,bicycle,F Francois-Mitterrand-Platz,100,5,1
synthetic_bikesharing,2025-04-09,2025-04-09 12:00:00,2025-04-09 13:00:00,bicycle,F Francois-Mitterrand-Platz,250,6,3
synthetic_bikesharing,2025-04-09,2025-04-09 12:00:00,2025-04-09 13:00:00,bicycle,F Francois-Mitterrand-Platz,350,8,3
synthetic_e_scooter,2025-04-09,2025-04-09 12:00:00,2025-04-09 13:00:00,e-scooter,F Francois-Mitterrand-Platz,50,1,0
synthetic_e_scooter,2025-04-09,2025-04-09 12:00:00,2025-04-09 13:00:00,e-scooter,F Francois-Mitterrand-Platz,100,1,1
synthetic_e_scooter,2025-04-09,2025-04-09 12:00:00,2025-04-09 13:00:00,e-scooter,F Francois-Mitterrand-Platz,250,2,3
synthetic_e_scooter,2025-04-09,2025-04-09 12:00:00,2025-04-09 13:00:00,e-scooter,F Francois-Mitterrand-Platz,350,3,4
synthetic_bikesharing,2025-04-09,2025-04-09 12:00:00,2025-04-09 13:00:00,bicycle,F Miquel-/Adickesallee,50,0,0
synthetic_bikesharing,2025-04-09,2025-04-09 12:00:00,2025-04-09 13:00:00,bicycle,F Miquel-/Adickesallee,100,0,2
synthetic_bikesharing,2025-04-09,2025-04-09 12:00:00,2025-04-09 13:00:00,bicycle,F Miquel-/Adickesallee,250,4,4
synthetic_bikesharing,2025-04-09,2025-04-09 12:00:00,2025-04-09 13:00:00,bicycle,F Miquel-/Adickesallee,350,6,7
synthetic_e_scooter,2025-04-09,2025-04-09 12:00:00,2025-04-09 13:00:00,e-scooter,F Miquel-/Adickesallee,50,1,0
synthetic_e_scooter,2025-04-09,2025-04-09 12:00:00,2025-04-09 13:00:00,e-scooter,F Miquel-/Adickesallee,100,3,2
synthetic_e_scooter,2025-04-09,2025-04-09 12:00:00,2025-04-09 13:00:00,e-scooter,F Miquel-/Adickesallee,250,8,6
synthetic_e_scooter,2025-04-09,2025-04-09 12:00:00,2025-04-09 13:00:00,e-scooter,F Miquel-/Adickesallee,350,14,8
synthetic_bikesharing,2025-04-09,2025-04-09 12:00:00,2025-04-09 13:00:00,bicycle,F Plieningerstraße,50,0,0
synthetic_bikesharing,2025-04-09,2025-04-09 12:00:00,2025-04-09 13:00:00,bicycle,F Plieningerstraße,100,1,0
synthetic_bikesharing,2025-04-09,2025-04-09 12:00:00,2025-04-09 13:00:00,bicycle,F Plieningerstraße,250,2,3
synthetic_bikesharing,2025-04-09,2025-04-09 12:00:00,2025-04-09 13:00:00,bicycle,F Plieningerstraße,350,2,6
synthetic_e_scooter,2025-04-09,2025-04-09 12:00:00,2025-04-09 13:00:00,e-scooter,F Plieningerstraße,50,0,1
synthetic_e_scooter,2025-04-09,2025-04-09 12:00:00,2025-04-09 13:00:00,e-scooter,F Plieningerstraße,100,1,2
synthetic_e_scooter,2025-04-09,2025-04-09 12:00:00,2025-04-09 13:00:00,e-scooter,F Plieningerstraße,250,2,4
synthetic_e_scooter,2025-04-09,2025-04-09 12:00:00,2025-04-09 13:00:00,e-scooter,F Plieningerstraße,350,2,4
synthetic_bikesharing,2025-04-09,2025-04-09 12:00:00,2025-04-09 13:00:00,bicycle,F Weser-/Münchener Straße,50,1,1
synthetic_bikesharing,2025-04-09,2025-04-09 12:00:00,2025-04-09 13:00:00,bicycle,F Weser-/Münchener Straße,100,3,2
synthetic_bikesharing,2025-04-09,2025-04-09 12:00:00,2025-04-09 13:00:00,bicycle,F Weser-/Münchener Straße,250,4,3
synthetic_bikesharing,2025-04-09,2025-04-09 12:00:00,2025-04-09 13:00:00,bicycle,F Weser-/Münchener Straße,350,7,6
synthetic_e_scooter,2025-04-09,2025-04-09 12:00:00,2025-04-09 13:00:00,e-scooter,F Weser-/Münchener Straße,50,1,0
synthetic_e_scooter,2025-04-09,2025-04-09 12:00:00,2025-04-09 13:00:00,e-scooter,F Weser-/Münchener Straße,100,3,1
synthetic_e_scooter,2025-04-09,2025-04-09 12:00:00,2025-04-09 13:00:00,e-scooter,F Weser-/Münchener Straße,250,5,7
synthetic_e_scooter,2025-04-09,2025-04-09 12:00:00,2025-04-09 13:00:00,e-scooter,F Weser-/Münchener Straße,350,8,8
synthetic_bikesharing,2025-04-09,2025-04-09 13:00:00,2025-04-09 14:00:00,bicycle,*405 F Dornbusch/Am Grünhof,50,0,0
synthetic_bikesharing,2025-04-09,2025-04-09 13:00:00,2025-04-09 14:00:00,bicycle,*405 F Dornbusch/Am Grünhof,100,0,0
synthetic_bikesharing,2025-04-09,2025-04-09 13:00:00,2025-04-09 14:00:00,bicycle,*405 F Dornbusch/Am Grünhof,250,0,1
synthetic_bikesharing,2025-04-09,2025-04-09 13:00:00,2025-04-09 14:00:00,bicycle,*405 F Dornbusch/Am Grünhof,350,0,1
synthetic_e_scooter,2025-04-09,2025-04-09 13:00:00,2025-04-09 14:00:00,e-scooter,*405 F Dornbusch/Am Grünhof,50,1,0
synthetic_e_scooter,2025-04-09,2025-04-09 13:00:00,2025-04-09 14:00:00,e-scooter,*405 F Dornbusch/Am Grünhof,100,2,0
synthetic_e_scooter,2025-04-09,2025-04-09 13:00:00,2025-04-09 14:00:00,e-scooter,*405 F Dornbusch/Am Grünhof,250,6,1
synthetic_e_scooter,2025-04-09,2025-04-09 13:00:00,2025-04-09 14:00:00,e-scooter,*405 F Dornbusch/Am Grünhof,350,6,1
synthetic_bikesharing,2025-04-09,2025-04-09 13:00:00,2025-04-09 14:00:00,bicycle,F Francois-Mitterrand-Platz,50,2,0
synthetic_bikesharing,2025-04-09,2025-04-09 13:00:00,2025-04-09 14:00:00,bicycle,F Francois-Mitterrand-Platz,100,2,1
synthetic_bikesharing,2025-04-09,2025-04-09 13:00:00,2025-04-09 14:00:00,bicycle,F Francois-Mitterrand-Platz,250,3,2
synthetic_bikesharing,2025-04-09,2025-04-09 13:00:00,2025-04-09 14:00:00,bicycle,F Francois-Mitterrand-Platz,350,3,4
synthetic_e_scooter,2025-04-09,2025-04-09 13:00:00,2025-04-09 14:00:00,e-scooter,F Francois-Mitterrand-Platz,50,1,1
synthetic_e_scooter,2025-04-09,2025-04-09 13:00:00,2025-04-09 14:00:00,e-scooter,F Francois-Mitterrand-Platz,100,2,3
synthetic_e_scooter,2025-04-09,2025-04-09 13:00:00,2025-04-09 14:00:00,e-scooter,F Francois-Mitterrand-Platz,250,4,7
synthetic_e_scooter,2025-04-09,2025-04-09 13:00:00,2025-04-09 14:00:00,e-scooter,F Francois-Mitterrand-Platz,350,7,11
synthetic_bikesharing,2025-04-09,2025-04-09 13:00:00,2025-04-09 14:00:00,bicycle,F Miquel-/Adickesallee,50,1,0
synthetic_bikesharing,2025-04-09,2025-04-09 13:00:00,2025-04-09 14:00:00,bicycle,F Miquel-/Adickesallee,100,1,1
synthetic_bikesharing,2025-04-09,2025-04-09 13:00:00,2025-04-09 14:00:00,bicycle,F Miquel-/Adickesallee,250,2,2
synthetic_bikesharing,2025-04-09,2025-04-09 13:00:00,2025-04-09 14:00:00,bicycle,F Miquel-/Adickesallee,350,5,3
synthetic_e_scooter,2025-04-09,2025-04-09 13:00:00,2025-04-09 14:00:00,e-scooter,F Miquel-/Adickesallee,50,1,2
synthetic_e_scooter,2025-04-09,2025-04-09 13:00:00,2025-04-09 14:00:00,e-scooter,F Miquel-/Adickesallee,100,2,3
synthetic_e_scooter,2025-04-09,2025-04-09 13:00:00,2025-04-09 14:00:00,e-scooter,F Miquel-/Adickesallee,250,5,5
synthetic_e_scooter,2025-04-09,2025-04-09 13:00:00,2025-04-09 14:00:00,e-scooter,F Miquel-/Adickesallee,350,6,9
synthetic_bikesharing,2025-04-09,2025-04-09 13:00:00,2025-04-09 14:00:00,bicycle,F Plieningerstraße,50,0,0
synthetic_bikesharing,2025-04-09,2025-04-09 13:00:00,2025-04-09 14:00:00,bicycle,F Plieningerstraße,100,0,0
synthetic_bikesharing,2025-04-09,2025-04-09 13:00:00,2025-04-09 14:00:00,bicycle,F Plieningerstraße,250,3,2
synthetic_bikesharing,2025-04-09,2025-04-09 13:00:00,2025-04-09 14:00:00,bicycle,F Plieningerstraße,350,3,2
synthetic_e_scooter,2025-04-09,2025-04-09 13:00:00,2025-04-09 14:00:00,e-scooter,F Plieningerstraße,50,0,0
synthetic_e_scooter,2025-04-09,2025-04-09 13:00:00,2025-04-09 14:00:00,e-scooter,F Plieningerstraße,100,0,0
synthetic_e_scooter,2025-04-09,2025-04-09 13:00:00,2025-04-09 14:00:00,e-scooter,F Plieningerstraße,250,5,2
synthetic_e_scooter,2025-04-09,2025-04-09 13:00:00,2025-04-09 14:00:00,e-scooter,F Plieningerstraße,350,7,3
synthetic_bikesharing,2025-04-09,2025-04-09 13:00:00,2025-04-09 14:00:00,bicycle,F Weser-/Münchener Straße,50,1,3
synthetic_bikesharing,2025-04-09,2025-04-09 13:00:00,2025-04-09 14:00:00,bicycle,F Weser-/Münchener Straße,100,1,4
synthetic_bikesharing,2025-04-09,2025-04-09 13:00:00,2025-04-09 14:00:00,bicycle,F Weser-/Münchener Straße,250,4,8
synthetic_bikesharing,2025-04-09,2025-04-09 13:00:00,2025-04-09 14:00:00,bicycle,F Weser-/Münchener Straße,350,5,10
synthetic_e_scooter,2025-04-09,2025-04-09 13:00:00,2025-04-09 14:00:00,e-scooter,F Weser-/Münchener Straße,50,0,2
synthetic_e_scooter,2025-04-09,2025-04-09 13:00:00,2025-04-09 14:00:00,e-scooter,F Weser-/Münchener Straße,100,3,4
synthetic_e_scooter,2025-04-09,2025-04-09 13:00:00,2025-04-09 14:00:00,e-scooter,F Weser-/Münchener Straße,250,9,13
synthetic_e_scooter,2025-04-09,2025-04-09 13:00:00,2025-04-09 14:00:00,e-scooter,F Weser-/Münchener Straße,350,12,18
synthetic_bikesharing,2025-04-09,2025-04-09 14:00:00,2025-04-09 15:00:00,bicycle,*405 F Dornbusch/Am Grünhof,50,0,0
synthetic_bikesharing,2025-04-09,2025-04-09 14:00:00,2025-04-09 15:00:00,bicycle,*405 F Dornbusch/Am Grünhof,100,2,0
synthetic_bikesharing,2025-04-09,2025-04-09 14:00:00,2025-04-09 15:00:00,bicycle,*405 F Dornbusch/Am Grünhof,250,2,4
synthetic_bikesharing,2025-04-09,2025-04-09 14:00:00,2025-04-09 15:00:00,bicycle,*405 F Dornbusch/Am Grünhof,350,4,4
synthetic_e_scooter,2025-04-09,2025-04-09 14:00:00,2025-04-09 15:00:00,e-scooter,*405 F Dornbusch/Am Grünhof,50,0,1
synthetic_e_scooter,2025-04-09,2025-04-09 14:00:00,2025-04-09 15:00:00,e-scooter,*405 F Dornbusch/Am Grünhof,100,1,2
synthetic_e_scooter,2025-04-09,2025-04-09 14:00:00,2025-04-09 15:00:00,e-scooter,*405 F Dornbusch/Am Grünhof,250,8,6
synthetic_e_scooter,2025-04-09,2025-04-09 14:00:00,2025-04-09 15:00:00,e-scooter,*405 F Dornbusch/Am Grünhof,350,13,8
synthetic_bikesharing,2025-04-09,2025-04-09 14:00:00,2025-04-09 15:00:00,bicycle,F Francois-Mitterrand-Platz,50,1,0
synthetic_bikesharing,2025-04-09,2025-04-09 14:00:00,2025-04-09 15:00:00,bicycle,F Francois-Mitterrand-Platz,100,1,1
synthetic_bikesharing,2025-04-09,2025-04-09 14:00:00,2025-04-09 15:00:00,bicycle,F Francois-Mitterrand-Platz,250,6,4
synthetic_bikesharing,2025-04-09,2025-04-09 14:00:00,2025-04-09 15:00:00,bicycle,F Francois-Mitterrand-Platz,350,8,7
synthetic_e_scooter,2025-04-09,2025-04-09 14:00:00,2025-04-09 15:00:00,e-scooter,F Francois-Mitterrand-Platz,50,2,0
synthetic_e_scooter,2025-04-09,2025-04-09 14:00:00,2025-04-09 15:00:00,e-scooter,F Francois-Mitterrand-Platz,100,5,2
synthetic_e_scooter,2025-04-09,2025-04-09 14:00:00,2025-04-09 15:00:00,e-scooter,F Francois-Mitterrand-Platz,250,9,6
synthetic_e_scooter,2025-04-09,2025-04-09 14:00:00,2025-04-09 15:00:00,e-scooter,F Francois-Mitterrand-Platz,350,10,8
synthetic_bikesharing,2025-04-09,2025-04-09 14:00:00,2025-04-09 15:00:00,bicycle,F Miquel-/Adickesallee,50,1,3
synthetic_bikesharing,2025-04-09,2025-04-09 14:00:00,2025-04-09 15:00:00,bicycle,F Miquel-/Adickesallee,100,2,6
synthetic_bikesharing,2025-04-09,2025-04-09 14:00:00,2025-04-09 15:00:00,bicycle,F Miquel-/Adickesallee,250,7,12
synthetic_bikesharing,2025-04-09,2025-04-09 14:00:00,2025-04-09 15:00:00,bicycle,F Miquel-/Adickesallee,350,9,15
synthetic_e_scooter,2025-04-09,2025-04-09 14:00:00,2025-04-09 15:00:00,e-scooter,F Miquel-/Adickesallee,50,0,0
synthetic_e_scooter,2025-04-09,2025-04-09 14:00:00,2025-04-09 15:00:00,e-scooter,F Miquel-/Adickesallee,100,0,1
synthetic_e_scooter,2025-04-09,2025-04-09 14:00:00,2025-04-09 15:00:00,e-scooter,F Miquel-/Adickesallee,250,7,6
synthetic_e_scooter,2025-04-09,2025-04-09 14:00:00,2025-04-09 15:00:00,e-scooter,F Miquel-/Adickesallee,350,10,7
synthetic_bikesharing,2025-04-09,2025-04-09 14:00:00,2025-04-09 15:00:00,bicycle,F Plieningerstraße,50,0,0
synthetic_bikesharing,2025-04-09,2025-04-09 14:00:00,2025-04-09 15:00:00,bicycle,F Plieningerstraße,100,0,0
synthetic_bikesharing,2025-04-09,2025-04-09 14:00:00,2025-04-09 15:00:00,bicycle,F Plieningerstraße,250,1,1
synthetic_bikesharing,2025-04-09,2025-04-09 14:00:00,2025-04-09 15:00:00,bicycle,F Plieningerstraße,350,1,1
synthetic_e_scooter,2025-04-09,2025-04-09 14:00:00,2025-04-09 15:00:00,e-scooter,F Plieningerstraße,50,1,0
synthetic_e_scooter,2025-04-09,2025-04-09 14:00:00,2025-04-09 15:00:00,e-scooter,F Plieningerstraße,100,3,1
synthetic_e_scooter,2025-04-09,2025-04-09 14:00:00,2025-04-09 15:00:00,e-scooter,F Plieningerstraße,250,11,3
synthetic_e_scooter,2025-04-09,2025-04-09 14:00:00,2025-04-09 15:00:00,e-scooter,F Plieningerstraße,350,12,3
synthetic_bikesharing,2025-04-09,2025-04-09 14:00:00,2025-04-09 15:00:00,bicycle,F Weser-/Münchener Straße,50,0,0
synthetic_bikesharing,2025-04-09,2025-04-09 14:00:00,2025-04-09 15:00:00,bicycle,F Weser-/Münchener Straße,100,0,1
synthetic_bikesharing,2025-04-09,2025-04-09 14:00:00,2025-04-09 15:00:00,bicycle,F Weser-/Münchener Straße,250,3,4
synthetic_bikesharing,2025-04-09,2025-04-09 14:00:00,2025-04-09 15:00:00,bicycle,F Weser-/Münchener Straße,350,5,7
synthetic_e_scooter,2025-04-09,2025-04-09 14:00:00,2025-04-09 15:00:00,e-scooter,F Weser-/Münchener Straße,50,2,3
synthetic_e_scooter,2025-04-09,2025-04-09 14:00:00,2025-04-09 15:00:00,e-scooter,F Weser-/Münchener Straße,100,3,6
synthetic_e_scooter,2025-04-09,2025-04-09 14:00:00,2025-04-09 15:00:00,e-scooter,F Weser-/Münchener Straße,250,7,12
synthetic_e_scooter,2025-04-09,2025-04-09 14:00:00,2025-04-09 15:00:00,e-scooter,F Weser-/Münchener Straße,350,13,15
synthetic_bikesharing,2025-04-09,2025-04-09 15:00:00,2025-04-09 16:00:00,bicycle,*405 F Dornbusch/Am Grünhof,50,2,0
synthetic_bikesharing,2025-04-09,2025-04-09 15:00:00,2025-04-09 16:00:00,bicycle,*405 F Dornbusch/Am Grünhof,100,2,1
synthetic_bikesharing,2025-04-09,2025-04-09 15:00:00,2025-04-09 16:00:00,bicycle,*405 F Dornbusch/Am Grünhof,250,5,3
synthetic_bikesharing,2025-04-09,2025-04-09 15:00:00,2025-04-09 16:00:00,bicycle,*405 F Dornbusch/Am Grünhof,350,9,5
synthetic_e_scooter,2025-04-09,2025-04-09 15:00:00,2025-04-09 16:00:00,e-scooter,*405 F Dornbusch/Am Grünhof,50,0,0
synthetic_e_scooter,2025-04-09,2025-04-09 15:00:00,2025-04-09 16:00:00,e-scooter,*405 F Dornbusch/Am Grünhof,100,1,2
synthetic_e_scooter,2025-04-09,2025-04-09 15:00:00,2025-04-09 16:00:00,e-scooter,*405 F Dornbusch/Am Grünhof,250,4,4
synthetic_e_scooter,2025-04-09,2025-04-09 15:00:00,2025-04-09 16:00:00,e-scooter,*405 F Dornbusch/Am Grünhof,350,6,4
synthetic_bikesharing,2025-04-09,2025-04-09 15:00:00,2025-04-09 16:00:00,bicycle,F Francois-Mitterrand-Platz,50,0,1
synthetic_bikesharing,2025-04-09,2025-04-09 15:00:00,2025-04-09 16:00:00,bicycle,F Francois-Mitterrand-Platz,100,0,4
synthetic_bikesharing,2025-04-09,2025-04-09 15:00:00,2025-04-09 16:00:00,bicycle,F Francois-Mitterrand-Platz,250,6,7
synthetic_bikesharing,2025-04-09,2025-04-09 15:00:00,2025-04-09 16:00:00,bicycle,F Francois-Mitterrand-Platz,350,9,8
synthetic_e_scooter,2025-04-09,2025-04-09 15:00:00,2025-04-09 16:00:00,e-scooter,F Francois-Mitterrand-Platz,50,1,0
synthetic_e_scooter,2025-04-09,2025-04-09 15:00:00,2025-04-09 16:00:00,e-scooter,F Francois-Mitterrand-Platz,100,2,1
synthetic_e_scooter,2025-04-09,2025-04-09 15:00:00,2025-04-09 16:00:00,e-scooter,F Francois-Mitterrand-Platz,250,7,4
synthetic_e_scooter,2025-04-09,2025-04-09 15:00:00,2025-04-09 16:00:00,e-scooter,F Francois-Mitterrand-Platz,350,11,7
synthetic_bikesharing,2025-04-09,2025-04-09 15:00:00,2025-04-09 16:00:00,bicycle,F Miquel-/Adickesallee,50,2,1
synthetic_bikesharing,2025-04-09,2025-04-09 15:00:00,2025-04-09 16:00:00,bicycle,F Miquel-/Adickesallee,100,4,2
synthetic_bikesharing,2025-04-09,2025-04-09 15:00:00,2025-04-09 16:00:00,bicycle,F Miquel-/Adickesallee,250,8,7
synthetic_bikesharing,2025-04-09,2025-04-09 15:00:00,2025-04-09 16:00:00,bicycle,F Miquel-/Adickesallee,350,9,7
synthetic_e_scooter,2025-04-09,2025-04-09 15:00:00,2025-04-09 16:00:00,e-scooter,F Miquel-/Adickesallee,50,2,1
synthetic_e_scooter,2025-04-09,2025-04-09 15:00:00,2025-04-09 16:00:00,e-scooter,F Miquel-/Adickesallee,100,7,4
synthetic_e_scooter,2025-04-09,2025-04-09 15:00:00,2025-04-09 16:00:00,e-scooter,F Miquel-/Adickesallee,250,17,11
synthetic_e_scooter,2025-04-09,2025-04-09 15:00:00,2025-04-09 16:00:00,e-scooter,F Miquel-/Adickesallee,350,21,13
synthetic_bikesharing,2025-04-09,2025-04-09 15:00:00,2025-04-09 16:00:00,bicycle,F Plieningerstraße,50,0,1
synthetic_bikesharing,2025-04-09,2025-04-09 15:00:00,2025-04-09 16:00:00,bicycle,F Plieningerstraße,100,0,2
synthetic_bikesharing,2025-04-09,2025-04-09 15:00:00,2025-04-09 16:00:00,bicycle,F Plieningerstraße,250,0,4
synthetic_bikesharing,2025-04-09,2025-04-09 15:00:00,2025-04-09 16:00:00,bicycle,F Plieningerstraße,350,1,4
synthetic_e_scooter,2025-04-09,2025-04-09 15:00:00,2025-04-09 16:00:00,e-scooter,F Plieningerstraße,50,1,0
synthetic_e_scooter,2025-04-09,2025-04-09 15:00:00,2025-04-09 16:00:00,e-scooter,F Plieningerstraße,100,1,0
synthetic_e_scooter,2025-04-09,2025-04-09 15:00:00,2025-04-09 16:00:00,e-scooter,F Plieningerstraße,250,2,2
synthetic_e_scooter,2025-04-09,2025-04-09 15:00:00,2025-04-09 16:00:00,e-scooter,F Plieningerstraße,350,2,2
synthetic_bikesharing,2025-04-09,2025-04-09 15:00:00,2025-04-09 16:00:00,bicycle,F Weser-/Münchener Straße,50,0,4
synthetic_bikesharing,2025-04-09,2025-04-09 15:00:00,2025-04-09 16:00:00,bicycle,F Weser-/Münchener Straße,100,6,8
synthetic_bikesharing,2025-04-09,2025-04-09 15:00:00,2025-04-09 16:00:00,bicycle,F Weser-/Münchener Straße,250,9,11
synthetic_bikesharing,2025-04-09,2025-04-09 15:00:00,2025-04-09 16:00:00,bicycle,F Weser-/Münchener Straße,350,11,16
synthetic_e_scooter,2025-04-09,2025-04-09 15:00:00,2025-04-09 16:00:00,e-scooter,F Weser-/Münchener Straße,50,2,2
synthetic_e_scooter,2025-04-09,2025-04-09 15:00:00,2025-04-09 16:00:00,e-scooter,F Weser-/Münchener Straße,100,6,2
synthetic_e_scooter,2025-04-09,2025-04-09 15:00:00,2025-04-09 16:00:00,e-scooter,F Weser-/Münchener Straße,250,8,4
synthetic_e_scooter,2025-04-09,2025-04-09 15:00:00,2025-04-09 16:00:00,e-scooter,F Weser-/Münchener Straße,350,13,9
synthetic_bikesharing,2025-04-09,2025-04-09 16:00:00,2025-04-09 17:00:00,bicycle,*405 F Dornbusch/Am Grünhof,50,0,2
synthetic_bikesharing,2025-04-09,2025-04-09 16:00:00,2025-04-09 17:00:00,bicycle,*405 F Dornbusch/Am Grünhof,100,0,2
synthetic_bikesharing,2025-04-09,2025-04-09 16:00:00,2025-04-09 17:00:00,bicycle,*405 F Dornbusch/Am Grünhof,250,1,10
synthetic_bikesharing,2025-04-09,2025-04-09 16:00:00,2025-04-09 17:00:00,bicycle,*405 F Dornbusch/Am Grünhof,350,5,12
synthetic_e_scooter,2025-04-09,2025-04-09 16:00:00,2025-04-09 17:00:00,e-scooter,*405 F Dornbusch/Am Grünhof,50,1,2
synthetic_e_scooter,2025-04-09,2025-04-09 16:00:00,2025-04-09 17:00:00,e-scooter,*405 F Dornbusch/Am Grünhof,100,2,3
synthetic_e_scooter,2025-04-09,2025-04-09 16:00:00,2025-04-09 17:00:00,e-scooter,*405 F Dornbusch/Am Grünhof,250,4,4
synthetic_e_scooter,2025-04-09,2025-04-09 16:00:00,2025-04-09 17:00:00,e-scooter,*405 F Dornbusch/Am Grünhof,350,5,12
synthetic_bikesharing,2025-04-09,2025-04-09 16:00:00,2025-04-09 17:00:00,bicycle,F Francois-Mitterrand-Platz,50,0,0
synthetic_bikesharing,2025-04-09,2025-04-09 16:00:00,2025-04-09 17:00:00,bicycle,F Francois-Mitterrand-Platz,100,0,1
synthetic_bikesharing,2025-04-09,2025-04-09 16:00:00,2025-04-09 17:00:00,bicycle,F Francois-Mitterrand-Platz,250,8,1
synthetic_bikesharing,2025-04-09,2025-04-09 16:00:00,2025-04-09 17:00:00,bicycle,F Francois-Mitterrand-Platz,350,9,4
synthetic_e_scooter,2025-04-09,2025-04-09 16:00:00,2025-04-09 17:00:00,e-scooter,F Francois-Mitterrand-Platz,50,2,0
synthetic_e_scooter,2025-04-09,2025-04-09 16:00:00,2025-04-09 17:00:00,e-scooter,F Francois-Mitterrand-Platz,100,4,0
synthetic_e_scooter,2025-04-09,2025-04-09 16:00:00,2025-04-09 17:00:00,e-scooter,F Francois-Mitterrand-Platz,250,8,4
synthetic_e_scooter,2025-04-09,2025-04-09 16:00:00,2025-04-09 17:00:00,e-scooter,F Francois-Mitterrand-Platz,350,13,5
synthetic_bikesharing,2025-04-09,2025-04-09 16:00:00,2025-04-09 17:00:00,bicycle,F Miquel-/Adickesallee,50,1,0
synthetic_bikesharing,2025-04-09,2025-04-09 16:00:00,2025-04-09 17:00:00,bicycle,F Miquel-/Adickesallee,100,1,3
synthetic_bikesharing,2025-04-09,2025-04-09 16:00:00,2025-04-09 17:00:00,bicycle,F Miquel-/Adickesallee,250,7,11
synthetic_bikesharing,2025-04-09,2025-04-09 16:00:00,2025-04-09 17:00:00,bicycle,F Miquel-/Adickesallee,350,12,15
synthetic_e_scooter,2025-04-09,2025-04-09 16:00:00,2025-04-09 17:00:00,e-scooter,F Miquel-/Adickesallee,50,1,4
synthetic_e_scooter,2025-04-09,2025-04-09 16:00:00,2025-04-09 17:00:00,e-scooter,F Miquel-/Adickesallee,100,7,9
synthetic_e_scooter,2025-04-09,2025-04-09 16:00:00,2025-04-09 17:00:00,e-scooter,F Miquel-/Adickesallee,250,7,26
synthetic_e_scooter,2025-04-09,2025-04-09 16:00:00,2025-04-09 17:00:00,e-scooter,F Miquel-/Adickesallee,350,12,32
synthetic_bikesharing,2025-04-09,2025-04-09 16:00:00,2025-04-09 17:00:00,bicycle,F Plieningerstraße,50,0,0
synthetic_bikesharing,2025-04-09,2025-04-09 16:00:00,2025-04-09 17:00:00,bicycle,F Plieningerstraße,100,3,0
synthetic_bikesharing,2025-04-09,2025-04-09 16:00:00,2025-04-09 17:00:00,bicycle,F Plieningerstraße,250,6,0
synthetic_bikesharing,2025-04-09,2025-04-09 16:00:00,2025-04-09 17:00:00,bicycle,F Plieningerstraße,350,10,0
synthetic_e_scooter,2025-04-09,2025-04-09 16:00:00,2025-04-09 17:00:00,e-scooter,F Plieningerstraße,50,0,0
synthetic_e_scooter,2025-04-09,2025-04-09 16:00:00,2025-04-09 17:00:00,e-scooter,F Plieningerstraße,100,2,1
synthetic_e_scooter,2025-04-09,2025-04-09 16:00:00,2025-04-09 17:00:00,e-scooter,F Plieningerstraße,250,8,2
synthetic_e_scooter,2025-04-09,2025-04-09 16:00:00,2025-04-09 17:00:00,e-scooter,F Plieningerstraße,350,9,4
synthetic_bikesharing,2025-04-09,2025-04-09 16:00:00,2025-04-09 17:00:00,bicycle,F Weser-/Münchener Straße,50,4,1
synthetic_bikesharing,2025-04-09,2025-04-09 16:00:00,2025-04-09 17:00:00,bicycle,F Weser-/Münchener Straße,100,7,1
synthetic_bikesharing,2025-04-09,2025-04-09 16:00:00,2025-04-09 17:00:00,bicycle,F Weser-/Münchener Straße,250,11,11
synthetic_bikesharing,2025-04-09,2025-04-09 16:00:00,2025-04-09 17:00:00,bicycle,F Weser-/Münchener Straße,350,15,14
synthetic_e_scooter,2025-04-09,2025-04-09 16:00:00,2025-04-09 17:00:00,e-scooter,F Weser-/Münchener Straße,50,5,1
synthetic_e_scooter,2025-04-09,2025-04-09 16:00:00,2025-04-09 17:00:00,e-scooter,F Weser-/Münchener Straße,100,9,6
synthetic_e_scooter,2025-04-09,2025-04-09 16:00:00,2025-04-09 17:00:00,e-scooter,F Weser-/Münchener Straße,250,12,23
synthetic_e_scooter,2025-04-09,2025-04-09 16:00:00,2025-04-09 17:00:00,e-scooter,F Weser-/Münchener Straße,350,16,27
synthetic_bikesharing,2025-04-09,2025-04-09 17:00:00,2025-04-09 18:00:00,bicycle,*405 F Dornbusch/Am Grünhof,50,1,0
synthetic_bikesharing,2025-04-09,2025-04-09 17:00:00,2025-04-09 18:00:00,bicycle,*405 F Dornbusch/Am Grünhof,100,1,2
synthetic_bikesharing,2025-04-09,2025-04-09 17:00:00,2025-04-09 18:00:00,bicycle,*405 F Dornbusch/Am Grünhof,250,3,3
synthetic_bikesharing,2025-04-09,2025-04-09 17:00:00,2025-04-09 18:00:00,bicycle,*405 F Dornbusch/Am Grünhof,350,4,6
synthetic_e_scooter,2025-04-09,2025-04-09 17:00:00,2025-04-09 18:00:00,e-scooter,*405 F Dornbusch/Am Grünhof,50,1,2
synthetic_e_scooter,2025-04-09,2025-04-09 17:00:00,2025-04-09 18:00:00,e-scooter,*405 F Dornbusch/Am Grünhof,100,3,4
synthetic_e_scooter,2025-04-09,2025-04-09 17:00:00,2025-04-09 18:00:00,e-scooter,*405 F Dornbusch/Am Grünhof,250,5,9
synthetic_e_scooter,2025-04-09,2025-04-09 17:00:00,2025-04-09 18:00:00,e-scooter,*405 F Dornbusch/Am Grünhof,350,6,12
synthetic_bikesharing,2025-04-09,2025-04-09 17:00:00,2025-04-09 18:00:00,bicycle,F Francois-Mitterrand-Platz,50,1,0
synthetic_bikesharing,2025-04-09,2025-04-09 17:00:00,2025-04-09 18:00:00,bicycle,F Francois-Mitterrand-Platz,100,4,4
synthetic_bikesharing,2025-04-09,2025-04-09 17:00:00,2025-04-09 18:00:00,bicycle,F Francois-Mitterrand-Platz,250,7,9
synthetic_bikesharing,2025-04-09,2025-04-09 17:00:00,2025-04-09 18:00:00,bicycle,F Francois-Mitterrand-Platz,350,10,11
synthetic_e_scooter,2025-04-09,2025-04-09 17:00:00,2025-04-09 18:00:00,e-scooter,F Francois-Mitterrand-Platz,50,5,1
synthetic_e_scooter,2025-04-09,2025-04-09 17:00:00,2025-04-09 18:00:00,e-scooter,F Francois-Mitterrand-Platz,100,8,2
synthetic_e_scooter,2025-04-09,2025-04-09 17:00:00,2025-04-09 18:00:00,e-scooter,F Francois-Mitterrand-Platz,250,16,5
synthetic_e_scooter,2025-04-09,2025-04-09 17:00:00,2025-04-09 18:00:00,e-scooter,F Francois-Mitterrand-Platz,350,19,7
synthetic_bikesharing,2025-04-09,2025-04-09 17:00:00,2025-04-09 18:00:00,bicycle,F Miquel-/Adickesallee,50,0,2
synthetic_bikesharing,2025-04-09,2025-04-09 17:00:00,2025-04-09 18:00:00,bicycle,F Miquel-/Adickesallee,100,2,4
synthetic_bikesharing,2025-04-09,2025-04-09 17:00:00,2025-04-09 18:00:00,bicycle,F Miquel-/Adickesallee,250,7,7
synthetic_bikesharing,2025-04-09,2025-04-09 17:00:00,2025-04-09 18:00:00,bicycle,F Miquel-/Adickesallee,350,9,11
synthetic_e_scooter,2025-04-09,2025-04-09 17:00:00,2025-04-09 18:00:00,e-scooter,F Miquel-/Adickesallee,50,1,0
synthetic_e_scooter,2025-04-09,2025-04-09 17:00:00,2025-04-09 18:00:00,e-scooter,F Miquel-/Adickesallee,100,5,4
synthetic_e_scooter,2025-04-09,2025-04-09 17:00:00,2025-04-09 18:00:00,e-scooter,F Miquel-/Adickesallee,250,8,14
synthetic_e_scooter,2025-04-09,2025-04-09 17:00:00,2025-04-09 18:00:00,e-scooter,F Miquel-/Adickesallee,350,11,22
synthetic_bikesharing,2025-04-09,2025-04-09 17:00:00,2025-04-09 18:00:00,bicycle,F Plieningerstraße,50,0,0
synthetic_bikesharing,2025-04-09,2025-04-09 17:00:00,2025-04-09 18:00:00,bicycle,F Plieningerstraße,100,0,0
synthetic_bikesharing,2025-04-09,2025-04-09 17:00:00,2025-04-09 18:00:00,bicycle,F Plieningerstraße,250,0,1
synthetic_bikesharing,2025-04-09,2025-04-09 17:00:00,2025-04-09 18:00:00,bicycle,F Plieningerstraße,350,1,1
synthetic_e_scooter,2025-04-09,2025-04-09 17:00:00,2025-04-09 18:00:00,e-scooter,F Plieningerstraße,50,0,0
synthetic_e_scooter,2025-04-09,2025-04-09 17:00:00,2025-04-09 18:00:00,e-scooter,F Plieningerstraße,100,0,2
synthetic_e_scooter,2025-04-09,2025-04-09 17:00:00,2025-04-09 18:00:00,e-scooter,F Plieningerstraße,250,0,2
synthetic_e_scooter,2025-04-09,2025-04-09 17:00:00,2025-04-09 18:00:00,e-scooter,F Plieningerstraße,350,0,2
synthetic_bikesharing,2025-04-09,2025-04-09 17:00:00,2025-04-09 18:00:00,bicycle,F Weser-/Münchener Straße,50,1,1
synthetic_bikesharing,2025-04-09,2025-04-09 17:00:00,2025-04-09 18:00:00,bicycle,F Weser-/Münchener Straße,100,4,8
synthetic_bikesharing,2025-04-09,2025-04-09 17:00:00,2025-04-09 18:00:00,bicycle,F Weser-/Münchener Straße,250,9,17
synthetic_bikesharing,2025-04-09,2025-04-09 17:00:00,2025-04-09 18:00:00,bicycle,F Weser-/Münchener Straße,350,13,24
synthetic_e_scooter,2025-04-09,2025-04-09 17:00:00,2025-04-09 18:00:00,e-scooter,F Weser-/Münchener Straße,50,8,7
synthetic_e_scooter,2025-04-09,2025-04-09 17:00:00,2025-04-09 18:00:00,e-scooter,F Weser-/Münchener Straße,100,12,15
synthetic_e_scooter,2025-04-09,2025-04-09 17:00:00,2025-04-09 18:00:00,e-scooter,F Weser-/Münchener Straße,250,21,33
synthetic_e_scooter,2025-04-09,2025-04-09 17:00:00,2025-04-09 18:00:00,e-scooter,F Weser-/Münchener Straße,350,29,37
synthetic_bikesharing,2025-04-09,2025-04-09 18:00:00,2025-04-09 19:00:00,bicycle,*405 F Dornbusch/Am Grünhof,50,1,0
synthetic_bikesharing,2025-04-09,2025-04-09 18:00:00,2025-04-09 19:00:00,bicycle,*405 F Dornbusch/Am Grünhof,100,1,1
synthetic_bikesharing,2025-04-09,2025-04-09 18:00:00,2025-04-09 19:00:00,bicycle,*405 F Dornbusch/Am Grünhof,250,3,5
synthetic_bikesharing,2025-04-09,2025-04-09 18:00:00,2025-04-09 19:00:00,bicycle,*405 F Dornbusch/Am Grünhof,350,5,7
synthetic_e_scooter,2025-04-09,2025-04-09 18:00:00,2025-04-09 19:00:00,e-scooter,*405 F Dornbusch/Am Grünhof,50,0,3
synthetic_e_scooter,2025-04-09,2025-04-09 18:00:00,2025-04-09 19:00:00,e-scooter,*405 F Dornbusch/Am Grünhof,100,4,4
synthetic_e_scooter,2025-04-09,2025-04-09 18:00:00,2025-04-09 19:00:00,e-scooter,*405 F Dornbusch/Am Grünhof,250,8,11
synthetic_e_scooter,2025-04-09,2025-04-09 18:00:00,2025-04-09 19:00:00,e-scooter,*405 F Dornbusch/Am Grünhof,350,10,17
synthetic_bikesharing,2025-04-09,2025-04-09 18:00:00,2025-04-09 19:00:00,bicycle,F Francois-Mitterrand-Platz,50,1,0
synthetic_bikesharing,2025-04-09,2025-04-09 18:00:00,2025-04-09 19:00:00,bicycle,F Francois-Mitterrand-Platz,100,5,1
synthetic_bikesharing,2025-04-09,2025-04-09 18:00:00,2025-04-09 19:00:00,bicycle,F Francois-Mitterrand-Platz,250,5,1
synthetic_bikesharing,2025-04-09,2025-04-09 18:00:00,2025-04-09 19:00:00,bicycle,F Francois-Mitterrand-Platz,350,7,1
synthetic_e_scooter,2025-04-09,2025-04-09 18:00:00,2025-04-09 19:00:00,e-scooter,F Francois-Mitterrand-Platz,50,0,0
synthetic_e_scooter,2025-04-09,2025-04-09 18:00:00,2025-04-09 19:00:00,e-scooter,F Francois-Mitterrand-Platz,100,9,5
synthetic_e_scooter,2025-04-09,2025-04-09 18:00:00,2025-04-09 19:00:00,e-scooter,F Francois-Mitterrand-Platz,250,17,10
synthetic_e_scooter,2025-04-09,2025-04-09 18:00:00,2025-04-09 19:00:00,e-scooter,F Francois-Mitterrand-Platz,350,23,12
synthetic_bikesharing,2025-04-09,2025-04-09 18:00:00,2025-04-09 19:00:00,bicycle,F Miquel-/Adickesallee,50,1,3
synthetic_bikesharing,2025-04-09,2025-04-09 18:00:00,2025-04-09 19:00:00,bicycle,F Miquel-/Adickesallee,100,1,4
synthetic_bikesharing,2025-04-09,2025-04-09 18:00:00,2025-04-09 19:00:00,bicycle,F Miquel-/Adickesallee,250,4,4
synthetic_bikesharing,2025-04-09,2025-04-09 18:00:00,2025-04-09 19:00:00,bicycle,F Miquel-/Adickesallee,350,6,8
synthetic_e_scooter,2025-04-09,2025-04-09 18:00:00,2025-04-09 19:00:00,e-scooter,F Miquel-/Adickesallee,50,1,1
synthetic_e_scooter,2025-04-09,2025-04-09 18:00:00,2025-04-09 19:00:00,e-scooter,F Miquel-/Adickesallee,100,6,5
synthetic_e_scooter,2025-04-09,2025-04-09 18:00:00,2025-04-09 19:00:00,e-scooter,F Miquel-/Adickesallee,250,15,22
synthetic_e_scooter,2025-04-09,2025-04-09 18:00:00,2025-04-09 19:00:00,e-scooter,F Miquel-/Adickesallee,350,17,28
synthetic_bikesharing,2025-04-09,2025-04-09 18:00:00,2025-04-09 19:00:00,bicycle,F Plieningerstraße,50,0,0
synthetic_bikesharing,2025-04-09,2025-04-09 18:00:00,2025-04-09 19:00:00,bicycle,F Plieningerstraße,100,0,0
synthetic_bikesharing,2025-04-09,2025-04-09 18:00:00,2025-04-09 19:00:00,bicycle,F Plieningerstraße,250,1,1
synthetic_bikesharing,2025-04-09,2025-04-09 18:00:00,2025-04-09 19:00:00,bicycle,F Plieningerstraße,350,2,2
synthetic_e_scooter,2025-04-09,2025-04-09 18:00:00,2025-04-09 19:00:00,e-scooter,F Plieningerstraße,50,0,0
synthetic_e_scooter,2025-04-09,2025-04-09 18:00:00,2025-04-09 19:00:00,e-scooter,F Plieningerstraße,100,2,2
synthetic_e_scooter,2025-04-09,2025-04-09 18:00:00,2025-04-09 19:00:00,e-scooter,F Plieningerstraße,250,6,3
synthetic_e_scooter,2025-04-09,2025-04-09 18:00:00,2025-04-09 19:00:00,e-scooter,F Plieningerstraße,350,8,4
synthetic_bikesharing,2025-04-09,2025-04-09 18:00:00,2025-04-09 19:00:00,bicycle,F Weser-/Münchener Straße,50,0,2
synthetic_bikesharing,2025-04-09,2025-04-09 18:00:00,2025-04-09 19:00:00,bicycle,F Weser-/Münchener Straße,100,3,4
synthetic_bikesharing,2025-04-09,2025-04-09 18:00:00,2025-04-09 19:00:00,bicycle,F Weser-/Münchener Straße,250,13,13
synthetic_bikesharing,2025-04-09,2025-04-09 18:00:00,2025-04-09 19:00:00,bicycle,F Weser-/Münchener Straße,350,16,19
synthetic_e_scooter,2025-04-09,2025-04-09 18:00:00,2025-04-09 19:00:00,e-scooter,F Weser-/Münchener Straße,50,0,6
synthetic_e_scooter,2025-04-09,2025-04-09 18:00:00,2025-04-09 19:00:00,e-scooter,F Weser-/Münchener Straße,100,2,14
synthetic_e_scooter,2025-04-09,2025-04-09 18:00:00,2025-04-09 19:00:00,e-scooter,F Weser-/Münchener Straße,250,13,31
synthetic_e_scooter,2025-04-09,2025-04-09 18:00:00,2025-04-09 19:00:00,e-scooter,F Weser-/Münchener Straße,350,17,43
synthetic_bikesharing,2025-04-09,2025-04-09 19:00:00,2025-04-09 20:00:00,bicycle,*405 F Dornbusch/Am Grünhof,50,0,0
synthetic_bikesharing,2025-04-09,2025-04-09 19:00:00,2025-04-09 20:00:00,bicycle,*405 F Dornbusch/Am Grünhof,100,0,0
synthetic_bikesharing,2025-04-09,2025-04-09 19:00:00,2025-04-09 20:00:00,bicycle,*405 F Dornbusch/Am Grünhof,250,0,1
synthetic_bikesharing,2025-04-09,2025-04-09 19:00:00,2025-04-09 20:00:00,bicycle,*405 F Dornbusch/Am Grünhof,350,0,2
synthetic_e_scooter,2025-04-09,2025-04-09 19:00:00,2025-04-09 20:00:00,e-scooter,*405 F Dornbusch/Am Grünhof,50,0,1
synthetic_e_scooter,2025-04-09,2025-04-09 19:00:00,2025-04-09 20:00:00,e-scooter,*405 F Dornbusch/Am Grünhof,100,2,2
synthetic_e_scooter,2025-04-09,2025-04-09 19:00:00,2025-04-09 20:00:00,e-scooter,*405 F Dornbusch/Am Grünhof,250,4,5
synthetic_e_scooter,2025-04-09,2025-04-09 19:00:00,2025-04-09 20:00:00,e-scooter,*405 F Dornbusch/Am Grünhof,350,5,9
synthetic_bikesharing,2025-04-09,2025-04-09 19:00:00,2025-04-09 20:00:00,bicycle,F Francois-Mitterrand-Platz,50,1,0
synthetic_bikesharing,2025-04-09,2025-04-09 19:00:00,2025-04-09 20:00:00,bicycle,F Francois-Mitterrand-Platz,100,2,0
synthetic_bikesharing,2025-04-09,2025-04-09 19:00:00,2025-04-09 20:00:00,bicycle,F Francois-Mitterrand-Platz,250,3,1
synthetic_bikesharing,2025-04-09,2025-04-09 19:00:00,2025-04-09 20:00:00,bicycle,F Francois-Mitterrand-Platz,350,8,1
synthetic_e_scooter,2025-04-09,2025-04-09 19:00:00,2025-04-09 20:00:00,e-scooter,F Francois-Mitterrand-Platz,50,2,0
synthetic_e_scooter,2025-04-09,2025-04-09 19:00:00,2025-04-09 20:00:00,e-scooter,F Francois-Mitterrand-Platz,100,2,0
synthetic_e_scooter,2025-04-09,2025-04-09 19:00:00,2025-04-09 20:00:00,e-scooter,F Francois-Mitterrand-Platz,250,2,0
synthetic_e_scooter,2025-04-09,2025-04-09 19:00:00,2025-04-09 20:00:00,e-scooter,F Francois-Mitterrand-Platz,350,2,2
synthetic_bikesharing,2025-04-09,2025-04-09 19:00:00,2025-04-09 20:00:00,bicycle,F Miquel-/Adickesallee,50,0,1
synthetic_bikesharing,2025-04-09,2025-04-09 19:00:00,2025-04-09 20:00:00,bicycle,F Miquel-/Adickesallee,100,2,4
synthetic_bikesharing,2025-04-09,2025-04-09 19:00:00,2025-04-09 20:00:00,bicycle,F Miquel-/Adickesallee,250,3,8
synthetic_bikesharing,2025-04-09,2025-04-09 19:00:00,2025-04-09 20:00:00,bicycle,F Miquel-/Adickesallee,350,4,10
synthetic_e_scooter,2025-04-09,2025-04-09 19:00:00,2025-04-09 20:00:00,e-scooter,F Miquel-/Adickesallee,50,0,3
synthetic_e_scooter,2025-04-09,2025-04-09 19:00:00,2025-04-09 20:00:00,e-scooter,F Miquel-/Adickesallee,100,3,7
synthetic_e_scooter,2025-04-09,2025-04-09 19:00:00,2025-04-09 20:00:00,e-scooter,F Miquel-/Adickesallee,250,6,19
synthetic_e_scooter,2025-04-09,2025-04-09 19:00:00,2025-04-09 20:00:00,e-scooter,F Miquel-/Adickesallee,350,8,26
synthetic_bikesharing,2025-04-09,2025-04-09 19:00:00,2025-04-09 20:00:00,bicycle,F Plieningerstraße,50,0,0
synthetic_bikesharing,2025-04-09,2025-04-09 19:00:00,2025-04-09 20:00:00,bicycle,F Plieningerstraße,100,0,1
synthetic_bikesharing,2025-04-09,2025-04-09 19:00:00,2025-04-09 20:00:00,bicycle,F Plieningerstraße,250,4,2
synthetic_bikesharing,2025-04-09,2025-04-09 19:00:00,2025-04-09 20:00:00,bicycle,F Plieningerstraße,350,7,3
synthetic_e_scooter,2025-04-09,2025-04-09 19:00:00,2025-04-09 20:00:00,e-scooter,F Plieningerstraße,50,1,1
synthetic_e_scooter,2025-04-09,2025-04-09 19:00:00,2025-04-09 20:00:00,e-scooter,F Plieningerstraße,100,5,1
synthetic_e_scooter,2025-04-09,2025-04-09 19:00:00,2025-04-09 20:00:00,e-scooter,F Plieningerstraße,250,6,2
synthetic_e_scooter,2025-04-09,2025-04-09 19:00:00,2025-04-09 20:00:00,e-scooter,F Plieningerstraße,350,8,3
synthetic_bikesharing,2025-04-09,2025-04-09 19:00:00,2025-04-09 20:00:00,bicycle,F Weser-/Münchener Straße,50,0,4
synthetic_bikesharing,2025-04-09,2025-04-09 19:00:00,2025-04-09 20:00:00,bicycle,F Weser-/Münchener Straße,100,4,4
synthetic_bikesharing,2025-04-09,2025-04-09 19:00:00,2025-04-09 20:00:00,bicycle,F Weser-/Münchener Straße,250,8,11
synthetic_bikesharing,2025-04-09,2025-04-09 19:00:00,2025-04-09 20:00:00,bicycle,F Weser-/Münchener Straße,350,12,14
synthetic_e_scooter,2025-04-09,2025-04-09 19:00:00,2025-04-09 20:00:00,e-scooter,F Weser-/Münchener Straße,50,3,0
synthetic_e_scooter,2025-04-09,2025-04-09 19:00:00,2025-04-09 20:00:00,e-scooter,F Weser-/Münchener Straße,100,5,3
synthetic_e_scooter,2025-04-09,2025-04-09 19:00:00,2025-04-09 20:00:00,e-scooter,F Weser-/Münchener Straße,250,13,16
synthetic_e_scooter,2025-04-09,2025-04-09 19:00:00,2025-04-09 20:00:00,e-scooter,F Weser-/Münchener Straße,350,19,22
synthetic_bikesharing,2025-04-09,2025-04-09 20:00:00,2025-04-09 21:00:00,bicycle,*405 F Dornbusch/Am Grünhof,50,1,0
synthetic_bikesharing,2025-04-09,2025-04-09 20:00:00,2025-04-09 21:00:00,bicycle,*405 F Dornbusch/Am Grünhof,100,1,1
synthetic_bikesharing,2025-04-09,2025-04-09 20:00:00,2025-04-09 21:00:00,bicycle,*405 F Dornbusch/Am Grünhof,250,2,1
synthetic_bikesharing,2025-04-09,2025-04-09 20:00:00,2025-04-09 21:00:00,bicycle,*405 F Dornbusch/Am Grünhof,350,2,2
synthetic_e_scooter,2025-04-09,2025-04-09 20:00:00,2025-04-09 21:00:00,e-scooter,*405 F Dornbusch/Am Grünhof,50,2,0
synthetic_e_scooter,2025-04-09,2025-04-09 20:00:00,2025-04-09 21:00:00,e-scooter,*405 F Dornbusch/Am Grünhof,100,5,1
synthetic_e_scooter,2025-04-09,2025-04-09 20:00:00,2025-04-09 21:00:00,e-scooter,*405 F Dornbusch/Am Grünhof,250,9,3
synthetic_e_scooter,2025-04-09,2025-04-09 20:00:00,2025-04-09 21:00:00,e-scooter,*405 F Dornbusch/Am Grünhof,350,11,6
synthetic_bikesharing,2025-04-09,2025-04-09 20:00:00,2025-04-09 21:00:00,bicycle,F Francois-Mitterrand-Platz,50,0,0
synthetic_bikesharing,2025-04-09,2025-04-09 20:00:00,2025-04-09 21:00:00,bicycle,F Francois-Mitterrand-Platz,100,0,0
synthetic_bikesharing,2025-04-09,2025-04-09 20:00:00,2025-04-09 21:00:00,bicycle,F Francois-Mitterrand-Platz,250,4,1
synthetic_bikesharing,2025-04-09,2025-04-09 20:00:00,2025-04-09 21:00:00,bicycle,F Francois-Mitterrand-Platz,350,5,2
synthetic_e_scooter,2025-04-09,2025-04-09 20:00:00,2025-04-09 21:00:00,e-scooter,F Francois-Mitterrand-Platz,50,0,1
synthetic_e_scooter,2025-04-09,2025-04-09 20:00:00,2025-04-09 21:00:00,e-scooter,F Francois-Mitterrand-Platz,100,0,3
synthetic_e_scooter,2025-04-09,2025-04-09 20:00:00,2025-04-09 21:00:00,e-scooter,F Francois-Mitterrand-Platz,250,2,6
synthetic_e_scooter,2025-04-09,2025-04-09 20:00:00,2025-04-09 21:00:00,e-scooter,F Francois-Mitterrand-Platz,350,2,10
synthetic_bikesharing,2025-04-09,2025-04-09 20:00:00,2025-04-09 21:00:00,bicycle,F Miquel-/Adickesallee,50,1,1
synthetic_bikesharing,2025-04-09,2025-04-09 20:00:00,2025-04-09 21:00:00,bicycle,F Miquel-/Adickesallee,100,1,2
synthetic_bikesharing,2025-04-09,2025-04-09 20:00:00,2025-04-09 21:00:00,bicycle,F Miquel-/Adickesallee,250,2,5
synthetic_bikesharing,2025-04-09,2025-04-09 20:00:00,2025-04-09 21:00:00,bicycle,F Miquel-/Adickesallee,350,2,5
synthetic_e_scooter,2025-04-09,2025-04-09 20:00:00,2025-04-09 21:00:00,e-scooter,F Miquel-/Adickesallee,50,1,1
synthetic_e_scooter,2025-04-09,2025-04-09 20:00:00,2025-04-09 21:00:00,e-scooter,F Miquel-/Adickesallee,100,5,2
synthetic_e_scooter,2025-04-09,2025-04-09 20:00:00,2025-04-09 21:00:00,e-scooter,F Miquel-/Adickesallee,250,10,7
synthetic_e_scooter,2025-04-09,2025-04-09 20:00:00,2025-04-09 21:00:00,e-scooter,F Miquel-/Adickesallee,350,11,9
synthetic_bikesharing,2025-04-09,2025-04-09 20:00:00,2025-04-09 21:00:00,bicycle,F Plieningerstraße,50,0,0
synthetic_bikesharing,2025-04-09,2025-04-09 20:00:00,2025-04-09 21:00:00,bicycle,F Plieningerstraße,100,1,0
synthetic_bikesharing,2025-04-09,2025-04-09 20:00:00,2025-04-09 21:00:00,bicycle,F Plieningerstraße,250,1,0
synthetic_bikesharing,2025-04-09,2025-04-09 20:00:00,2025-04-09 21:00:00,bicycle,F Plieningerstraße,350,1,0
synthetic_e_scooter,2025-04-09,2025-04-09 20:00:00,2025-04-09 21:00:00,e-scooter,F Plieningerstraße,50,1,0
synthetic_e_scooter,2025-04-09,2025-04-09 20:00:00,2025-04-09 21:00:00,e-scooter,F Plieningerstraße,100,1,0
synthetic_e_scooter,2025-04-09,2025-04-09 20:00:00,2025-04-09 21:00:00,e-scooter,F Plieningerstraße,250,1,7
synthetic_e_scooter,2025-04-09,2025-04-09 20:00:00,2025-04-09 21:00:00,e-scooter,F Plieningerstraße,350,4,8
synthetic_bikesharing,2025-04-09,2025-04-09 20:00:00,2025-04-09 21:00:00,bicycle,F Weser-/Münchener Straße,50,0,0
synthetic_bikesharing,2025-04-09,2025-04-09 20:00:00,2025-04-09 21:00:00,bicycle,F Weser-/Münchener Straße,100,1,1
synthetic_bikesharing,2025-04-09,2025-04-09 20:00:00,2025-04-09 21:00:00,bicycle,F Weser-/Münchener Straße,250,3,4
synthetic_bikesharing,2025-04-09,2025-04-09 20:00:00,2025-04-09 21:00:00,bicycle,F Weser-/Münchener Straße,350,4,5
synthetic_e_scooter,2025-04-09,2025-04-09 20:00:00,2025-04-09 21:00:00,e-scooter,F Weser-/Münchener Straße,50,1,2
synthetic_e_scooter,2025-04-09,2025-04-09 20:00:00,2025-04-09 21:00:00,e-scooter,F Weser-/Münchener Straße,100,3,7
synthetic_e_scooter,2025-04-09,2025-04-09 20:00:00,2025-04-09 21:00:00,e-scooter,F Weser-/Münchener Straße,250,7,16
synthetic_e_scooter,2025-04-09,2025-04-09 20:00:00,2025-04-09 21:00:00,e-scooter,F Weser-/Münchener Straße,350,11,21
synthetic_bikesharing,2025-04-09,2025-04-09 21:00:00,2025-04-09 22:00:00,bicycle,*405 F Dornbusch/Am Grünhof,50,0,0
synthetic_bikesharing,2025-04-09,2025-04-09 21:00:00,2025-04-09 22:00:00,bicycle,*405 F Dornbusch/Am Grünhof,100,0,0
synthetic_bikesharing,2025-04-09,2025-04-09 21:00:00,2025-04-09 22:00:00,bicycle,*405 F Dornbusch/Am Grünhof,250,0,2
synthetic_bikesharing,2025-04-09,2025-04-09 21:00:00,2025-04-09 22:00:00,bicycle,*405 F Dornbusch/Am Grünhof,350,0,2
synthetic_e_scooter,2025-04-09,2025-04-09 21:00:00,2025-04-09 22:00:00,e-scooter,*405 F Dornbusch/Am Grünhof,50,0,0
synthetic_e_scooter,2025-04-09,2025-04-09 21:00:00,2025-04-09 22:00:00,e-scooter,*405 F Dornbusch/Am Grünhof,100,1,2
synthetic_e_scooter,2025-04-09,2025-04-09 21:00:00,2025-04-09 22:00:00,e-scooter,*405 F Dornbusch/Am Grünhof,250,3,6
synthetic_e_scooter,2025-04-09,2025-04-09 21:00:00,2025-04-09 22:00:00,e-scooter,*405 F Dornbusch/Am Grünhof,350,4,6
synthetic_bikesharing,2025-04-09,2025-04-09 21:00:00,2025-04-09 22:00:00,bicycle,F Francois-Mitterrand-Platz,50,0,0
synthetic_bikesharing,2025-04-09,2025-04-09 21:00:00,2025-04-09 22:00:00,bicycle,F Francois-Mitterrand-Platz,100,0,0
synthetic_bikesharing,2025-04-09,2025-04-09 21:00:00,2025-04-09 22:00:00,bicycle,F Francois-Mitterrand-Platz,250,0,2
synthetic_bikesharing,2025-04-09,2025-04-09 21:00:00,2025-04-09 22:00:00,bicycle,F Francois-Mitterrand-Platz,350,0,2
synthetic_e_scooter,2025-04-09,2025-04-09 21:00:00,2025-04-09 22:00:00,e-scooter,F Francois-Mitterrand-Platz,50,1,0
synthetic_e_scooter,2025-04-09,2025-04-09 21:00:00,2025-04-09 22:00:00,e-scooter,F Francois-Mitterrand-Platz,100,4,0
synthetic_e_scooter,2025-04-09,2025-04-09 21:00:00,2025-04-09 22:00:00,e-scooter,F Francois-Mitterrand-Platz,250,6,3
synthetic_e_scooter,2025-04-09,2025-04-09 21:00:00,2025-04-09 22:00:00,e-scooter,F Francois-Mitterrand-Platz,350,6,4
synthetic_bikesharing,2025-04-09,2025-04-09 21:00:00,2025-04-09 22:00:00,bicycle,F Miquel-/Adickesallee,50,0,0
synthetic_bikesharing,2025-04-09,2025-04-09 21:00:00,2025-04-09 22:00:00,bicycle,F Miquel-/Adickesallee,100,0,0
synthetic_bikesharing,2025-04-09,2025-04-09 21:00:00,2025-04-09 22:00:00,bicycle,F Miquel-/Adickesallee,250,0,4
synthetic_bikesharing,2025-04-09,2025-04-09 21:00:00,2025-04-09 22:00:00,bicycle,F Miquel-/Adickesallee,350,0,4
synthetic_e_scooter,2025-04-09,2025-04-09 21:00:00,2025-04-09 22:00:00,e-scooter,F Miquel-/Adickesallee,50,1,3
synthetic_e_scooter,2025-04-09,2025-04-09 21:00:00,2025-04-09 22:00:00,e-scooter,F Miquel-/Adickesallee,100,1,6
synthetic_e_scooter,2025-04-09,2025-04-09 21:00:00,2025-04-09 22:00:00,e-scooter,F Miquel-/Adickesallee,250,5,12
synthetic_e_scooter,2025-04-09,2025-04-09 21:00:00,2025-04-09 22:00:00,e-scooter,F Miquel-/Adickesallee,350,6,13
synthetic_bikesharing,2025-04-09,2025-04-09 21:00:00,2025-04-09 22:00:00,bicycle,F Plieningerstraße,50,0,1
synthetic_bikesharing,2025-04-09,2025-04-09 21:00:00,2025-04-09 22:00:00,bicycle,F Plieningerstraße,100,0,1
synthetic_bikesharing,2025-04-09,2025-04-09 21:00:00,2025-04-09 22:00:00,bicycle,F Plieningerstraße,250,0,4
synthetic_bikesharing,2025-04-09,2025-04-09 21:00:00,2025-04-09 22:00:00,bicycle,F Plieningerstraße,350,0,4
synthetic_e_scooter,2025-04-09,2025-04-09 21:00:00,2025-04-09 22:00:00,e-scooter,F Plieningerstraße,50,3,1
synthetic_e_scooter,2025-04-09,2025-04-09 21:00:00,2025-04-09 22:00:00,e-scooter,F Plieningerstraße,100,3,2
synthetic_e_scooter,2025-04-09,2025-04-09 21:00:00,2025-04-09 22:00:00,e-scooter,F Plieningerstraße,250,5,3
synthetic_e_scooter,2025-04-09,2025-04-09 21:00:00,2025-04-09 22:00:00,e-scooter,F Plieningerstraße,350,7,3
synthetic_bikesharing,2025-04-09,2025-04-09 21:00:00,2025-04-09 22:00:00,bicycle,F Weser-/Münchener Straße,50,0,1
synthetic_bikesharing,2025-04-09,2025-04-09 21:00:00,2025-04-09 22:00:00,bicycle,F Weser-/Münchener Straße,100,2,1
synthetic_bikesharing,2025-04-09,2025-04-09 21:00:00,2025-04-09 22:00:00,bicycle,F Weser-/Münchener Straße,250,5,1
synthetic_bikesharing,2025-04-09,2025-04-09 21:00:00,2025-04-09 22:00:00,bicycle,F Weser-/Münchener Straße,350,5,3
synthetic_e_scooter,2025-04-09,2025-04-09 21:00:00,2025-04-09 22:00:00,e-scooter,F Weser-/Münchener Straße,50,3,1
synthetic_e_scooter,2025-04-09,2025-04-09 21:00:00,2025-04-09 22:00:00,e-scooter,F Weser-/Münchener Straße,100,5,5
synthetic_e_scooter,2025-04-09,2025-04-09 21:00:00,2025-04-09 22:00:00,e-scooter,F Weser-/Münchener Straße,250,16,9
synthetic_e_scooter,2025-04-09,2025-04-09 21:00:00,2025-04-09 22:00:00,e-scooter,F Weser-/Münchener Straße,350,16,12
synthetic_bikesharing,2025-04-09,2025-04-09 22:00:00,2025-04-09 23:00:00,bicycle,*405 F Dornbusch/Am Grünhof,50,0,0
synthetic_bikesharing,2025-04-09,2025-04-09 22:00:00,2025-04-09 23:00:00,bicycle,*405 F Dornbusch/Am Grünhof,100,0,0
synthetic_bikesharing,2025-04-09,2025-04-09 22:00:00,2025-04-09 23:00:00,bicycle,*405 F Dornbusch/Am Grünhof,250,0,0
synthetic_bikesharing,2025-04-09,2025-04-09 22:00:00,2025-04-09 23:00:00,bicycle,*405 F Dornbusch/Am Grünhof,350,0,1
synthetic_e_scooter,2025-04-09,2025-04-09 22:00:00,2025-04-09 23:00:00,e-scooter,*405 F Dornbusch/Am Grünhof,50,0,0
synthetic_e_scooter,2025-04-09,2025-04-09 22:00:00,2025-04-09 23:00:00,e-scooter,*405 F Dornbusch/Am Grünhof,100,1,1
synthetic_e_scooter,2025-04-09,2025-04-09 22:00:00,2025-04-09 23:00:00,e-scooter,*405 F Dornbusch/Am Grünhof,250,5,4
synthetic_e_scooter,2025-04-09,2025-04-09 22:00:00,2025-04-09 23:00:00,e-scooter,*405 F Dornbusch/Am Grünhof,350,7,5
synthetic_bikesharing,2025-04-09,2025-04-09 22:00:00,2025-04-09 23:00:00,bicycle,F Francois-Mitterrand-Platz,50,0,0
synthetic_bikesharing,2025-04-09,2025-04-09 22:00:00,2025-04-09 23:00:00,bicycle,F Francois-Mitterrand-Platz,100,0,0
synthetic_bikesharing,2025-04-09,2025-04-09 22:00:00,2025-04-09 23:00:00,bicycle,F Francois-Mitterrand-Platz,250,0,1
synthetic_bikesharing,2025-04-09,2025-04-09 22:00:00,2025-04-09 23:00:00,bicycle,F Francois-Mitterrand-Platz,350,0,2
synthetic_e_scooter,2025-04-09,2025-04-09 22:00:00,2025-04-09 23:00:00,e-scooter,F Francois-Mitterrand-Platz,50,0,0
synthetic_e_scooter,2025-04-09,2025-04-09 22:00:00,2025-04-09 23:00:00,e-scooter,F Francois-Mitterrand-Platz,100,0,0
synthetic_e_scooter,2025-04-09,2025-04-09 22:00:00,2025-04-09 23:00:00,e-scooter,F Francois-Mitterrand-Platz,250,0,1
synthetic_e_scooter,2025-04-09,2025-04-09 22:00:00,2025-04-09 23:00:00,e-scooter,F Francois-Mitterrand-Platz,350,0,2
synthetic_bikesharing,2025-04-09,2025-04-09 22:00:00,2025-04-09 23:00:00,bicycle,F Miquel-/Adickesallee,50,0,1
synthetic_bikesharing,2025-04-09,2025-04-09 22:00:00,2025-04-09 23:00:00,bicycle,F Miquel-/Adickesallee,100,0,3
synthetic_bikesharing,2025-04-09,2025-04-09 22:00:00,2025-04-09 23:00:00,bicycle,F Miquel-/Adickesallee,250,0,5
synthetic_bikesharing,2025-04-09,2025-04-09 22:00:00,2025-04-09 23:00:00,bicycle,F Miquel-/Adickesallee,350,1,6
synthetic_e_scooter,2025-04-09,2025-04-09 22:00:00,2025-04-09 23:00:00,e-scooter,F Miquel-/Adickesallee,50,1,0
synthetic_e_scooter,2025-04-09,2025-04-09 22:00:00,2025-04-09 23:00:00,e-scooter,F Miquel-/Adickesallee,100,3,1
synthetic_e_scooter,2025-04-09,2025-04-09 22:00:00,2025-04-09 23:00:00,e-scooter,F Miquel-/Adickesallee,250,5,3
synthetic_e_scooter,2025-04-09,2025-04-09 22:00:00,2025-04-09 23:00:00,e-scooter,F Miquel-/Adickesallee,350,7,5
synthetic_bikesharing,2025-04-09,2025-04-09 22:00:00,2025-04-09 23:00:00,bicycle,F Plieningerstraße,50,0,0
synthetic_bikesharing,2025-04-09,2025-04-09 22:00:00,2025-04-09 23:00:00,bicycle,F Plieningerstraße,100,0,0
synthetic_bikesharing,2025-04-09,2025-04-09 22:00:00,2025-04-09 23:00:00,bicycle,F Plieningerstraße,250,0,2
synthetic_bikesharing,2025-04-09,2025-04-09 22:00:00,2025-04-09 23:00:00,bicycle,F Plieningerstraße,350,1,2
synthetic_e_scooter,2025-04-09,2025-04-09 22:00:00,2025-04-09 23:00:00,e-scooter,F Plieningerstraße,50,0,0
synthetic_e_scooter,2025-04-09,2025-04-09 22:00:00,2025-04-09 23:00:00,e-scooter,F Plieningerstraße,100,0,0
synthetic_e_scooter,2025-04-09,2025-04-09 22:00:00,2025-04-09 23:00:00,e-scooter,F Plieningerstraße,250,1,3
synthetic_e_scooter,2025-04-09,2025-04-09 22:00:00,2025-04-09 23:00:00,e-scooter,F Plieningerstraße,350,2,4
synthetic_bikesharing,2025-04-09,2025-04-09 22:00:00,2025-04-09 23:00:00,bicycle,F Weser-/Münchener Straße,50,0,0
synthetic_bikesharing,2025-04-09,2025-04-09 22:00:00,2025-04-09 23:00:00,bicycle,F Weser-/Münchener Straße,100,0,0
synthetic_bikesharing,2025-04-09,2025-04-09 22:00:00,2025-04-09 23:00:00,bicycle,F Weser-/Münchener Straße,250,2,2
synthetic_bikesharing,2025-04-09,2025-04-09 22:00:00,2025-04-09 23:00:00,bicycle,F Weser-/Münchener Straße,350,3,5
synthetic_e_scooter,2025-04-09,2025-04-09 22:00:00,2025-04-09 23:00:00,e-scooter,F Weser-/Münchener Straße,50,1,0
synthetic_e_scooter,2025-04-09,2025-04-09 22:00:00,2025-04-09 23:00:00,e-scooter,F Weser-/Münchener Straße,100,3,0
synthetic_e_scooter,2025-04-09,2025-04-09 22:00:00,2025-04-09 23:00:00,e-scooter,F Weser-/Münchener Straße,250,7,4
synthetic_e_scooter,2025-04-09,2025-04-09 22:00:00,2025-04-09 23:00:00,e-scooter,F Weser-/Münchener Straße,350,9,7
synthetic_bikesharing,2025-04-10,2025-04-09 23:00:00,2025-04-10 00:00:00,bicycle,*405 F Dornbusch/Am Grünhof,50,0,0
synthetic_bikesharing,2025-04-10,2025-04-09 23:00:00,2025-04-10 00:00:00,bicycle,*405 F Dornbusch/Am Grünhof,100,0,0
synthetic_bikesharing,2025-04-10,2025-04-09 23:00:00,2025-04-10 00:00:00,bicycle,*405 F Dornbusch/Am Grünhof,250,0,0
synthetic_bikesharing,2025-04-10,2025-04-09 23:00:00,2025-04-10 00:00:00,bicycle,*405 F Dornbusch/Am Grünhof,350,0,0
synthetic_e_scooter,2025-04-10,2025-04-09 23:00:00,2025-04-10 00:00:00,e-scooter,*405 F Dornbusch/Am Grünhof,50,0,0
synthetic_e_scooter,2025-04-10,2025-04-09 23:00:00,2025-04-10 00:00:00,e-scooter,*405 F Dornbusch/Am Grünhof,100,0,0
synthetic_e_scooter,2025-04-10,2025-04-09 23:00:00,2025-04-10 00:00:00,e-scooter,*405 F Dornbusch/Am Grünhof,250,2,0
synthetic_e_scooter,2025-04-10,2025-04-09 23:00:00,2025-04-10 00:00:00,e-scooter,*405 F Dornbusch/Am Grünhof,350,2,0
synthetic_bikesharing,2025-04-10,2025-04-09 23:00:00,2025-04-10 00:00:00,bicycle,F Francois-Mitterrand-Platz,50,1,0
synthetic_bikesharing,2025-04-10,2025-04-09 23:00:00,2025-04-10 00:00:00,bicycle,F Francois-Mitterrand-Platz,100,1,0
synthetic_bikesharing,2025-04-10,2025-04-09 23:00:00,2025-04-10 00:00:00,bicycle,F Francois-Mitterrand-Platz,250,1,0
synthetic_bikesharing,2025-04-10,2025-04-09 23:00:00,2025-04-10 00:00:00,bicycle,F Francois-Mitterrand-Platz,350,2,0
synthetic_e_scooter,2025-04-10,2025-04-09 23:00:00,2025-04-10 00:00:00,e-scooter,F Francois-Mitterrand-Platz,50,0,0
synthetic_e_scooter,2025-04-10,2025-04-09 23:00:00,2025-04-10 00:00:00,e-scooter,F Francois-Mitterrand-Platz,100,0,0
synthetic_e_scooter,2025-04-10,2025-04-09 23:00:00,2025-04-10 00:00:00,e-scooter,F Francois-Mitterrand-Platz,250,3,0
synthetic_e_scooter,2025-04-10,2025-04-09 23:00:00,2025-04-10 00:00:00,e-scooter,F Francois-Mitterrand-Platz,350,4,0
synthetic_bikesharing,2025-04-10,2025-04-09 23:00:00,2025-04-10 00:00:00,bicycle,F Miquel-/Adickesallee,50,1,0
synthetic_bikesharing,2025-04-10,2025-04-09 23:00:00,2025-04-10 00:00:00,bicycle,F Miquel-/Adickesallee,100,1,0
synthetic_bikesharing,2025-04-10,2025-04-09 23:00:00,2025-04-10 00:00:00,bicycle,F Miquel-/Adickesallee,250,1,0
synthetic_bikesharing,2025-04-10,2025-04-09 23:00:00,2025-04-10 00:00:00,bicycle,F Miquel-/Adickesallee,350,1,0
synthetic_e_scooter,2025-04-10,2025-04-09 23:00:00,2025-04-10 00:00:00,e-scooter,F Miquel-/Adickesallee,50,0,0
synthetic_e_scooter,2025-04-10,2025-04-09 23:00:00,2025-04-10 00:00:00,e-scooter,F Miquel-/Adickesallee,100,0,2
synthetic_e_scooter,2025-04-10,2025-04-09 23:00:00,2025-04-10 00:00:00,e-scooter,F Miquel-/Adickesallee,250,2,3
synthetic_e_scooter,2025-04-10,2025-04-09 23:00:00,2025-04-10 00:00:00,e-scooter,F Miquel-/Adickesallee,350,3,3
synthetic_bikesharing,2025-04-10,2025-04-09 23:00:00,2025-04-10 00:00:00,bicycle,F Plieningerstraße,50,0,0
synthetic_bikesharing,2025-04-10,2025-04-09 23:00:00,2025-04-10 00:00:00,bicycle,F Plieningerstraße,100,0,0
synthetic_bikesharing,2025-04-10,2025-04-09 23:00:00,2025-04-10 00:00:00,bicycle,F Plieningerstraße,250,1,1
synthetic_bikesharing,2025-04-10,2025-04-09 23:00:00,2025-04-10 00:00:00,bicycle,F Plieningerstraße,350,1,1
synthetic_e_scooter,2025-04-10,2025-04-09 23:00:00,2025-04-10 00:00:00,e-scooter,F Plieningerstraße,50,0,0
synthetic_e_scooter,2025-04-10,2025-04-09 23:00:00,2025-04-10 00:00:00,e-scooter,F Plieningerstraße,100,0,0
synthetic_e_scooter,2025-04-10,2025-04-09 23:00:00,2025-04-10 00:00:00,e-scooter,F Plieningerstraße,250,0,0
synthetic_e_scooter,2025-04-10,2025-04-09 23:00:00,2025-04-10 00:00:00,e-scooter,F Plieningerstraße,350,0,0
synthetic_bikesharing,2025-04-10,2025-04-09 23:00:00,2025-04-10 00:00:00,bicycle,F Weser-/Münchener Straße,50,0,0
synthetic_bikesharing,2025-04-10,2025-04-09 23:00:00,2025-04-10 00:00:00,bicycle,F Weser-/Münchener Straße,100,1,0
synthetic_bikesharing,2025-04-10,2025-04-09 23:00:00,2025-04-10 00:00:00,bicycle,F Weser-/Münchener Straße,250,1,1
synthetic_bikesharing,2025-04-10,2025-04-09 23:00:00,2025-04-10 00:00:00,bicycle,F Weser-/Münchener Straße,350,2,1
synthetic_e_scooter,2025-04-10,2025-04-09 23:00:00,2025-04-10 00:00:00,e-scooter,F Weser-/Münchener Straße,50,2,0
synthetic_e_scooter,2025-04-10,2025-04-09 23:00:00,2025-04-10 00:00:00,e-scooter,F Weser-/Münchener Straße,100,3,2
synthetic_e_scooter,2025-04-10,2025-04-09 23:00:00,2025-04-10 00:00:00,e-scooter,F Weser-/Münchener Straße,250,6,4
synthetic_e_scooter,2025-04-10,2025-04-09 23:00:00,2025-04-10 00:00:00,e-scooter,F Weser-/Münchener Straße,350,7,8
synthetic_bikesharing,2025-04-10,2025-04-10 00:00:00,2025-04-10 01:00:00,bicycle,*405 F Dornbusch/Am Grünhof,50,0,0
synthetic_bikesharing,2025-04-10,2025-04-10 00:00:00,2025-04-10 01:00:00,bicycle,*405 F Dornbusch/Am Grünhof,100,0,0
synthetic_bikesharing,2025-04-10,2025-04-10 00:00:00,2025-04-10 01:00:00,bicycle,*405 F Dornbusch/Am Grünhof,250,1,0
synthetic_bikesharing,2025-04-10,2025-04-10 00:00:00,2025-04-10 01:00:00,bicycle,*405 F Dornbusch/Am Grünhof,350,1,0
synthetic_e_scooter,2025-04-10,2025-04-10 00:00:00,2025-04-10 01:00:00,e-scooter,*405 F Dornbusch/Am Grünhof,50,0,0
synthetic_e_scooter,2025-04-10,2025-04-10 00:00:00,2025-04-10 01:00:00,e-scooter,*405 F Dornbusch/Am Grünhof,100,1,0
synthetic_e_scooter,2025-04-10,2025-04-10 00:00:00,2025-04-10 01:00:00,e-scooter,*405 F Dornbusch/Am Grünhof,250,2,0
synthetic_e_scooter,2025-04-10,2025-04-10 00:00:00,2025-04-10 01:00:00,e-scooter,*405 F Dornbusch/Am Grünhof,350,3,1
synthetic_bikesharing,2025-04-10,2025-04-10 00:00:00,2025-04-10 01:00:00,bicycle,F Francois-Mitterrand-Platz,50,0,0
synthetic_bikesharing,2025-04-10,2025-04-10 00:00:00,2025-04-10 01:00:00,bicycle,F Francois-Mitterrand-Platz,100,0,0
synthetic_bikesharing,2025-04-10,2025-04-10 00:00:00,2025-04-10 01:00:00,bicycle,F Francois-Mitterrand-Platz,250,0,0
synthetic_bikesharing,2025-04-10,2025-04-10 00:00:00,2025-04-10 01:00:00,bicycle,F Francois-Mitterrand-Platz,350,0,0
synthetic_e_scooter,2025-04-10,2025-04-10 00:00:00,2025-04-10 01:00:00,e-scooter,F Francois-Mitterrand-Platz,50,0,0
synthetic_e_scooter,2025-04-10,2025-04-10 00:00:00,2025-04-10 01:00:00,e-scooter,F Francois-Mitterrand-Platz,100,0,0
synthetic_e_scooter,2025-04-10,2025-04-10 00:00:00,2025-04-10 01:00:00,e-scooter,F Francois-Mitterrand-Platz,250,1,1
synthetic_e_scooter,2025-04-10,2025-04-10 00:00:00,2025-04-10 01:00:00,e-scooter,F Francois-Mitterrand-Platz,350,1,1
synthetic_bikesharing,2025-04-10,2025-04-10 00:00:00,2025-04-10 01:00:00,bicycle,F Miquel-/Adickesallee,50,0,0
synthetic_bikesharing,2025-04-10,2025-04-10 00:00:00,2025-04-10 01:00:00,bicycle,F Miquel-/Adickesallee,100,1,0
synthetic_bikesharing,2025-04-10,2025-04-10 00:00:00,2025-04-10 01:00:00,bicycle,F Miquel-/Adickesallee,250,1,0
synthetic_bikesharing,2025-04-10,2025-04-10 00:00:00,2025-04-10 01:00:00,bicycle,F Miquel-/Adickesallee,350,1,0
synthetic_e_scooter,2025-04-10,2025-04-10 00:00:00,2025-04-10 01:00:00,e-scooter,F Miquel-/Adickesallee,50,1,0
synthetic_e_scooter,2025-04-10,2025-04-10 00:00:00,2025-04-10 01:00:00,e-scooter,F Miquel-/Adickesallee,100,1,0
synthetic_e_scooter,2025-04-10,2025-04-10 00:00:00,2025-04-10 01:00:00,e-scooter,F Miquel-/Adickesallee,250,1,0
synthetic_e_scooter,2025-04-10,2025-04-10 00:00:00,2025-04-10 01:00:00,e-scooter,F Miquel-/Adickesallee,350,2,1
synthetic_bikesharing,2025-04-10,2025-04-10 00:00:00,2025-04-10 01:00:00,bicycle,F Plieningerstraße,50,0,0
synthetic_bikesharing,2025-04-10,2025-04-10 00:00:00,2025-04-10 01:00:00,bicycle,F Plieningerstraße,100,0,0
synthetic_bikesharing,2025-04-10,2025-04-10 00:00:00,2025-04-10 01:00:00,bicycle,F Plieningerstraße,250,0,0
synthetic_bikesharing,2025-04-10,2025-04-10 00:00:00,2025-04-10 01:00:00,bicycle,F Plieningerstraße,350,0,0
synthetic_e_scooter,2025-04-10,2025-04-10 00:00:00,2025-04-10 01:00:00,e-scooter,F Plieningerstraße,50,0,0
synthetic_e_scooter,2025-04-10,2025-04-10 00:00:00,2025-04-10 01:00:00,e-scooter,F Plieningerstraße,100,0,1
synthetic_e_scooter,2025-04-10,2025-04-10 00:00:00,2025-04-10 01:00:00,e-scooter,F Plieningerstraße,250,1,1
synthetic_e_scooter,2025-04-10,2025-04-10 00:00:00,2025-04-10 01:00:00,e-scooter,F Plieningerstraße,350,1,2
synthetic_bikesharing,2025-04-10,2025-04-10 00:00:00,2025-04-10 01:00:00,bicycle,F Weser-/Münchener Straße,50,0,0
synthetic_bikesharing,2025-04-10,2025-04-10 00:00:00,2025-04-10 01:00:00,bicycle,F Weser-/Münchener Straße,100,0,0
synthetic_bikesharing,2025-04-10,2025-04-10 00:00:00,2025-04-10 01:00:00,bicycle,F Weser-/Münchener Straße,250,0,0
synthetic_bikesharing,2025-04-10,2025-04-10 00:00:00,2025-04-10 01:00:00,bicycle,F Weser-/Münchener Straße,350,0,0
synthetic_e_scooter,2025-04-10,2025-04-10 00:00:00,2025-04-10 01:00:00,e-scooter,F Weser-/Münchener Straße,50,0,0
synthetic_e_scooter,2025-04-10,2025-04-10 00:00:00,2025-04-10 01:00:00,e-scooter,F Weser-/Münchener Straße,100,0,0
synthetic_e_scooter,2025-04-10,2025-04-10 00:00:00,2025-04-10 01:00:00,e-scooter,F Weser-/Münchener Straße,250,2,4
synthetic_e_scooter,2025-04-10,2025-04-10 00:00:00,2025-04-10 01:00:00,e-scooter,F Weser-/Münchener Straße,350,2,4
synthetic_bikesharing,2025-04-10,2025-04-10 01:00:00,2025-04-10 02:00:00,bicycle,*405 F Dornbusch/Am Grünhof,50,0,0
synthetic_bikesharing,2025-04-10,2025-04-10 01:00:00,2025-04-10 02:00:00,bicycle,*405 F Dornbusch/Am Grünhof,100,0,0
synthetic_bikesharing,2025-04-10,2025-04-10 01:00:00,2025-04-10 02:00:00,bicycle,*405 F Dornbusch/Am Grünhof,250,0,0
synthetic_bikesharing,2025-04-10,2025-04-10 01:00:00,2025-04-10 02:00:00,bicycle,*405 F Dornbusch/Am Grünhof,350,0,0
synthetic_e_scooter,2025-04-10,2025-04-10 01:00:00,2025-04-10 02:00:00,e-scooter,*405 F Dornbusch/Am Grünhof,50,0,0
synthetic_e_scooter,2025-04-10,2025-04-10 01:00:00,2025-04-10 02:00:00,e-scooter,*405 F Dornbusch/Am Grünhof,100,0,0
synthetic_e_scooter,2025-04-10,2025-04-10 01:00:00,2025-04-10 02:00:00,e-scooter,*405 F Dornbusch/Am Grünhof,250,0,1
synthetic_e_scooter,2025-04-10,2025-04-10 01:00:00,2025-04-10 02:00:00,e-scooter,*405 F Dornbusch/Am Grünhof,350,0,1
synthetic_bikesharing,2025-04-10,2025-04-10 01:00:00,2025-04-10 02:00:00,bicycle,F Francois-Mitterrand-Platz,50,0,0
synthetic_bikesharing,2025-04-10,2025-04-10 01:00:00,2025-04-10 02:00:00,bicycle,F Francois-Mitterrand-Platz,100,0,0
synthetic_bikesharing,2025-04-10,2025-04-10 01:00:00,2025-04-10 02:00:00,bicycle,F Francois-Mitterrand-Platz,250,0,0
synthetic_bikesharing,2025-04-10,2025-04-10 01:00:00,2025-04-10 02:00:00,bicycle,F Francois-Mitterrand-Platz,350,0,0
synthetic_e_scooter,2025-04-10,2025-04-10 01:00:00,2025-04-10 02:00:00,e-scooter,F Francois-Mitterrand-Platz,50,0,0
synthetic_e_scooter,2025-04-10,2025-04-10 01:00:00,2025-04-10 02:00:00,e-scooter,F Francois-Mitterrand-Platz,100,1,1
synthetic_e_scooter,2025-04-10,2025-04-10 01:00:00,2025-04-10 02:00:00,e-scooter,F Francois-Mitterrand-Platz,250,1,1
synthetic_e_scooter,2025-04-10,2025-04-10 01:00:00,2025-04-10 02:00:00,e-scooter,F Francois-Mitterrand-Platz,350,1,1
synthetic_bikesharing,2025-04-10,2025-04-10 01:00:00,2025-04-10 02:00:00,bicycle,F Miquel-/Adickesallee,50,0,0
synthetic_bikesharing,2025-04-10,2025-04-10 01:00:00,2025-04-10 02:00:00,bicycle,F Miquel-/Adickesallee,100,0,0
synthetic_bikesharing,2025-04-10,2025-04-10 01:00:00,2025-04-10 02:00:00,bicycle,F Miquel-/Adickesallee,250,0,0
synthetic_bikesharing,2025-04-10,2025-04-10 01:00:00,2025-04-10 02:00:00,bicycle,F Miquel-/Adickesallee,350,0,0
synthetic_e_scooter,2025-04-10,2025-04-10 01:00:00,2025-04-10 02:00:00,e-scooter,F Miquel-/Adickesallee,50,0,0
synthetic_e_scooter,2025-04-10,2025-04-10 01:00:00,2025-04-10 02:00:00,e-scooter,F Miquel-/Adickesallee,100,0,0
synthetic_e_scooter,2025-04-10,2025-04-10 01:00:00,2025-04-10 02:00:00,e-scooter,F Miquel-/Adickesallee,250,0,0
synthetic_e_scooter,2025-04-10,2025-04-10 01:00:00,2025-04-10 02:00:00,e-scooter,F Miquel-/Adickesallee,350,1,1
synthetic_bikesharing,2025-04-10,2025-04-10 01:00:00,2025-04-10 02:00:00,bicycle,F Plieningerstraße,50,0,0
synthetic_bikesharing,2025-04-10,2025-04-10 01:00:00,2025-04-10 02:00:00,bicycle,F Plieningerstraße,100,0,0
synthetic_bikesharing,2025-04-10,2025-04-10 01:00:00,2025-04-10 02:00:00,bicycle,F Plieningerstraße,250,0,0
synthetic_bikesharing,2025-04-10,2025-04-10 01:00:00,2025-04-10 02:00:00,bicycle,F Plieningerstraße,350,0,0
synthetic_e_scooter,2025-04-10,2025-04-10 01:00:00,2025-04-10 02:00:00,e-scooter,F Plieningerstraße,50,0,0
synthetic_e_scooter,2025-04-10,2025-04-10 01:00:00,2025-04-10 02:00:00,e-scooter,F Plieningerstraße,100,1,1
synthetic_e_scooter,2025-04-10,2025-04-10 01:00:00,2025-04-10 02:00:00,e-scooter,F Plieningerstraße,250,1,1
synthetic_e_scooter,2025-04-10,2025-04-10 01:00:00,2025-04-10 02:00:00,e-scooter,F Plieningerstraße,350,1,1
synthetic_bikesharing,2025-04-10,2025-04-10 01:00:00,2025-04-10 02:00:00,bicycle,F Weser-/Münchener Straße,50,0,0
synthetic_bikesharing,2025-04-10,2025-04-10 01:00:00,2025-04-10 02:00:00,bicycle,F Weser-/Münchener Straße,100,1,0
synthetic_bikesharing,2025-04-10,2025-04-10 01:00:00,2025-04-10 02:00:00,bicycle,F Weser-/Münchener Straße,250,1,0
synthetic_bikesharing,2025-04-10,2025-04-10 01:00:00,2025-04-10 02:00:00,bicycle,F Weser-/Münchener Straße,350,1,0
synthetic_e_scooter,2025-04-10,2025-04-10 01:00:00,2025-04-10 02:00:00,e-scooter,F Weser-/Münchener Straße,50,0,0
synthetic_e_scooter,2025-04-10,2025-04-10 01:00:00,2025-04-10 02:00:00,e-scooter,F Weser-/Münchener Straße,100,2,1
synthetic_e_scooter,2025-04-10,2025-04-10 01:00:00,2025-04-10 02:00:00,e-scooter,F Weser-/Münchener Straße,250,6,4
synthetic_e_scooter,2025-04-10,2025-04-10 01:00:00,2025-04-10 02:00:00,e-scooter,F Weser-/Münchener Straße,350,7,4
synthetic_bikesharing,2025-04-10,2025-04-10 02:00:00,2025-04-10 03:00:00,bicycle,*405 F Dornbusch/Am Grünhof,50,0,0
synthetic_bikesharing,2025-04-10,2025-04-10 02:00:00,2025-04-10 03:00:00,bicycle,*405 F Dornbusch/Am Grünhof,100,0,0
synthetic_bikesharing,2025-04-10,2025-04-10 02:00:00,2025-04-10 03:00:00,bicycle,*405 F Dornbusch/Am Grünhof,250,0,0
synthetic_bikesharing,2025-04-10,2025-04-10 02:00:00,2025-04-10 03:00:00,bicycle,*405 F Dornbusch/Am Grünhof,350,0,0
synthetic_e_scooter,2025-04-10,2025-04-10 02:00:00,2025-04-10 03:00:00,e-scooter,*405 F Dornbusch/Am Grünhof,50,0,0
synthetic_e_scooter,2025-04-10,2025-04-10 02:00:00,2025-04-10 03:00:00,e-scooter,*405 F Dornbusch/Am Grünhof,100,0,0
synthetic_e_scooter,2025-04-10,2025-04-10 02:00:00,2025-04-10 03:00:00,e-scooter,*405 F Dornbusch/Am Grünhof,250,1,0
synthetic_e_scooter,2025-04-10,2025-04-10 02:00:00,2025-04-10 03:00:00,e-scooter,*405 F Dornbusch/Am Grünhof,350,1,0
synthetic_bikesharing,2025-04-10,2025-04-10 02:00:00,2025-04-10 03:00:00,bicycle,F Francois-Mitterrand-Platz,50,0,0
synthetic_bikesharing,2025-04-10,2025-04-10 02:00:00,2025-04-10 03:00:00,bicycle,F Francois-Mitterrand-Platz,100,0,0
synthetic_bikesharing,2025-04-10,2025-04-10 02:00:00,2025-04-10 03:00:00,bicycle,F Francois-Mitterrand-Platz,250,0,0
synthetic_bikesharing,2025-04-10,2025-04-10 02:00:00,2025-04-10 03:00:00,bicycle,F Francois-Mitterrand-Platz,350,0,0
synthetic_e_scooter,2025-04-10,2025-04-10 02:00:00,2025-04-10 03:00:00,e-scooter,F Francois-Mitterrand-Platz,50,0,0
synthetic_e_scooter,2025-04-10,2025-04-10 02:00:00,2025-04-10 03:00:00,e-scooter,F Francois-Mitterrand-Platz,100,0,0
synthetic_e_scooter,2025-04-10,2025-04-10 02:00:00,2025-04-10 03:00:00,e-scooter,F Francois-Mitterrand-Platz,250,1,0
synthetic_e_scooter,2025-04-10,2025-04-10 02:00:00,2025-04-10 03:00:00,e-scooter,F Francois-Mitterrand-Platz,350,1,0
synthetic_bikesharing,2025-04-10,2025-04-10 02:00:00,2025-04-10 03:00:00,bicycle,F Miquel-/Adickesallee,50,0,0
synthetic_bikesharing,2025-04-10,2025-04-10 02:00:00,2025-04-10 03:00:00,bicycle,F Miquel-/Adickesallee,100,0,0
synthetic_bikesharing,2025-04-10,2025-04-10 02:00:00,2025-04-10 03:00:00,bicycle,F Miquel-/Adickesallee,250,0,0
synthetic_bikesharing,2025-04-10,2025-04-10 02:00:00,2025-04-10 03:00:00,bicycle,F Miquel-/Adickesallee,350,0,0
synthetic_e_scooter,2025-04-10,2025-04-10 02:00:00,2025-04-10 03:00:00,e-scooter,F Miquel-/Adickesallee,50,0,0
synthetic_e_scooter,2025-04-10,2025-04-10 02:00:00,2025-04-10 03:00:00,e-scooter,F Miquel-/Adickesallee,100,1,0
synthetic_e_scooter,2025-04-10,2025-04-10 02:00:00,2025-04-10 03:00:00,e-scooter,F Miquel-/Adickesallee,250,1,0
synthetic_e_scooter,2025-04-10,2025-04-10 02:00:00,2025-04-10 03:00:00,e-scooter,F Miquel-/Adickesallee,350,1,0
synthetic_bikesharing,2025-04-10,2025-04-10 02:00:00,2025-04-10 03:00:00,bicycle,F Plieningerstraße,50,0,0
synthetic_bikesharing,2025-04-10,2025-04-10 02:00:00,2025-04-10 03:00:00,bicycle,F Plieningerstraße,100,0,0
synthetic_bikesharing,2025-04-10,2025-04-10 02:00:00,2025-04-10 03:00:00,bicycle,F Plieningerstraße,250,0,0
synthetic_bikesharing,2025-04-10,2025-04-10 02:00:00,2025-04-10 03:00:00,bicycle,F Plieningerstraße,350,0,0
synthetic_e_scooter,2025-04-10,2025-04-10 02:00:00,2025-04-10 03:00:00,e-scooter,F Plieningerstraße,50,0,0
synthetic_e_scooter,2025-04-10,2025-04-10 02:00:00,2025-04-10 03:00:00,e-scooter,F Plieningerstraße,100,0,1
synthetic_e_scooter,2025-04-10,2025-04-10 02:00:00,2025-04-10 03:00:00,e-scooter,F Plieningerstraße,250,0,1
synthetic_e_scooter,2025-04-10,2025-04-10 02:00:00,2025-04-10 03:00:00,e-scooter,F Plieningerstraße,350,0,1
synthetic_bikesharing,2025-04-10,2025-04-10 02:00:00,2025-04-10 03:00:00,bicycle,F Weser-/Münchener Straße,50,0,0
synthetic_bikesharing,2025-04-10,2025-04-10 02:00:00,2025-04-10 03:00:00,bicycle,F Weser-/Münchener Straße,100,0,0
synthetic_bikesharing,2025-04-10,2025-04-10 02:00:00,2025-04-10 03:00:00,bicycle,F Weser-/Münchener Straße,250,0,0
synthetic_bikesharing,2025-04-10,2025-04-10 02:00:00,2025-04-10 03:00:00,bicycle,F Weser-/Münchener Straße,350,0,1
synthetic_e_scooter,2025-04-10,2025-04-10 02:00:00,2025-04-10 03:00:00,e-scooter,F Weser-/Münchener Straße,50,0,0
synthetic_e_scooter,2025-04-10,2025-04-10 02:00:00,2025-04-10 03:00:00,e-scooter,F Weser-/Münchener Straße,100,0,0
synthetic_e_scooter,2025-04-10,2025-04-10 02:00:00,2025-04-10 03:00:00,e-scooter,F Weser-/Münchener Straße,250,2,0
synthetic_e_scooter,2025-04-10,2025-04-10 02:00:00,2025-04-10 03:00:00,e-scooter,F Weser-/Münchener Straße,350,2,1
synthetic_bikesharing,2025-04-10,2025-04-10 03:00:00,2025-04-10 04:00:00,bicycle,*405 F Dornbusch/Am Grünhof,50,0,0
synthetic_bikesharing,2025-04-10,2025-04-10 03:00:00,2025-04-10 04:00:00,bicycle,*405 F Dornbusch/Am Grünhof,100,0,0
synthetic_bikesharing,2025-04-10,2025-04-10 03:00:00,2025-04-10 04:00:00,bicycle,*405 F Dornbusch/Am Grünhof,250,0,0
synthetic_bikesharing,2025-04-10,2025-04-10 03:00:00,2025-04-10 04:00:00,bicycle,*405 F Dornbusch/Am Grünhof,350,0,0
synthetic_e_scooter,2025-04-10,2025-04-10 03:00:00,2025-04-10 04:00:00,e-scooter,*405 F Dornbusch/Am Grünhof,50,0,0
synthetic_e_scooter,2025-04-10,2025-04-10 03:00:00,2025-04-10 04:00:00,e-scooter,*405 F Dornbusch/Am Grünhof,100,0,0
synthetic_e_scooter,2025-04-10,2025-04-10 03:00:00,2025-04-10 04:00:00,e-scooter,*405 F Dornbusch/Am Grünhof,250,0,0
synthetic_e_scooter,2025-04-10,2025-04-10 03:00:00,2025-04-10 04:00:00,e-scooter,*405 F Dornbusch/Am Grünhof,350,0,0
synthetic_bikesharing,2025-04-10,2025-04-10 03:00:00,2025-04-10 04:00:00,bicycle,F Francois-Mitterrand-Platz,50,0,0
synthetic_bikesharing,2025-04-10,2025-04-10 03:00:00,2025-04-10 04:00:00,bicycle,F Francois-Mitterrand-Platz,100,0,0
synthetic_bikesharing,2025-04-10,2025-04-10 03:00:00,2025-04-10 04:00:00,bicycle,F Francois-Mitterrand-Platz,250,0,0
synthetic_bikesharing,2025-04-10,2025-04-10 03:00:00,2025-04-10 04:00:00,bicycle,F Francois-Mitterrand-Platz,350,0,0
synthetic_e_scooter,2025-04-10,2025-04-10 03:00:00,2025-04-10 04:00:00,e-scooter,F Francois-Mitterrand-Platz,50,1,0
synthetic_e_scooter,2025-04-10,2025-04-10 03:00:00,2025-04-10 04:00:00,e-scooter,F Francois-Mitterrand-Platz,100,1,0
synthetic_e_scooter,2025-04-10,2025-04-10 03:00:00,2025-04-10 04:00:00,e-scooter,F Francois-Mitterrand-Platz,250,1,1
synthetic_e_scooter,2025-04-10,2025-04-10 03:00:00,2025-04-10 04:00:00,e-scooter,F Francois-Mitterrand-Platz,350,1,1
synthetic_bikesharing,2025-04-10,2025-04-10 03:00:00,2025-04-10 04:00:00,bicycle,F Miquel-/Adickesallee,50,0,0
synthetic_bikesharing,2025-04-10,2025-04-10 03:00:00,2025-04-10 04:00:00,bicycle,F Miquel-/Adickesallee,100,0,0
synthetic_bikesharing,2025-04-10,2025-04-10 03:00:00,2025-04-10 04:00:00,bicycle,F Miquel-/Adickesallee,250,0,0
synthetic_bikesharing,2025-04-10,2025-04-10 03:00:00,2025-04-10 04:00:00,bicycle,F Miquel-/Adickesallee,350,0,0
synthetic_e_scooter,2025-04-10,2025-04-10 03:00:00,2025-04-10 04:00:00,e-scooter,F Miquel-/Adickesallee,50,0,0
synthetic_e_scooter,2025-04-10,2025-04-10 03:00:00,2025-04-10 04:00:00,e-scooter,F Miquel-/Adickesallee,100,0,0
synthetic_e_scooter,2025-04-10,2025-04-10 03:00:00,2025-04-10 04:00:00,e-scooter,F Miquel-/Adickesallee,250,0,0
synthetic_e_scooter,2025-04-10,2025-04-10 03:00:00,2025-04-10 04:00:00,e-scooter,F Miquel-/Adickesallee,350,3,0
synthetic_bikesharing,2025-04-10,2025-04-10 03:00:00,2025-04-10 04:00:00,bicycle,F Plieningerstraße,50,0,0
synthetic_bikesharing,2025-04-10,2025-04-10 03:00:00,2025-04-10 04:00:00,bicycle,F Plieningerstraße,100,0,0
synthetic_bikesharing,2025-04-10,2025-04-10 03:00:00,2025-04-10 04:00:00,bicycle,F Plieningerstraße,250,0,0
synthetic_bikesharing,2025-04-10,2025-04-10 03:00:00,2025-04-10 04:00:00,bicycle,F Plieningerstraße,350,0,0
synthetic_e_scooter,2025-04-10,2025-04-10 03:00:00,2025-04-10 04:00:00,e-scooter,F Plieningerstraße,50,0,0
synthetic_e_scooter,2025-04-10,2025-04-10 03:00:00,2025-04-10 04:00:00,e-scooter,F Plieningerstraße,100,0,0
synthetic_e_scooter,2025-04-10,2025-04-10 03:00:00,2025-04-10 04:00:00,e-scooter,F Plieningerstraße,250,0,0
synthetic_e_scooter,2025-04-10,2025-04-10 03:00:00,2025-04-10 04:00:00,e-scooter,F Plieningerstraße,350,0,0
synthetic_bikesharing,2025-04-10,2025-04-10 03:00:00,2025-04-10 04:00:00,bicycle,F Weser-/Münchener Straße,50,0,0
synthetic_bikesharing,2025-04-10,2025-04-10 03:00:00,2025-04-10 04:00:00,bicycle,F Weser-/Münchener Straße,100,0,0
synthetic_bikesharing,2025-04-10,2025-04-10 03:00:00,2025-04-10 04:00:00,bicycle,F Weser-/Münchener Straße,250,0,0
synthetic_bikesharing,2025-04-10,2025-04-10 03:00:00,2025-04-10 04:00:00,bicycle,F Weser-/Münchener Straße,350,0,0
synthetic_e_scooter,2025-04-10,2025-04-10 03:00:00,2025-04-10 04:00:00,e-scooter,F Weser-/Münchener Straße,50,0,0
synthetic_e_scooter,2025-04-10,2025-04-10 03:00:00,2025-04-10 04:00:00,e-scooter,F Weser-/Münchener Straße,100,0,0
synthetic_e_scooter,2025-04-10,2025-04-10 03:00:00,2025-04-10 04:00:00,e-scooter,F Weser-/Münchener Straße,250,2,1
synthetic_e_scooter,2025-04-10,2025-04-10 03:00:00,2025-04-10 04:00:00,e-scooter,F Weser-/Münchener Straße,350,2,1
synthetic_bikesharing,2025-04-10,2025-04-10 04:00:00,2025-04-10 05:00:00,bicycle,*405 F Dornbusch/Am Grünhof,50,0,0
synthetic_bikesharing,2025-04-10,2025-04-10 04:00:00,2025-04-10 05:00:00,bicycle,*405 F Dornbusch/Am Grünhof,100,1,0
synthetic_bikesharing,2025-04-10,2025-04-10 04:00:00,2025-04-10 05:00:00,bicycle,*405 F Dornbusch/Am Grünhof,250,1,0
synthetic_bikesharing,2025-04-10,2025-04-10 04:00:00,2025-04-10 05:00:00,bicycle,*405 F Dornbusch/Am Grünhof,350,1,0
synthetic_e_scooter,2025-04-10,2025-04-10 04:00:00,2025-04-10 05:00:00,e-scooter,*405 F Dornbusch/Am Grünhof,50,0,0
synthetic_e_scooter,2025-04-10,2025-04-10 04:00:00,2025-04-10 05:00:00,e-scooter,*405 F Dornbusch/Am Grünhof,100,0,0
synthetic_e_scooter,2025-04-10,2025-04-10 04:00:00,2025-04-10 05:00:00,e-scooter,*405 F Dornbusch/Am Grünhof,250,0,1
synthetic_e_scooter,2025-04-10,2025-04-10 04:00:00,2025-04-10 05:00:00,e-scooter,*405 F Dornbusch/Am Grünhof,350,0,1
synthetic_bikesharing,2025-04-10,2025-04-10 04:00:00,2025-04-10 05:00:00,bicycle,F Francois-Mitterrand-Platz,50,0,1
synthetic_bikesharing,2025-04-10,2025-04-10 04:00:00,2025-04-10 05:00:00,bicycle,F Francois-Mitterrand-Platz,100,0,1
synthetic_bikesharing,2025-04-10,2025-04-10 04:00:00,2025-04-10 05:00:00,bicycle,F Francois-Mitterrand-Platz,250,0,1
synthetic_bikesharing,2025-04-10,2025-04-10 04:00:00,2025-04-10 05:00:00,bicycle,F Francois-Mitterrand-Platz,350,0,1
synthetic_e_scooter,2025-04-10,2025-04-10 04:00:00,2025-04-10 05:00:00,e-scooter,F Francois-Mitterrand-Platz,50,0,0
synthetic_e_scooter,2025-04-10,2025-04-10 04:00:00,2025-04-10 05:00:00,e-scooter,F Francois-Mitterrand-Platz,100,1,0
synthetic_e_scooter,2025-04-10,2025-04-10 04:00:00,2025-04-10 05:00:00,e-scooter,F Francois-Mitterrand-Platz,250,1,0
synthetic_e_scooter,2025-04-10,2025-04-10 04:00:00,2025-04-10 05:00:00,e-scooter,F Francois-Mitterrand-Platz,350,1,0
synthetic_bikesharing,2025-04-10,2025-04-10 04:00:00,2025-04-10 05:00:00,bicycle,F Miquel-/Adickesallee,50,0,0
synthetic_bikesharing,2025-04-10,2025-04-10 04:00:00,2025-04-10 05:00:00,bicycle,F Miquel-/Adickesallee,100,0,0
synthetic_bikesharing,2025-04-10,2025-04-10 04:00:00,2025-04-10 05:00:00,bicycle,F Miquel-/Adickesallee,250,1,1
synthetic_bikesharing,2025-04-10,2025-04-10 04:00:00,2025-04-10 05:00:00,bicycle,F Miquel-/Adickesallee,350,1,1
synthetic_e_scooter,2025-04-10,2025-04-10 04:00:00,2025-04-10 05:00:00,e-scooter,F Miquel-/Adickesallee,50,0,0
synthetic_e_scooter,2025-04-10,2025-04-10 04:00:00,2025-04-10 05:00:00,e-scooter,F Miquel-/Adickesallee,100,1,0
synthetic_e_scooter,2025-04-10,2025-04-10 04:00:00,2025-04-10 05:00:00,e-scooter,F Miquel-/Adickesallee,250,2,0
synthetic_e_scooter,2025-04-10,2025-04-10 04:00:00,2025-04-10 05:00:00,e-scooter,F Miquel-/Adickesallee,350,2,0
synthetic_bikesharing,2025-04-10,2025-04-10 04:00:00,2025-04-10 05:00:00,bicycle,F Plieningerstraße,50,0,0
synthetic_bikesharing,2025-04-10,2025-04-10 04:00:00,2025-04-10 05:00:00,bicycle,F Plieningerstraße,100,0,0
synthetic_bikesharing,2025-04-10,2025-04-10 04:00:00,2025-04-10 05:00:00,bicycle,F Plieningerstraße,250,0,0
synthetic_bikesharing,2025-04-10,2025-04-10 04:00:00,2025-04-10 05:00:00,bicycle,F Plieningerstraße,350,0,0
synthetic_e_scooter,2025-04-10,2025-04-10 04:00:00,2025-04-10 05:00:00,e-scooter,F Plieningerstraße,50,0,0
synthetic_e_scooter,2025-04-10,2025-04-10 04:00:00,2025-04-10 05:00:00,e-scooter,F Plieningerstraße,100,0,0
synthetic_e_scooter,2025-04-10,2025-04-10 04:00:00,2025-04-10 05:00:00,e-scooter,F Plieningerstraße,250,0,0
synthetic_e_scooter,2025-04-10,2025-04-10 04:00:00,2025-04-10 05:00:00,e-scooter,F Plieningerstraße,350,0,0
synthetic_bikesharing,2025-04-10,2025-04-10 04:00:00,2025-04-10 05:00:00,bicycle,F Weser-/Münchener Straße,50,0,0
synthetic_bikesharing,2025-04-10,2025-04-10 04:00:00,2025-04-10 05:00:00,bicycle,F Weser-/Münchener Straße,100,0,0
synthetic_bikesharing,2025-04-10,2025-04-10 04:00:00,2025-04-10 05:00:00,bicycle,F Weser-/Münchener Straße,250,0,0
synthetic_bikesharing,2025-04-10,2025-04-10 04:00:00,2025-04-10 05:00:00,bicycle,F Weser-/Münchener Straße,350,0,0
synthetic_e_scooter,2025-04-10,2025-04-10 04:00:00,2025-04-10 05:00:00,e-scooter,F Weser-/Münchener Straße,50,0,0
synthetic_e_scooter,2025-04-10,2025-04-10 04:00:00,2025-04-10 05:00:00,e-scooter,F Weser-/Münchener Straße,100,0,0
synthetic_e_scooter,2025-04-10,2025-04-10 04:00:00,2025-04-10 05:00:00,e-scooter,F Weser-/Münchener Straße,250,1,0
synthetic_e_scooter,2025-04-10,2025-04-10 04:00:00,2025-04-10 05:00:00,e-scooter,F Weser-/Münchener Straße,350,1,1
synthetic_bikesharing,2025-04-10,2025-04-10 05:00:00,2025-04-10 06:00:00,bicycle,*405 F Dornbusch/Am Grünhof,50,0,2
synthetic_bikesharing,2025-04-10,2025-04-10 05:00:00,2025-04-10 06:00:00,bicycle,*405 F Dornbusch/Am Grünhof,100,0,2
synthetic_bikesharing,2025-04-10,2025-04-10 05:00:00,2025-04-10 06:00:00,bicycle,*405 F Dornbusch/Am Grünhof,250,0,2
synthetic_bikesharing,2025-04-10,2025-04-10 05:00:00,2025-04-10 06:00:00,bicycle,*405 F Dornbusch/Am Grünhof,350,0,3
synthetic_e_scooter,2025-04-10,2025-04-10 05:00:00,2025-04-10 06:00:00,e-scooter,*405 F Dornbusch/Am Grünhof,50,0,0
synthetic_e_scooter,2025-04-10,2025-04-10 05:00:00,2025-04-10 06:00:00,e-scooter,*405 F Dornbusch/Am Grünhof,100,0,0
synthetic_e_scooter,2025-04-10,2025-04-10 05:00:00,2025-04-10 06:00:00,e-scooter,*405 F Dornbusch/Am Grünhof,250,0,0
synthetic_e_scooter,2025-04-10,2025-04-10 05:00:00,2025-04-10 06:00:00,e-scooter,*405 F Dornbusch/Am Grünhof,350,0,0
synthetic_bikesharing,2025-04-10,2025-04-10 05:00:00,2025-04-10 06:00:00,bicycle,F Francois-Mitterrand-Platz,50,0,0
synthetic_bikesharing,2025-04-10,2025-04-10 05:00:00,2025-04-10 06:00:00,bicycle,F Francois-Mitterrand-Platz,100,0,0
synthetic_bikesharing,2025-04-10,2025-04-10 05:00:00,2025-04-10 06:00:00,bicycle,F Francois-Mitterrand-Platz,250,2,0
synthetic_bikesharing,2025-04-10,2025-04-10 05:00:00,2025-04-10 06:00:00,bicycle,F Francois-Mitterrand-Platz,350,2,0
synthetic_e_scooter,2025-04-10,2025-04-10 05:00:00,2025-04-10 06:00:00,e-scooter,F Francois-Mitterrand-Platz,50,0,0
synthetic_e_scooter,2025-04-10,2025-04-10 05:00:00,2025-04-10 06:00:00,e-scooter,F Francois-Mitterrand-Platz,100,1,0
synthetic_e_scooter,2025-04-10,2025-04-10 05:00:00,2025-04-10 06:00:00,e-scooter,F Francois-Mitterrand-Platz,250,1,0
synthetic_e_scooter,2025-04-10,2025-04-10 05:00:00,2025-04-10 06:00:00,e-scooter,F Francois-Mitterrand-Platz,350,1,0
synthetic_bikesharing,2025-04-10,2025-04-10 05:00:00,2025-04-10 06:00:00,bicycle,F Miquel-/Adickesallee,50,0,0
synthetic_bikesharing,2025-04-10,2025-04-10 05:00:00,2025-04-10 06:00:00,bicycle,F Miquel-/Adickesallee,100,1,0
synthetic_bikesharing,2025-04-10,2025-04-10 05:00:00,2025-04-10 06:00:00,bicycle,F Miquel-/Adickesallee,250,2,0
synthetic_bikesharing,2025-04-10,2025-04-10 05:00:00,2025-04-10 06:00:00,bicycle,F Miquel-/Adickesallee,350,4,0
synthetic_e_scooter,2025-04-10,2025-04-10 05:00:00,2025-04-10 06:00:00,e-scooter,F Miquel-/Adickesallee,50,0,0
synthetic_e_scooter,2025-04-10,2025-04-10 05:00:00,2025-04-10 06:00:00,e-scooter,F Miquel-/Adickesallee,100,0,0
synthetic_e_scooter,2025-04-10,2025-04-10 05:00:00,2025-04-10 06:00:00,e-scooter,F Miquel-/Adickesallee,250,0,1
synthetic_e_scooter,2025-04-10,2025-04-10 05:00:00,2025-04-10 06:00:00,e-scooter,F Miquel-/Adickesallee,350,1,2
synthetic_bikesharing,2025-04-10,2025-04-10 05:00:00,2025-04-10 06:00:00,bicycle,F Plieningerstraße,50,0,0
synthetic_bikesharing,2025-04-10,2025-04-10 05:00:00,2025-04-10 06:00:00,bicycle,F Plieningerstraße,100,0,0
synthetic_bikesharing,2025-04-10,2025-04-10 05:00:00,2025-04-10 06:00:00,bicycle,F Plieningerstraße,250,1,0
synthetic_bikesharing,2025-04-10,2025-04-10 05:00:00,2025-04-10 06:00:00,bicycle,F Plieningerstraße,350,2,0
synthetic_e_scooter,2025-04-10,2025-04-10 05:00:00,2025-04-10 06:00:00,e-scooter,F Plieningerstraße,50,0,0
synthetic_e_scooter,2025-04-10,2025-04-10 05:00:00,2025-04-10 06:00:00,e-scooter,F Plieningerstraße,100,0,1
synthetic_e_scooter,2025-04-10,2025-04-10 05:00:00,2025-04-10 06:00:00,e-scooter,F Plieningerstraße,250,0,1
synthetic_e_scooter,2025-04-10,2025-04-10 05:00:00,2025-04-10 06:00:00,e-scooter,F Plieningerstraße,350,0,1
synthetic_bikesharing,2025-04-10,2025-04-10 05:00:00,2025-04-10 06:00:00,bicycle,F Weser-/Münchener Straße,50,0,0
synthetic_bikesharing,2025-04-10,2025-04-10 05:00:00,2025-04-10 06:00:00,bicycle,F Weser-/Münchener Straße,100,1,0
synthetic_bikesharing,2025-04-10,2025-04-10 05:00:00,2025-04-10 06:00:00,bicycle,F Weser-/Münchener Straße,250,1,3
synthetic_bikesharing,2025-04-10,2025-04-10 05:00:00,2025-04-10 06:00:00,bicycle,F Weser-/Münchener Straße,350,2,4
synthetic_e_scooter,2025-04-10,2025-04-10 05:00:00,2025-04-10 06:00:00,e-scooter,F Weser-/Münchener Straße,50,0,0
synthetic_e_scooter,2025-04-10,2025-04-10 05:00:00,2025-04-10 06:00:00,e-scooter,F Weser-/Münchener Straße,100,0,0
synthetic_e_scooter,2025-04-10,2025-04-10 05:00:00,2025-04-10 06:00:00,e-scooter,F Weser-/Münchener Straße,250,0,0
synthetic_e_scooter,2025-04-10,2025-04-10 05:00:00,2025-04-10 06:00:00,e-scooter,F Weser-/Münchener Straße,350,1,0
synthetic_bikesharing,2025-04-10,2025-04-10 06:00:00,2025-04-10 07:00:00,bicycle,*405 F Dornbusch/Am Grünhof,50,0,0
synthetic_bikesharing,2025-04-10,2025-04-10 06:00:00,2025-04-10 07:00:00,bicycle,*405 F Dornbusch/Am Grünhof,100,1,0
synthetic_bikesharing,2025-04-10,2025-04-10 06:00:00,2025-04-10 07:00:00,bicycle,*405 F Dornbusch/Am Grünhof,250,2,1
synthetic_bikesharing,2025-04-10,2025-04-10 06:00:00,2025-04-10 07:00:00,bicycle,*405 F Dornbusch/Am Grünhof,350,6,1
synthetic_e_scooter,2025-04-10,2025-04-10 06:00:00,2025-04-10 07:00:00,e-scooter,*405 F Dornbusch/Am Grünhof,50,0,1
synthetic_e_scooter,2025-04-10,2025-04-10 06:00:00,2025-04-10 07:00:00,e-scooter,*405 F Dornbusch/Am Grünhof,100,0,1
synthetic_e_scooter,2025-04-10,2025-04-10 06:00:00,2025-04-10 07:00:00,e-scooter,*405 F Dornbusch/Am Grünhof,250,0,1
synthetic_e_scooter,2025-04-10,2025-04-10 06:00:00,2025-04-10 07:00:00,e-scooter,*405 F Dornbusch/Am Grünhof,350,0,1
synthetic_bikesharing,2025-04-10,2025-04-10 06:00:00,2025-04-10 07:00:00,bicycle,F Francois-Mitterrand-Platz,50,0,0
synthetic_bikesharing,2025-04-10,2025-04-10 06:00:00,2025-04-10 07:00:00,bicycle,F Francois-Mitterrand-Platz,100,0,0
synthetic_bikesharing,2025-04-10,2025-04-10 06:00:00,2025-04-10 07:00:00,bicycle,F Francois-Mitterrand-Platz,250,2,1
synthetic_bikesharing,2025-04-10,2025-04-10 06:00:00,2025-04-10 07:00:00,bicycle,F Francois-Mitterrand-Platz,350,3,1
synthetic_e_scooter,2025-04-10,2025-04-10 06:00:00,2025-04-10 07:00:00,e-scooter,F Francois-Mitterrand-Platz,50,0,1
synthetic_e_scooter,2025-04-10,2025-04-10 06:00:00,2025-04-10 07:00:00,e-scooter,F Francois-Mitterrand-Platz,100,0,1
synthetic_e_scooter,2025-04-10,2025-04-10 06:00:00,2025-04-10 07:00:00,e-scooter,F Francois-Mitterrand-Platz,250,0,2
synthetic_e_scooter,2025-04-10,2025-04-10 06:00:00,2025-04-10 07:00:00,e-scooter,F Francois-Mitterrand-Platz,350,0,3
synthetic_bikesharing,2025-04-10,2025-04-10 06:00:00,2025-04-10 07:00:00,bicycle,F Miquel-/Adickesallee,50,0,2
synthetic_bikesharing,2025-04-10,2025-04-10 06:00:00,2025-04-10 07:00:00,bicycle,F Miquel-/Adickesallee,100,1,3
synthetic_bikesharing,2025-04-10,2025-04-10 06:00:00,2025-04-10 07:00:00,bicycle,F Miquel-/Adickesallee,250,1,3
synthetic_bikesharing,2025-04-10,2025-04-10 06:00:00,2025-04-10 07:00:00,bicycle,F Miquel-/Adickesallee,350,1,4
synthetic_e_scooter,2025-04-10,2025-04-10 06:00:00,2025-04-10 07:00:00,e-scooter,F Miquel-/Adickesallee,50,0,1
synthetic_e_scooter,2025-04-10,2025-04-10 06:00:00,2025-04-10 07:00:00,e-scooter,F Miquel-/Adickesallee,100,0,1
synthetic_e_scooter,2025-04-10,2025-04-10 06:00:00,2025-04-10 07:00:00,e-scooter,F Miquel-/Adickesallee,250,0,2
synthetic_e_scooter,2025-04-10,2025-04-10 06:00:00,2025-04-10 07:00:00,e-scooter,F Miquel-/Adickesallee,350,0,3
synthetic_bikesharing,2025-04-10,2025-04-10 06:00:00,2025-04-10 07:00:00,bicycle,F Plieningerstraße,50,0,1
synthetic_bikesharing,2025-04-10,2025-04-10 06:00:00,2025-04-10 07:00:00,bicycle,F Plieningerstraße,100,0,1
synthetic_bikesharing,2025-04-10,2025-04-10 06:00:00,2025-04-10 07:00:00,bicycle,F Plieningerstraße,250,0,4
synthetic_bikesharing,2025-04-10,2025-04-10 06:00:00,2025-04-10 07:00:00,bicycle,F Plieningerstraße,350,0,4
synthetic_e_scooter,2025-04-10,2025-04-10 06:00:00,2025-04-10 07:00:00,e-scooter,F Plieningerstraße,50,1,0
synthetic_e_scooter,2025-04-10,2025-04-10 06:00:00,2025-04-10 07:00:00,e-scooter,F Plieningerstraße,100,1,0
synthetic_e_scooter,2025-04-10,2025-04-10 06:00:00,2025-04-10 07:00:00,e-scooter,F Plieningerstraße,250,1,1
synthetic_e_scooter,2025-04-10,2025-04-10 06:00:00,2025-04-10 07:00:00,e-scooter,F Plieningerstraße,350,1,1
synthetic_bikesharing,2025-04-10,2025-04-10 06:00:00,2025-04-10 07:00:00,bicycle,F Weser-/Münchener Straße,50,1,0
synthetic_bikesharing,2025-04-10,2025-04-10 06:00:00,2025-04-10 07:00:00,bicycle,F Weser-/Münchener Straße,100,3,1
synthetic_bikesharing,2025-04-10,2025-04-10 06:00:00,2025-04-10 07:00:00,bicycle,F Weser-/Münchener Straße,250,7,1
synthetic_bikesharing,2025-04-10,2025-04-10 06:00:00,2025-04-10 07:00:00,bicycle,F Weser-/Münchener Straße,350,7,2
synthetic_e_scooter,2025-04-10,2025-04-10 06:00:00,2025-04-10 07:00:00,e-scooter,F Weser-/Münchener Straße,50,0,0
synthetic_e_scooter,2025-04-10,2025-04-10 06:00:00,2025-04-10 07:00:00,e-scooter,F Weser-/Münchener Straße,100,1,0
synthetic_e_scooter,2025-04-10,2025-04-10 06:00:00,2025-04-10 07:00:00,e-scooter,F Weser-/Münchener Straße,250,1,0
synthetic_e_scooter,2025-04-10,2025-04-10 06:00:00,2025-04-10 07:00:00,e-scooter,F Weser-/Münchener Straße,350,1,0
synthetic_bikesharing,2025-04-10,2025-04-10 07:00:00,2025-04-10 08:00:00,bicycle,*405 F Dornbusch/Am Grünhof,50,1,1
synthetic_bikesharing,2025-04-10,2025-04-10 07:00:00,2025-04-10 08:00:00,bicycle,*405 F Dornbusch/Am Grünhof,100,2,2
synthetic_bikesharing,2025-04-10,2025-04-10 07:00:00,2025-04-10 08:00:00,bicycle,*405 F Dornbusch/Am Grünhof,250,5,4
synthetic_bikesharing,2025-04-10,2025-04-10 07:00:00,2025-04-10 08:00:00,bicycle,*405 F Dornbusch/Am Grünhof,350,5,4
synthetic_e_scooter,2025-04-10,2025-04-10 07:00:00,2025-04-10 08:00:00,e-scooter,*405 F Dornbusch/Am Grünhof,50,0,0
synthetic_e_scooter,2025-04-10,2025-04-10 07:00:00,2025-04-10 08:00:00,e-scooter,*405 F Dornbusch/Am Grünhof,100,0,0
synthetic_e_scooter,2025-04-10,2025-04-10 07:00:00,2025-04-10 08:00:00,e-scooter,*405 F Dornbusch/Am Grünhof,250,3,1
synthetic_e_scooter,2025-04-10,2025-04-10 07:00:00,2025-04-10 08:00:00,e-scooter,*405 F Dornbusch/Am Grünhof,350,3,1
synthetic_bikesharing,2025-04-10,2025-04-10 07:00:00,2025-04-10 08:00:00,bicycle,F Francois-Mitterrand-Platz,50,0,0
synthetic_bikesharing,2025-04-10,2025-04-10 07:00:00,2025-04-10 08:00:00,bicycle,F Francois-Mitterrand-Platz,100,1,0
synthetic_bikesharing,2025-04-10,2025-04-10 07:00:00,2025-04-10 08:00:00,bicycle,F Francois-Mitterrand-Platz,250,2,2
synthetic_bikesharing,2025-04-10,2025-04-10 07:00:00,2025-04-10 08:00:00,bicycle,F Francois-Mitterrand-Platz,350,3,2
synthetic_e_scooter,2025-04-10,2025-04-10 07:00:00,2025-04-10 08:00:00,e-scooter,F Francois-Mitterrand-Platz,50,0,0
synthetic_e_scooter,2025-04-10,2025-04-10 07:00:00,2025-04-10 08:00:00,e-scooter,F Francois-Mitterrand-Platz,100,0,1
synthetic_e_scooter,2025-04-10,2025-04-10 07:00:00,2025-04-10 08:00:00,e-scooter,F Francois-Mitterrand-Platz,250,1,1
synthetic_e_scooter,2025-04-10,2025-04-10 07:00:00,2025-04-10 08:00:00,e-scooter,F Francois-Mitterrand-Platz,350,1,1
synthetic_bikesharing,2025-04-10,2025-04-10 07:00:00,2025-04-10 08:00:00,bicycle,F Miquel-/Adickesallee,50,2,1
synthetic_bikesharing,2025-04-10,2025-04-10 07:00:00,2025-04-10 08:00:00,bicycle,F Miquel-/Adickesallee,100,2,3
synthetic_bikesharing,2025-04-10,2025-04-10 07:00:00,2025-04-10 08:00:00,bicycle,F Miquel-/Adickesallee,250,8,3
synthetic_bikesharing,2025-04-10,2025-04-10 07:00:00,2025-04-10 08:00:00,bicycle,F Miquel-/Adickesallee,350,13,4
synthetic_e_scooter,2025-04-10,2025-04-10 07:00:00,2025-04-10 08:00:00,e-scooter,F Miquel-/Adickesallee,50,1,0
synthetic_e_scooter,2025-04-10,2025-04-10 07:00:00,2025-04-10 08:00:00,e-scooter,F Miquel-/Adickesallee,100,2,1
synthetic_e_scooter,2025-04-10,2025-04-10 07:00:00,2025-04-10 08:00:00,e-scooter,F Miquel-/Adickesallee,250,2,2
synthetic_e_scooter,2025-04-10,2025-04-10 07:00:00,2025-04-10 08:00:00,e-scooter,F Miquel-/Adickesallee,350,2,2
synthetic_bikesharing,2025-04-10,2025-04-10 07:00:00,2025-04-10 08:00:00,bicycle,F Plieningerstraße,50,0,0
synthetic_bikesharing,2025-04-10,2025-04-10 07:00:00,2025-04-10 08:00:00,bicycle,F Plieningerstraße,100,0,0
synthetic_bikesharing,2025-04-10,2025-04-10 07:00:00,2025-04-10 08:00:00,bicycle,F Plieningerstraße,250,0,0
synthetic_bikesharing,2025-04-10,2025-04-10 07:00:00,2025-04-10 08:00:00,bicycle,F Plieningerstraße,350,1,1
synthetic_e_scooter,2025-04-10,2025-04-10 07:00:00,2025-04-10 08:00:00,e-scooter,F Plieningerstraße,50,0,0
synthetic_e_scooter,2025-04-10,2025-04-10 07:00:00,2025-04-10 08:00:00,e-scooter,F Plieningerstraße,100,0,1
synthetic_e_scooter,2025-04-10,2025-04-10 07:00:00,2025-04-10 08:00:00,e-scooter,F Plieningerstraße,250,0,2
synthetic_e_scooter,2025-04-10,2025-04-10 07:00:00,2025-04-10 08:00:00,e-scooter,F Plieningerstraße,350,0,2
synthetic_bikesharing,2025-04-10,2025-04-10 07:00:00,2025-04-10 08:00:00,bicycle,F Weser-/Münchener Straße,50,0,2
synthetic_bikesharing,2025-04-10,2025-04-10 07:00:00,2025-04-10 08:00:00,bicycle,F Weser-/Münchener Straße,100,1,3
synthetic_bikesharing,2025-04-10,2025-04-10 07:00:00,2025-04-10 08:00:00,bicycle,F Weser-/Münchener Straße,250,5,7
synthetic_bikesharing,2025-04-10,2025-04-10 07:00:00,2025-04-10 08:00:00,bicycle,F Weser-/Münchener Straße,350,7,10
synthetic_e_scooter,2025-04-10,2025-04-10 07:00:00,2025-04-10 08:00:00,e-scooter,F Weser-/Münchener Straße,50,0,1
synthetic_e_scooter,2025-04-10,2025-04-10 07:00:00,2025-04-10 08:00:00,e-scooter,F Weser-/Münchener Straße,100,0,2
synthetic_e_scooter,2025-04-10,2025-04-10 07:00:00,2025-04-10 08:00:00,e-scooter,F Weser-/Münchener Straße,250,0,4
synthetic_e_scooter,2025-04-10,2025-04-10 07:00:00,2025-04-10 08:00:00,e-scooter,F Weser-/Münchener Straße,350,1,4
synthetic_bikesharing,2025-04-10,2025-04-10 08:00:00,2025-04-10 09:00:00,bicycle,*405 F Dornbusch/Am Grünhof,50,1,0
synthetic_bikesharing,2025-04-10,2025-04-10 08:00:00,2025-04-10 09:00:00,bicycle,*405 F Dornbusch/Am Grünhof,100,4,0
synthetic_bikesharing,2025-04-10,2025-04-10 08:00:00,2025-04-10 09:00:00,bicycle,*405 F Dornbusch/Am Grünhof,250,6,3
synthetic_bikesharing,2025-04-10,2025-04-10 08:00:00,2025-04-10 09:00:00,bicycle,*405 F Dornbusch/Am Grünhof,350,7,4
synthetic_e_scooter,2025-04-10,2025-04-10 08:00:00,2025-04-10 09:00:00,e-scooter,*405 F Dornbusch/Am Grünhof,50,1,0
synthetic_e_scooter,2025-04-10,2025-04-10 08:00:00,2025-04-10 09:00:00,e-scooter,*405 F Dornbusch/Am Grünhof,100,2,1
synthetic_e_scooter,2025-04-10,2025-04-10 08:00:00,2025-04-10 09:00:00,e-scooter,*405 F Dornbusch/Am Grünhof,250,3,1
synthetic_e_scooter,2025-04-10,2025-04-10 08:00:00,2025-04-10 09:00:00,e-scooter,*405 F Dornbusch/Am Grünhof,350,3,2
synthetic_bikesharing,2025-04-10,2025-04-10 08:00:00,2025-04-10 09:00:00,bicycle,F Francois-Mitterrand-Platz,50,0,0
synthetic_bikesharing,2025-04-10,2025-04-10 08:00:00,2025-04-10 09:00:00,bicycle,F Francois-Mitterrand-Platz,100,1,0
synthetic_bikesharing,2025-04-10,2025-04-10 08:00:00,2025-04-10 09:00:00,bicycle,F Francois-Mitterrand-Platz,250,2,5
synthetic_bikesharing,2025-04-10,2025-04-10 08:00:00,2025-04-10 09:00:00,bicycle,F Francois-Mitterrand-Platz,350,2,6
synthetic_e_scooter,2025-04-10,2025-04-10 08:00:00,2025-04-10 09:00:00,e-scooter,F Francois-Mitterrand-Platz,50,0,0
synthetic_e_scooter,2025-04-10,2025-04-10 08:00:00,2025-04-10 09:00:00,e-scooter,F Francois-Mitterrand-Platz,100,0,1
synthetic_e_scooter,2025-04-10,2025-04-10 08:00:00,2025-04-10 09:00:00,e-scooter,F Francois-Mitterrand-Platz,250,1,2
synthetic_e_scooter,2025-04-10,2025-04-10 08:00:00,2025-04-10 09:00:00,e-scooter,F Francois-Mitterrand-Platz,350,3,3
synthetic_bikesharing,2025-04-10,2025-04-10 08:00:00,2025-04-10 09:00:00,bicycle,F Miquel-/Adickesallee,50,3,1
synthetic_bikesharing,2025-04-10,2025-04-10 08:00:00,2025-04-10 09:00:00,bicycle,F Miquel-/Adickesallee,100,4,4
synthetic_bikesharing,2025-04-10,2025-04-10 08:00:00,2025-04-10 09:00:00,bicycle,F Miquel-/Adickesallee,250,13,9
synthetic_bikesharing,2025-04-10,2025-04-10 08:00:00,2025-04-10 09:00:00,bicycle,F Miquel-/Adickesallee,350,18,11
synthetic_e_scooter,2025-04-10,2025-04-10 08:00:00,2025-04-10 09:00:00,e-scooter,F Miquel-/Adickesallee,50,1,1
synthetic_e_scooter,2025-04-10,2025-04-10 08:00:00,2025-04-10 09:00:00,e-scooter,F Miquel-/Adickesallee,100,4,1
synthetic_e_scooter,2025-04-10,2025-04-10 08:00:00,2025-04-10 09:00:00,e-scooter,F Miquel-/Adickesallee,250,8,5
synthetic_e_scooter,2025-04-10,2025-04-10 08:00:00,2025-04-10 09:00:00,e-scooter,F Miquel-/Adickesallee,350,9,8
synthetic_bikesharing,2025-04-10,2025-04-10 08:00:00,2025-04-10 09:00:00,bicycle,F Plieningerstraße,50,0,1
synthetic_bikesharing,2025-04-10,2025-04-10 08:00:00,2025-04-10 09:00:00,bicycle,F Plieningerstraße,100,1,1
synthetic_bikesharing,2025-04-10,2025-04-10 08:00:00,2025-04-10 09:00:00,bicycle,F Plieningerstraße,250,2,4
synthetic_bikesharing,2025-04-10,2025-04-10 08:00:00,2025-04-10 09:00:00,bicycle,F Plieningerstraße,350,2,6
synthetic_e_scooter,2025-04-10,2025-04-10 08:00:00,2025-04-10 09:00:00,e-scooter,F Plieningerstraße,50,0,0
synthetic_e_scooter,2025-04-10,2025-04-10 08:00:00,2025-04-10 09:00:00,e-scooter,F Plieningerstraße,100,1,0
synthetic_e_scooter,2025-04-10,2025-04-10 08:00:00,2025-04-10 09:00:00,e-scooter,F Plieningerstraße,250,3,2
synthetic_e_scooter,2025-04-10,2025-04-10 08:00:00,2025-04-10 09:00:00,e-scooter,F Plieningerstraße,350,3,3
synthetic_bikesharing,2025-04-10,2025-04-10 08:00:00,2025-04-10 09:00:00,bicycle,F Weser-/Münchener Straße,50,0,0
synthetic_bikesharing,2025-04-10,2025-04-10 08:00:00,2025-04-10 09:00:00,bicycle,F Weser-/Münchener Straße,100,2,0
synthetic_bikesharing,2025-04-10,2025-04-10 08:00:00,2025-04-10 09:00:00,bicycle,F Weser-/Münchener Straße,250,9,5
synthetic_bikesharing,2025-04-10,2025-04-10 08:00:00,2025-04-10 09:00:00,bicycle,F Weser-/Münchener Straße,350,12,7
synthetic_e_scooter,2025-04-10,2025-04-10 08:00:00,2025-04-10 09:00:00,e-scooter,F Weser-/Münchener Straße,50,1,3
synthetic_e_scooter,2025-04-10,2025-04-10 08:00:00,2025-04-10 09:00:00,e-scooter,F Weser-/Münchener Straße,100,3,3
synthetic_e_scooter,2025-04-10,2025-04-10 08:00:00,2025-04-10 09:00:00,e-scooter,F Weser-/Münchener Straße,250,5,4
synthetic_e_scooter,2025-04-10,2025-04-10 08:00:00,2025-04-10 09:00:00,e-scooter,F Weser-/Münchener Straße,350,8,5
synthetic_bikesharing,2025-04-10,2025-04-10 09:00:00,2025-04-10 10:00:00,bicycle,*405 F Dornbusch/Am Grünhof,50,0,0
synthetic_bikesharing,2025-04-10,2025-04-10 09:00:00,2025-04-10 10:00:00,bicycle,*405 F Dornbusch/Am Grünhof,100,2,0
synthetic_bikesharing,2025-04-10,2025-04-10 09:00:00,2025-04-10 10:00:00,bicycle,*405 F Dornbusch/Am Grünhof,250,2,2
synthetic_bikesharing,2025-04-10,2025-04-10 09:00:00,2025-04-10 10:00:00,bicycle,*405 F Dornbusch/Am Grünhof,350,3,2
synthetic_e_scooter,2025-04-10,2025-04-10 09:00:00,2025-04-10 10:00:00,e-scooter,*405 F Dornbusch/Am Grünhof,50,0,0
synthetic_e_scooter,2025-04-10,2025-04-10 09:00:00,2025-04-10 10:00:00,e-scooter,*405 F Dornbusch/Am Grünhof,100,0,0
synthetic_e_scooter,2025-04-10,2025-04-10 09:00:00,2025-04-10 10:00:00,e-scooter,*405 F Dornbusch/Am Grünhof,250,1,1
synthetic_e_scooter,2025-04-10,2025-04-10 09:00:00,2025-04-10 10:00:00,e-scooter,*405 F Dornbusch/Am Grünhof,350,3,1
synthetic_bikesharing,2025-04-10,2025-04-10 09:00:00,2025-04-10 10:00:00,bicycle,F Francois-Mitterrand-Platz,50,0,0
synthetic_bikesharing,2025-04-10,2025-04-10 09:00:00,2025-04-10 10:00:00,bicycle,F Francois-Mitterrand-Platz,100,0,3
synthetic_bikesharing,2025-04-10,2025-04-10 09:00:00,2025-04-10 10:00:00,bicycle,F Francois-Mitterrand-Platz,250,2,6
synthetic_bikesharing,2025-04-10,2025-04-10 09:00:00,2025-04-10 10:00:00,bicycle,F Francois-Mitterrand-Platz,350,3,8
synthetic_e_scooter,2025-04-10,2025-04-10 09:00:00,2025-04-10 10:00:00,e-scooter,F Francois-Mitterrand-Platz,50,0,2
synthetic_e_scooter,2025-04-10,2025-04-10 09:00:00,2025-04-10 10:00:00,e-scooter,F Francois-Mitterrand-Platz,100,0,3
synthetic_e_scooter,2025-04-10,2025-04-10 09:00:00,2025-04-10 10:00:00,e-scooter,F Francois-Mitterrand-Platz,250,0,7
synthetic_e_scooter,2025-04-10,2025-04-10 09:00:00,2025-04-10 10:00:00,e-scooter,F Francois-Mitterrand-Platz,350,1,9
synthetic_bikesharing,2025-04-10,2025-04-10 09:00:00,2025-04-10 10:00:00,bicycle,F Miquel-/Adickesallee,50,1,0
synthetic_bikesharing,2025-04-10,2025-04-10 09:00:00,2025-04-10 10:00:00,bicycle,F Miquel-/Adickesallee,100,1,1
synthetic_bikesharing,2025-04-10,2025-04-10 09:00:00,2025-04-10 10:00:00,bicycle,F Miquel-/Adickesallee,250,4,3
synthetic_bikesharing,2025-04-10,2025-04-10 09:00:00,2025-04-10 10:00:00,bicycle,F Miquel-/Adickesallee,350,8,5
synthetic_e_scooter,2025-04-10,2025-04-10 09:00:00,2025-04-10 10:00:00,e-scooter,F Miquel-/Adickesallee,50,0,0
synthetic_e_scooter,2025-04-10,2025-04-10 09:00:00,2025-04-10 10:00:00,e-scooter,F Miquel-/Adickesallee,100,3,0
synthetic_e_scooter,2025-04-10,2025-04-10 09:00:00,2025-04-10 10:00:00,e-scooter,F Miquel-/Adickesallee,250,4,3
synthetic_e_scooter,2025-04-10,2025-04-10 09:00:00,2025-04-10 10:00:00,e-scooter,F Miquel-/Adickesallee,350,5,5
synthetic_bikesharing,2025-04-10,2025-04-10 09:00:00,2025-04-10 10:00:00,bicycle,F Plieningerstraße,50,0,0
synthetic_bikesharing,2025-04-10,2025-04-10 09:00:00,2025-04-10 10:00:00,bicycle,F Plieningerstraße,100,1,0
synthetic_bikesharing,2025-04-10,2025-04-10 09:00:00,2025-04-10 10:00:00,bicycle,F Plieningerstraße,250,3,3
synthetic_bikesharing,2025-04-10,2025-04-10 09:00:00,2025-04-10 10:00:00,bicycle,F Plieningerstraße,350,4,3
synthetic_e_scooter,2025-04-10,2025-04-10 09:00:00,2025-04-10 10:00:00,e-scooter,F Plieningerstraße,50,0,0
synthetic_e_scooter,2025-04-10,2025-04-10 09:00:00,2025-04-10 10:00:00,e-scooter,F Plieningerstraße,100,2,2
synthetic_e_scooter,2025-04-10,2025-04-10 09:00:00,2025-04-10 10:00:00,e-scooter,F Plieningerstraße,250,3,3
synthetic_e_scooter,2025-04-10,2025-04-10 09:00:00,2025-04-10 10:00:00,e-scooter,F Plieningerstraße,350,4,4
synthetic_bikesharing,2025-04-10,2025-04-10 09:00:00,2025-04-10 10:00:00,bicycle,F Weser-/Münchener Straße,50,1,0
synthetic_bikesharing,2025-04-10,2025-04-10 09:00:00,2025-04-10 10:00:00,bicycle,F Weser-/Münchener Straße,100,3,1
synthetic_bikesharing,2025-04-10,2025-04-10 09:00:00,2025-04-10 10:00:00,bicycle,F Weser-/Münchener Straße,250,7,1
synthetic_bikesharing,2025-04-10,2025-04-10 09:00:00,2025-04-10 10:00:00,bicycle,F Weser-/Münchener Straße,350,10,3
synthetic_e_scooter,2025-04-10,2025-04-10 09:00:00,2025-04-10 10:00:00,e-scooter,F Weser-/Münchener Straße,50,5,2
synthetic_e_scooter,2025-04-10,2025-04-10 09:00:00,2025-04-10 10:00:00,e-scooter,F Weser-/Münchener Straße,100,6,4
synthetic_e_scooter,2025-04-10,2025-04-10 09:00:00,2025-04-10 10:00:00,e-scooter,F Weser-/Münchener Straße,250,8,7
synthetic_e_scooter,2025-04-10,2025-04-10 09:00:00,2025-04-10 10:00:00,e-scooter,F Weser-/Münchener Straße,350,11,9
synthetic_bikesharing,2025-04-10,2025-04-10 10:00:00,2025-04-10 11:00:00,bicycle,*405 F Dornbusch/Am Grünhof,50,0,0
synthetic_bikesharing,2025-04-10,2025-04-10 10:00:00,2025-04-10 11:00:00,bicycle,*405 F Dornbusch/Am Grünhof,100,0,1
synthetic_bikesharing,2025-04-10,2025-04-10 10:00:00,2025-04-10 11:00:00,bicycle,*405 F Dornbusch/Am Grünhof,250,0,2
synthetic_bikesharing,2025-04-10,2025-04-10 10:00:00,2025-04-10 11:00:00,bicycle,*405 F Dornbusch/Am Grünhof,350,1,2
synthetic_e_scooter,2025-04-10,2025-04-10 10:00:00,2025-04-10 11:00:00,e-scooter,*405 F Dornbusch/Am Grünhof,50,0,1
synthetic_e_scooter,2025-04-10,2025-04-10 10:00:00,2025-04-10 11:00:00,e-scooter,*405 F Dornbusch/Am Grünhof,100,0,4
synthetic_e_scooter,2025-04-10,2025-04-10 10:00:00,2025-04-10 11:00:00,e-scooter,*405 F Dornbusch/Am Grünhof,250,1,5
synthetic_e_scooter,2025-04-10,2025-04-10 10:00:00,2025-04-10 11:00:00,e-scooter,*405 F Dornbusch/Am Grünhof,350,2,6
synthetic_bikesharing,2025-04-10,2025-04-10 10:00:00,2025-04-10 11:00:00,bicycle,F Francois-Mitterrand-Platz,50,0,1
synthetic_bikesharing,2025-04-10,2025-04-10 10:00:00,2025-04-10 11:00:00,bicycle,F Francois-Mitterrand-Platz,100,0,2
synthetic_bikesharing,2025-04-10,2025-04-10 10:00:00,2025-04-10 11:00:00,bicycle,F Francois-Mitterrand-Platz,250,3,3
synthetic_bikesharing,2025-04-10,2025-04-10 10:00:00,2025-04-10 11:00:00,bicycle,F Francois-Mitterrand-Platz,350,5,3
synthetic_e_scooter,2025-04-10,2025-04-10 10:00:00,2025-04-10 11:00:00,e-scooter,F Francois-Mitterrand-Platz,50,0,0
synthetic_e_scooter,2025-04-10,2025-04-10 10:00:00,2025-04-10 11:00:00,e-scooter,F Francois-Mitterrand-Platz,100,0,1
synthetic_e_scooter,2025-04-10,2025-04-10 10:00:00,2025-04-10 11:00:00,e-scooter,F Francois-Mitterrand-Platz,250,5,3
synthetic_e_scooter,2025-04-10,2025-04-10 10:00:00,2025-04-10 11:00:00,e-scooter,F Francois-Mitterrand-Platz,350,9,3
synthetic_bikesharing,2025-04-10,2025-04-10 10:00:00,2025-04-10 11:00:00,bicycle,F Miquel-/Adickesallee,50,0,1
synthetic_bikesharing,2025-04-10,2025-04-10 10:00:00,2025-04-10 11:00:00,bicycle,F Miquel-/Adickesallee,100,1,5
synthetic_bikesharing,2025-04-10,2025-04-10 10:00:00,2025-04-10 11:00:00,bicycle,F Miquel-/Adickesallee,250,4,8
synthetic_bikesharing,2025-04-10,2025-04-10 10:00:00,2025-04-10 11:00:00,bicycle,F Miquel-/Adickesallee,350,9,9
synthetic_e_scooter,2025-04-10,2025-04-10 10:00:00,2025-04-10 11:00:00,e-scooter,F Miquel-/Adickesallee,50,0,2
synthetic_e_scooter,2025-04-10,2025-04-10 10:00:00,2025-04-10 11:00:00,e-scooter,F Miquel-/Adickesallee,100,0,3
synthetic_e_scooter,2025-04-10,2025-04-10 10:00:00,2025-04-10 11:00:00,e-scooter,F Miquel-/Adickesallee,250,2,6
synthetic_e_scooter,2025-04-10,2025-04-10 10:00:00,2025-04-10 11:00:00,e-scooter,F Miquel-/Adickesallee,350,3,9
synthetic_bikesharing,2025-04-10,2025-04-10 10:00:00,2025-04-10 11:00:00,bicycle,F Plieningerstraße,50,0,0
synthetic_bikesharing,2025-04-10,2025-04-10 10:00:00,2025-04-10 11:00:00,bicycle,F Plieningerstraße,100,1,0
synthetic_bikesharing,2025-04-10,2025-04-10 10:00:00,2025-04-10 11:00:00,bicycle,F Plieningerstraße,250,3,1
synthetic_bikesharing,2025-04-10,2025-04-10 10:00:00,2025-04-10 11:00:00,bicycle,F Plieningerstraße,350,3,1
synthetic_e_scooter,2025-04-10,2025-04-10 10:00:00,2025-04-10 11:00:00,e-scooter,F Plieningerstraße,50,1,1
synthetic_e_scooter,2025-04-10,2025-04-10 10:00:00,2025-04-10 11:00:00,e-scooter,F Plieningerstraße,100,2,1
synthetic_e_scooter,2025-04-10,2025-04-10 10:00:00,2025-04-10 11:00:00,e-scooter,F Plieningerstraße,250,3,1
synthetic_e_scooter,2025-04-10,2025-04-10 10:00:00,2025-04-10 11:00:00,e-scooter,F Plieningerstraße,350,3,3
synthetic_bikesharing,2025-04-10,2025-04-10 10:00:00,2025-04-10 11:00:00,bicycle,F Weser-/Münchener Straße,50,1,0
synthetic_bikesharing,2025-04-10,2025-04-10 10:00:00,2025-04-10 11:00:00,bicycle,F Weser-/Münchener Straße,100,2,1
synthetic_bikesharing,2025-04-10,2025-04-10 10:00:00,2025-04-10 11:00:00,bicycle,F Weser-/Münchener Straße,250,6,5
synthetic_bikesharing,2025-04-10,2025-04-10 10:00:00,2025-04-10 11:00:00,bicycle,F Weser-/Münchener Straße,350,6,9
synthetic_e_scooter,2025-04-10,2025-04-10 10:00:00,2025-04-10 11:00:00,e-scooter,F Weser-/Münchener Straße,50,0,0
synthetic_e_scooter,2025-04-10,2025-04-10 10:00:00,2025-04-10 11:00:00,e-scooter,F Weser-/Münchener Straße,100,2,0
synthetic_e_scooter,2025-04-10,2025-04-10 10:00:00,2025-04-10 11:00:00,e-scooter,F Weser-/Münchener Straße,250,5,3
synthetic_e_scooter,2025-04-10,2025-04-10 10:00:00,2025-04-10 11:00:00,e-scooter,F Weser-/Münchener Straße,350,6,8
synthetic_bikesharing,2025-04-10,2025-04-10 11:00:00,2025-04-10 12:00:00,bicycle,*405 F Dornbusch/Am Grünhof,50,0,0
synthetic_bikesharing,2025-04-10,2025-04-10 11:00:00,2025-04-10 12:00:00,bicycle,*405 F Dornbusch/Am Grünhof,100,1,0
synthetic_bikesharing,2025-04-10,2025-04-10 11:00:00,2025-04-10 12:00:00,bicycle,*405 F Dornbusch/Am Grünhof,250,5,2
synthetic_bikesharing,2025-04-10,2025-04-10 11:00:00,2025-04-10 12:00:00,bicycle,*405 F Dornbusch/Am Grünhof,350,5,3
synthetic_e_scooter,2025-04-10,2025-04-10 11:00:00,2025-04-10 12:00:00,e-scooter,*405 F Dornbusch/Am Grünhof,50,0,0
synthetic_e_scooter,2025-04-10,2025-04-10 11:00:00,2025-04-10 12:00:00,e-scooter,*405 F Dornbusch/Am Grünhof,100,4,1
synthetic_e_scooter,2025-04-10,2025-04-10 11:00:00,2025-04-10 12:00:00,e-scooter,*405 F Dornbusch/Am Grünhof,250,5,3
synthetic_e_scooter,2025-04-10,2025-04-10 11:00:00,2025-04-10 12:00:00,e-scooter,*405 F Dornbusch/Am Grünhof,350,7,5
synthetic_bikesharing,2025-04-10,2025-04-10 11:00:00,2025-04-10 12:00:00,bicycle,F Francois-Mitterrand-Platz,50,2,0
synthetic_bikesharing,2025-04-10,2025-04-10 11:00:00,2025-04-10 12:00:00,bicycle,F Francois-Mitterrand-Platz,100,3,1
synthetic_bikesharing,2025-04-10,2025-04-10 11:00:00,2025-04-10 12:00:00,bicycle,F Francois-Mitterrand-Platz,250,5,4
synthetic_bikesharing,2025-04-10,2025-04-10 11:00:00,2025-04-10 12:00:00,bicycle,F Francois-Mitterrand-Platz,350,5,5
synthetic_e_scooter,2025-04-10,2025-04-10 11:00:00,2025-04-10 12:00:00,e-scooter,F Francois-Mitterrand-Platz,50,0,1
synthetic_e_scooter,2025-04-10,2025-04-10 11:00:00,2025-04-10 12:00:00,e-scooter,F Francois-Mitterrand-Platz,100,4,1
synthetic_e_scooter,2025-04-10,2025-04-10 11:00:00,2025-04-10 12:00:00,e-scooter,F Francois-Mitterrand-Platz,250,7,3
synthetic_e_scooter,2025-04-10,2025-04-10 11:00:00,2025-04-10 12:00:00,e-scooter,F Francois-Mitterrand-Platz,350,9,4
synthetic_bikesharing,2025-04-10,2025-04-10 11:00:00,2025-04-10 12:00:00,bicycle,F Miquel-/Adickesallee,50,1,1
synthetic_bikesharing,2025-04-10,2025-04-10 11:00:00,2025-04-10 12:00:00,bicycle,F Miquel-/Adickesallee,100,2,3
synthetic_bikesharing,2025-04-10,2025-04-10 11:00:00,2025-04-10 12:00:00,bicycle,F Miquel-/Adickesallee,250,3,3
synthetic_bikesharing,2025-04-10,2025-04-10 11:00:00,2025-04-10 12:00:00,bicycle,F Miquel-/Adickesallee,350,4,3
synthetic_e_scooter,2025-04-10,2025-04-10 11:00:00,2025-04-10 12:00:00,e-scooter,F Miquel-/Adickesallee,50,1,1
synthetic_e_scooter,2025-04-10,2025-04-10 11:00:00,2025-04-10 12:00:00,e-scooter,F Miquel-/Adickesallee,100,7,4
synthetic_e_scooter,2025-04-10,2025-04-10 11:00:00,2025-04-10 12:00:00,e-scooter,F Miquel-/Adickesallee,250,12,7
synthetic_e_scooter,2025-04-10,2025-04-10 11:00:00,2025-04-10 12:00:00,e-scooter,F Miquel-/Adickesallee,350,14,13
synthetic_bikesharing,2025-04-10,2025-04-10 11:00:00,2025-04-10 12:00:00,bicycle,F Plieningerstraße,50,0,0
synthetic_bikesharing,2025-04-10,2025-04-10 11:00:00,2025-04-10 12:00:00,bicycle,F Plieningerstraße,100,0,1
synthetic_bikesharing,2025-04-10,2025-04-10 11:00:00,2025-04-10 12:00:00,bicycle,F Plieningerstraße,250,3,1
synthetic_bikesharing,2025-04-10,2025-04-10 11:00:00,2025-04-10 12:00:00,bicycle,F Plieningerstraße,350,3,1
synthetic_e_scooter,2025-04-10,2025-04-10 11:00:00,2025-04-10 12:00:00,e-scooter,F Plieningerstraße,50,0,0
synthetic_e_scooter,2025-04-10,2025-04-10 11:00:00,2025-04-10 12:00:00,e-scooter,F Plieningerstraße,100,0,0
synthetic_e_scooter,2025-04-10,2025-04-10 11:00:00,2025-04-10 12:00:00,e-scooter,F Plieningerstraße,250,1,1
synthetic_e_scooter,2025-04-10,2025-04-10 11:00:00,2025-04-10 12:00:00,e-scooter,F Plieningerstraße,350,2,1
synthetic_bikesharing,2025-04-10,2025-04-10 11:00:00,2025-04-10 12:00:00,bicycle,F Weser-/Münchener Straße,50,1,0
synthetic_bikesharing,2025-04-10,2025-04-10 11:00:00,2025-04-10 12:00:00,bicycle,F Weser-/Münchener Straße,100,2,2
synthetic_bikesharing,2025-04-10,2025-04-10 11:00:00,2025-04-10 12:00:00,bicycle,F Weser-/Münchener Straße,250,3,4
synthetic_bikesharing,2025-04-10,2025-04-10 11:00:00,2025-04-10 12:00:00,bicycle,F Weser-/Münchener Straße,350,3,6
synthetic_e_scooter,2025-04-10,2025-04-10 11:00:00,2025-04-10 12:00:00,e-scooter,F Weser-/Münchener Straße,50,1,2
synthetic_e_scooter,2025-04-10,2025-04-10 11:00:00,2025-04-10 12:00:00,e-scooter,F Weser-/Münchener Straße,100,2,5
synthetic_e_scooter,2025-04-10,2025-04-10 11:00:00,2025-04-10 12:00:00,e-scooter,F Weser-/Münchener Straße,250,4,7
synthetic_e_scooter,2025-04-10,2025-04-10 11:00:00,2025-04-10 12:00:00,e-scooter,F Weser-/Münchener Straße,350,7,7
synthetic_bikesharing,2025-04-10,2025-04-10 12:00:00,2025-04-10 13:00:00,bicycle,*405 F Dornbusch/Am Grünhof,50,0,1
synthetic_bikesharing,2025-04-10,2025-04-10 12:00:00,2025-04-10 13:00:00,bicycle,*405 F Dornbusch/Am Grünhof,100,0,2
synthetic_bikesharing,2025-04-10,2025-04-10 12:00:00,2025-04-10 13:00:00,bicycle,*405 F Dornbusch/Am Grünhof,250,1,3
synthetic_bikesharing,2025-04-10,2025-04-10 12:00:00,2025-04-10 13:00:00,bicycle,*405 F Dornbusch/Am Grünhof,350,2,5
synthetic_e_scooter,2025-04-10,2025-04-10 12:00:00,2025-04-10 13:00:00,e-scooter,*405 F Dornbusch/Am Grünhof,50,1,0
synthetic_e_scooter,2025-04-10,2025-04-10 12:00:00,2025-04-10 13:00:00,e-scooter,*405 F Dornbusch/Am Grünhof,100,2,0
synthetic_e_scooter,2025-04-10,2025-04-10 12:00:00,2025-04-10 13:00:00,e-scooter,*405 F Dornbusch/Am Grünhof,250,3,1
synthetic_e_scooter,2025-04-10,2025-04-10 12:00:00,2025-04-10 13:00:00,e-scooter,*405 F Dornbusch/Am Grünhof,350,6,1
synthetic_bikesharing,2025-04-10,2025-04-10 12:00:00,2025-04-10 13:00:00,bicycle,F Francois-Mitterrand-Platz,50,1,0
synthetic_bikesharing,2025-04-10,2025-04-10 12:00:00,2025-04-10 13:00:00,bicycle,F Francois-Mitterrand-Platz,100,1,2
synthetic_bikesharing,2025-04-10,2025-04-10 12:00:00,2025-04-10 13:00:00,bicycle,F Francois-Mitterrand-Platz,250,3,3
synthetic_bikesharing,2025-04-10,2025-04-10 12:00:00,2025-04-10 13:00:00,bicycle,F Francois-Mitterrand-Platz,350,3,3
synthetic_e_scooter,2025-04-10,2025-04-10 12:00:00,2025-04-10 13:00:00,e-scooter,F Francois-Mitterrand-Platz,50,2,0
synthetic_e_scooter,2025-04-10,2025-04-10 12:00:00,2025-04-10 13:00:00,e-scooter,F Francois-Mitterrand-Platz,100,3,2
synthetic_e_scooter,2025-04-10,2025-04-10 12:00:00,2025-04-10 13:00:00,e-scooter,F Francois-Mitterrand-Platz,250,6,2
synthetic_e_scooter,2025-04-10,2025-04-10 12:00:00,2025-04-10 13:00:00,e-scooter,F Francois-Mitterrand-Platz,350,7,3
synthetic_bikesharing,2025-04-10,2025-04-10 12:00:00,2025-04-10 13:00:00,bicycle,F Miquel-/Adickesallee,50,1,1
synthetic_bikesharing,2025-04-10,2025-04-10 12:00:00,2025-04-10 13:00:00,bicycle,F Miquel-/Adickesallee,100,3,3
synthetic_bikesharing,2025-04-10,2025-04-10 12:00:00,2025-04-10 13:00:00,bicycle,F Miquel-/Adickesallee,250,6,6
synthetic_bikesharing,2025-04-10,2025-04-10 12:00:00,2025-04-10 13:00:00,bicycle,F Miquel-/Adickesallee,350,7,9
synthetic_e_scooter,2025-04-10,2025-04-10 12:00:00,2025-04-10 13:00:00,e-scooter,F Miquel-/Adickesallee,50,2,0
synthetic_e_scooter,2025-04-10,2025-04-10 12:00:00,2025-04-10 13:00:00,e-scooter,F Miquel-/Adickesallee,100,4,0
synthetic_e_scooter,2025-04-10,2025-04-10 12:00:00,2025-04-10 13:00:00,e-scooter,F Miquel-/Adickesallee,250,6,7
synthetic_e_scooter,2025-04-10,2025-04-10 12:00:00,2025-04-10 13:00:00,e-scooter,F Miquel-/Adickesallee,350,6,9
synthetic_bikesharing,2025-04-10,2025-04-10 12:00:00,2025-04-10 13:00:00,bicycle,F Plieningerstraße,50,3,0
synthetic_bikesharing,2025-04-10,2025-04-10 12:00:00,2025-04-10 13:00:00,bicycle,F Plieningerstraße,100,3,0
synthetic_bikesharing,2025-04-10,2025-04-10 12:00:00,2025-04-10 13:00:00,bicycle,F Plieningerstraße,250,4,1
synthetic_bikesharing,2025-04-10,2025-04-10 12:00:00,2025-04-10 13:00:00,bicycle,F Plieningerstraße,350,5,1
synthetic_e_scooter,2025-04-10,2025-04-10 12:00:00,2025-04-10 13:00:00,e-scooter,F Plieningerstraße,50,0,0
synthetic_e_scooter,2025-04-10,2025-04-10 12:00:00,2025-04-10 13:00:00,e-scooter,F Plieningerstraße,100,0,0
synthetic_e_scooter,2025-04-10,2025-04-10 12:00:00,2025-04-10 13:00:00,e-scooter,F Plieningerstraße,250,2,0
synthetic_e_scooter,2025-04-10,2025-04-10 12:00:00,2025-04-10 13:00:00,e-scooter,F Plieningerstraße,350,2,0
synthetic_bikesharing,2025-04-10,2025-04-10 12:00:00,2025-04-10 13:00:00,bicycle,F Weser-/Münchener Straße,50,0,1
synthetic_bikesharing,2025-04-10,2025-04-10 12:00:00,2025-04-10 13:00:00,bicycle,F Weser-/Münchener Straße,100,0,1
synthetic_bikesharing,2025-04-10,2025-04-10 12:00:00,2025-04-10 13:00:00,bicycle,F Weser-/Münchener Straße,250,3,6
synthetic_bikesharing,2025-04-10,2025-04-10 12:00:00,2025-04-10 13:00:00,bicycle,F Weser-/Münchener Straße,350,6,8
synthetic_e_scooter,2025-04-10,2025-04-10 12:00:00,2025-04-10 13:00:00,e-scooter,F Weser-/Münchener Straße,50,1,2
synthetic_e_scooter,2025-04-10,2025-04-10 12:00:00,2025-04-10 13:00:00,e-scooter,F Weser-/Münchener Straße,100,2,2
synthetic_e_scooter,2025-04-10,2025-04-10 12:00:00,2025-04-10 13:00:00,e-scooter,F Weser-/Münchener Straße,250,3,8
synthetic_e_scooter,2025-04-10,2025-04-10 12:00:00,2025-04-10 13:00:00,e-scooter,F Weser-/Münchener Straße,350,4,12
synthetic_bikesharing,2025-04-10,2025-04-10 13:00:00,2025-04-10 14:00:00,bicycle,*405 F Dornbusch/Am Grünhof,50,0,0
synthetic_bikesharing,2025-04-10,2025-04-10 13:00:00,2025-04-10 14:00:00,bicycle,*405 F Dornbusch/Am Grünhof,100,1,1
synthetic_bikesharing,2025-04-10,2025-04-10 13:00:00,2025-04-10 14:00:00,bicycle,*405 F Dornbusch/Am Grünhof,250,3,1
synthetic_bikesharing,2025-04-10,2025-04-10 13:00:00,2025-04-10 14:00:00,bicycle,*405 F Dornbusch/Am Grünhof,350,4,2
synthetic_e_scooter,2025-04-10,2025-04-10 13:00:00,2025-04-10 14:00:00,e-scooter,*405 F Dornbusch/Am Grünhof,50,3,1
synthetic_e_scooter,2025-04-10,2025-04-10 13:00:00,2025-04-10 14:00:00,e-scooter,*405 F Dornbusch/Am Grünhof,100,3,2
synthetic_e_scooter,2025-04-10,2025-04-10 13:00:00,2025-04-10 14:00:00,e-scooter,*405 F Dornbusch/Am Grünhof,250,6,5
synthetic_e_scooter,2025-04-10,2025-04-10 13:00:00,2025-04-10 14:00:00,e-scooter,*405 F Dornbusch/Am Grünhof,350,9,6
synthetic_bikesharing,2025-04-10,2025-04-10 13:00:00,2025-04-10 14:00:00,bicycle,F Francois-Mitterrand-Platz,50,1,0
synthetic_bikesharing,2025-04-10,2025-04-10 13:00:00,2025-04-10 14:00:00,bicycle,F Francois-Mitterrand-Platz,100,2,2
synthetic_bikesharing,2025-04-10,2025-04-10 13:00:00,2025-04-10 14:00:00,bicycle,F Francois-Mitterrand-Platz,250,6,4
synthetic_bikesharing,2025-04-10,2025-04-10 13:00:00,2025-04-10 14:00:00,bicycle,F Francois-Mitterrand-Platz,350,7,5
synthetic_e_scooter,2025-04-10,2025-04-10 13:00:00,2025-04-10 14:00:00,e-scooter,F Francois-Mitterrand-Platz,50,2,1
synthetic_e_scooter,2025-04-10,2025-04-10 13:00:00,2025-04-10 14:00:00,e-scooter,F Francois-Mitterrand-Platz,100,3,1
synthetic_e_scooter,2025-04-10,2025-04-10 13:00:00,2025-04-10 14:00:00,e-scooter,F Francois-Mitterrand-Platz,250,6,5
synthetic_e_scooter,2025-04-10,2025-04-10 13:00:00,2025-04-10 14:00:00,e-scooter,F Francois-Mitterrand-Platz,350,6,7
synthetic_bikesharing,2025-04-10,2025-04-10 13:00:00,2025-04-10 14:00:00,bicycle,F Miquel-/Adickesallee,50,0,1
synthetic_bikesharing,2025-04-10,2025-04-10 13:00:00,2025-04-10 14:00:00,bicycle,F Miquel-/Adickesallee,100,1,4
synthetic_bikesharing,2025-04-10,2025-04-10 13:00:00,2025-04-10 14:00:00,bicycle,F Miquel-/Adickesallee,250,3,8
synthetic_bikesharing,2025-04-10,2025-04-10 13:00:00,2025-04-10 14:00:00,bicycle,F Miquel-/Adickesallee,350,6,10
synthetic_e_scooter,2025-04-10,2025-04-10 13:00:00,2025-04-10 14:00:00,e-scooter,F Miquel-/Adickesallee,50,0,0
synthetic_e_scooter,2025-04-10,2025-04-10 13:00:00,2025-04-10 14:00:00,e-scooter,F Miquel-/Adickesallee,100,1,1
synthetic_e_scooter,2025-04-10,2025-04-10 13:00:00,2025-04-10 14:00:00,e-scooter,F Miquel-/Adickesallee,250,4,6
synthetic_e_scooter,2025-04-10,2025-04-10 13:00:00,2025-04-10 14:00:00,e-scooter,F Miquel-/Adickesallee,350,6,6
synthetic_bikesharing,2025-04-10,2025-04-10 13:00:00,2025-04-10 14:00:00,bicycle,F Plieningerstraße,50,0,0
synthetic_bikesharing,2025-04-10,2025-04-10 13:00:00,2025-04-10 14:00:00,bicycle,F Plieningerstraße,100,0,2
synthetic_bikesharing,2025-04-10,2025-04-10 13:00:00,2025-04-10 14:00:00,bicycle,F Plieningerstraße,250,1,3
synthetic_bikesharing,2025-04-10,2025-04-10 13:00:00,2025-04-10 14:00:00,bicycle,F Plieningerstraße,350,1,5
synthetic_e_scooter,2025-04-10,2025-04-10 13:00:00,2025-04-10 14:00:00,e-scooter,F Plieningerstraße,50,2,0
synthetic_e_scooter,2025-04-10,2025-04-10 13:00:00,2025-04-10 14:00:00,e-scooter,F Plieningerstraße,100,3,1
synthetic_e_scooter,2025-04-10,2025-04-10 13:00:00,2025-04-10 14:00:00,e-scooter,F Plieningerstraße,250,3,2
synthetic_e_scooter,2025-04-10,2025-04-10 13:00:00,2025-04-10 14:00:00,e-scooter,F Plieningerstraße,350,5,3
synthetic_bikesharing,2025-04-10,2025-04-10 13:00:00,2025-04-10 14:00:00,bicycle,F Weser-/Münchener Straße,50,0,1
synthetic_bikesharing,2025-04-10,2025-04-10 13:00:00,2025-04-10 14:00:00,bicycle,F Weser-/Münchener Straße,100,1,1
synthetic_bikesharing,2025-04-10,2025-04-10 13:00:00,2025-04-10 14:00:00,bicycle,F Weser-/Münchener Straße,250,6,6
synthetic_bikesharing,2025-04-10,2025-04-10 13:00:00,2025-04-10 14:00:00,bicycle,F Weser-/Münchener Straße,350,7,9
synthetic_e_scooter,2025-04-10,2025-04-10 13:00:00,2025-04-10 14:00:00,e-scooter,F Weser-/Münchener Straße,50,0,1
synthetic_e_scooter,2025-04-10,2025-04-10 13:00:00,2025-04-10 14:00:00,e-scooter,F Weser-/Münchener Straße,100,3,3
synthetic_e_scooter,2025-04-10,2025-04-10 13:00:00,2025-04-10 14:00:00,e-scooter,F Weser-/Münchener Straße,250,8,6
synthetic_e_scooter,2025-04-10,2025-04-10 13:00:00,2025-04-10 14:00:00,e-scooter,F Weser-/Münchener Straße,350,11,9
synthetic_bikesharing,2025-04-10,2025-04-10 14:00:00,2025-04-10 15:00:00,bicycle,*405 F Dornbusch/Am Grünhof,50,2,0
synthetic_bikesharing,2025-04-10,2025-04-10 14:00:00,2025-04-10 15:00:00,bicycle,*405 F Dornbusch/Am Grünhof,100,2,0
synthetic_bikesharing,2025-04-10,2025-04-10 14:00:00,2025-04-10 15:00:00,bicycle,*405 F Dornbusch/Am Grünhof,250,5,4
synthetic_bikesharing,2025-04-10,2025-04-10 14:00:00,2025-04-10 15:00:00,bicycle,*405 F Dornbusch/Am Grünhof,350,8,5
synthetic_e_scooter,2025-04-10,2025-04-10 14:00:00,2025-04-10 15:00:00,e-scooter,*405 F Dornbusch/Am Grünhof,50,2,0
synthetic_e_scooter,2025-04-10,2025-04-10 14:00:00,2025-04-10 15:00:00,e-scooter,*405 F Dornbusch/Am Grünhof,100,2,0
synthetic_e_scooter,2025-04-10,2025-04-10 14:00:00,2025-04-10 15:00:00,e-scooter,*405 F Dornbusch/Am Grünhof,250,4,2
synthetic_e_scooter,2025-04-10,2025-04-10 14:00:00,2025-04-10 15:00:00,e-scooter,*405 F Dornbusch/Am Grünhof,350,5,5
synthetic_bikesharing,2025-04-10,2025-04-10 14:00:00,2025-04-10 15:00:00,bicycle,F Francois-Mitterrand-Platz,50,1,0
synthetic_bikesharing,2025-04-10,2025-04-10 14:00:00,2025-04-10 15:00:00,bicycle,F Francois-Mitterrand-Platz,100,4,1
synthetic_bikesharing,2025-04-10,2025-04-10 14:00:00,2025-04-10 15:00:00,bicycle,F Francois-Mitterrand-Platz,250,5,5
synthetic_bikesharing,2025-04-10,2025-04-10 14:00:00,2025-04-10 15:00:00,bicycle,F Francois-Mitterrand-Platz,350,5,7
synthetic_e_scooter,2025-04-10,2025-04-10 14:00:00,2025-04-10 15:00:00,e-scooter,F Francois-Mitterrand-Platz,50,1,0
synthetic_e_scooter,2025-04-10,2025-04-10 14:00:00,2025-04-10 15:00:00,e-scooter,F Francois-Mitterrand-Platz,100,1,1
synthetic_e_scooter,2025-04-10,2025-04-10 14:00:00,2025-04-10 15:00:00,e-scooter,F Francois-Mitterrand-Platz,250,4,7
synthetic_e_scooter,2025-04-10,2025-04-10 14:00:00,2025-04-10 15:00:00,e-scooter,F Francois-Mitterrand-Platz,350,6,8
synthetic_bikesharing,2025-04-10,2025-04-10 14:00:00,2025-04-10 15:00:00,bicycle,F Miquel-/Adickesallee,50,0,0
synthetic_bikesharing,2025-04-10,2025-04-10 14:00:00,2025-04-10 15:00:00,bicycle,F Miquel-/Adickesallee,100,2,1
synthetic_bikesharing,2025-04-10,2025-04-10 14:00:00,2025-04-10 15:00:00,bicycle,F Miquel-/Adickesallee,250,6,6
synthetic_bikesharing,2025-04-10,2025-04-10 14:00:00,2025-04-10 15:00:00,bicycle,F Miquel-/Adickesallee,350,9,8
synthetic_e_scooter,2025-04-10,2025-04-10 14:00:00,2025-04-10 15:00:00,e-scooter,F Miquel-/Adickesallee,50,0,1
synthetic_e_scooter,2025-04-10,2025-04-10 14:00:00,2025-04-10 15:00:00,e-scooter,F Miquel-/Adickesallee,100,2,2
synthetic_e_scooter,2025-04-10,2025-04-10 14:00:00,2025-04-10 15:00:00,e-scooter,F Miquel-/Adickesallee,250,5,6
synthetic_e_scooter,2025-04-10,2025-04-10 14:00:00,2025-04-10 15:00:00,e-scooter,F Miquel-/Adickesallee,350,5,7
synthetic_bikesharing,2025-04-10,2025-04-10 14:00:00,2025-04-10 15:00:00,bicycle,F Plieningerstraße,50,0,1
synthetic_bikesharing,2025-04-10,2025-04-10 14:00:00,2025-04-10 15:00:00,bicycle,F Plieningerstraße,100,0,1
synthetic_bikesharing,2025-04-10,2025-04-10 14:00:00,2025-04-10 15:00:00,bicycle,F Plieningerstraße,250,0,1
synthetic_bikesharing,2025-04-10,2025-04-10 14:00:00,2025-04-10 15:00:00,bicycle,F Plieningerstraße,350,0,2
synthetic_e_scooter,2025-04-10,2025-04-10 14:00:00,2025-04-10 15:00:00,e-scooter,F Plieningerstraße,50,0,1
synthetic_e_scooter,2025-04-10,2025-04-10 14:00:00,2025-04-10 15:00:00,e-scooter,F Plieningerstraße,100,0,1
synthetic_e_scooter,2025-04-10,2025-04-10 14:00:00,2025-04-10 15:00:00,e-scooter,F Plieningerstraße,250,1,1
synthetic_e_scooter,2025-04-10,2025-04-10 14:00:00,2025-04-10 15:00:00,e-scooter,F Plieningerstraße,350,2,1
synthetic_bikesharing,2025-04-10,2025-04-10 14:00:00,2025-04-10 15:00:00,bicycle,F Weser-/Münchener Straße,50,0,2
synthetic_bikesharing,2025-04-10,2025-04-10 14:00:00,2025-04-10 15:00:00,bicycle,F Weser-/Münchener Straße,100,3,4
synthetic_bikesharing,2025-04-10,2025-04-10 14:00:00,2025-04-10 15:00:00,bicycle,F Weser-/Münchener Straße,250,8,7
synthetic_bikesharing,2025-04-10,2025-04-10 14:00:00,2025-04-10 15:00:00,bicycle,F Weser-/Münchener Straße,350,10,9
synthetic_e_scooter,2025-04-10,2025-04-10 14:00:00,2025-04-10 15:00:00,e-scooter,F Weser-/Münchener Straße,50,2,1
synthetic_e_scooter,2025-04-10,2025-04-10 14:00:00,2025-04-10 15:00:00,e-scooter,F Weser-/Münchener Straße,100,4,3
synthetic_e_scooter,2025-04-10,2025-04-10 14:00:00,2025-04-10 15:00:00,e-scooter,F Weser-/Münchener Straße,250,12,13
synthetic_e_scooter,2025-04-10,2025-04-10 14:00:00,2025-04-10 15:00:00,e-scooter,F Weser-/Münchener Straße,350,16,16
synthetic_bikesharing,2025-04-10,2025-04-10 15:00:00,2025-04-10 16:00:00,bicycle,*405 F Dornbusch/Am Grünhof,50,0,0
synthetic_bikesharing,2025-04-10,2025-04-10 15:00:00,2025-04-10 16:00:00,bicycle,*405 F Dornbusch/Am Grünhof,100,0,0
synthetic_bikesharing,2025-04-10,2025-04-10 15:00:00,2025-04-10 16:00:00,bicycle,*405 F Dornbusch/Am Grünhof,250,2,1
synthetic_bikesharing,2025-04-10,2025-04-10 15:00:00,2025-04-10 16:00:00,bicycle,*405 F Dornbusch/Am Grünhof,350,3,1
synthetic_e_scooter,2025-04-10,2025-04-10 15:00:00,2025-04-10 16:00:00,e-scooter,*405 F Dornbusch/Am Grünhof,50,0,0
synthetic_e_scooter,2025-04-10,2025-04-10 15:00:00,2025-04-10 16:00:00,e-scooter,*405 F Dornbusch/Am Grünhof,100,1,0
synthetic_e_scooter,2025-04-10,2025-04-10 15:00:00,2025-04-10 16:00:00,e-scooter,*405 F Dornbusch/Am Grünhof,250,2,4
synthetic_e_scooter,2025-04-10,2025-04-10 15:00:00,2025-04-10 16:00:00,e-scooter,*405 F Dornbusch/Am Grünhof,350,3,5
synthetic_bikesharing,2025-04-10,2025-04-10 15:00:00,2025-04-10 16:00:00,bicycle,F Francois-Mitterrand-Platz,50,2,1
synthetic_bikesharing,2025-04-10,2025-04-10 15:00:00,2025-04-10 16:00:00,bicycle,F Francois-Mitterrand-Platz,100,4,2
synthetic_bikesharing,2025-04-10,2025-04-10 15:00:00,2025-04-10 16:00:00,bicycle,F Francois-Mitterrand-Platz,250,5,3
synthetic_bikesharing,2025-04-10,2025-04-10 15:00:00,2025-04-10 16:00:00,bicycle,F Francois-Mitterrand-Platz,350,6,6
synthetic_e_scooter,2025-04-10,2025-04-10 15:00:00,2025-04-10 16:00:00,e-scooter,F Francois-Mitterrand-Platz,50,3,1
synthetic_e_scooter,2025-04-10,2025-04-10 15:00:00,2025-04-10 16:00:00,e-scooter,F Francois-Mitterrand-Platz,100,6,4
synthetic_e_scooter,2025-04-10,2025-04-10 15:00:00,2025-04-10 16:00:00,e-scooter,F Francois-Mitterrand-Platz,250,12,6
synthetic_e_scooter,2025-04-10,2025-04-10 15:00:00,2025-04-10 16:00:00,e-scooter,F Francois-Mitterrand-Platz,350,13,7
synthetic_bikesharing,2025-04-10,2025-04-10 15:00:00,2025-04-10 16:00:00,bicycle,F Miquel-/Adickesallee,50,2,1
synthetic_bikesharing,2025-04-10,2025-04-10 15:00:00,2025-04-10 16:00:00,bicycle,F Miquel-/Adickesallee,100,6,4
synthetic_bikesharing,2025-04-10,2025-04-10 15:00:00,2025-04-10 16:00:00,bicycle,F Miquel-/Adickesallee,250,11,9
synthetic_bikesharing,2025-04-10,2025-04-10 15:00:00,2025-04-10 16:00:00,bicycle,F Miquel-/Adickesallee,350,14,12
synthetic_e_scooter,2025-04-10,2025-04-10 15:00:00,2025-04-10 16:00:00,e-scooter,F Miquel-/Adickesallee,50,1,1
synthetic_e_scooter,2025-04-10,2025-04-10 15:00:00,2025-04-10 16:00:00,e-scooter,F Miquel-/Adickesallee,100,4,3
synthetic_e_scooter,2025-04-10,2025-04-10 15:00:00,2025-04-10 16:00:00,e-scooter,F Miquel-/Adickesallee,250,13,6
synthetic_e_scooter,2025-04-10,2025-04-10 15:00:00,2025-04-10 16:00:00,e-scooter,F Miquel-/Adickesallee,350,15,10
synthetic_bikesharing,2025-04-10,2025-04-10 15:00:00,2025-04-10 16:00:00,bicycle,F Plieningerstraße,50,0,0
synthetic_bikesharing,2025-04-10,2025-04-10 15:00:00,2025-04-10 16:00:00,bicycle,F Plieningerstraße,100,0,0
synthetic_bikesharing,2025-04-10,2025-04-10 15:00:00,2025-04-10 16:00:00,bicycle,F Plieningerstraße,250,3,0
synthetic_bikesharing,2025-04-10,2025-04-10 15:00:00,2025-04-10 16:00:00,bicycle,F Plieningerstraße,350,4,3
synthetic_e_scooter,2025-04-10,2025-04-10 15:00:00,2025-04-10 16:00:00,e-scooter,F Plieningerstraße,50,0,1
synthetic_e_scooter,2025-04-10,2025-04-10 15:00:00,2025-04-10 16:00:00,e-scooter,F Plieningerstraße,100,1,1
synthetic_e_scooter,2025-04-10,2025-04-10 15:00:00,2025-04-10 16:00:00,e-scooter,F Plieningerstraße,250,5,6
synthetic_e_scooter,2025-04-10,2025-04-10 15:00:00,2025-04-10 16:00:00,e-scooter,F Plieningerstraße,350,7,7
synthetic_bikesharing,2025-04-10,2025-04-10 15:00:00,2025-04-10 16:00:00,bicycle,F Weser-/Münchener Straße,50,0,0
synthetic_bikesharing,2025-04-10,2025-04-10 15:00:00,2025-04-10 16:00:00,bicycle,F Weser-/Münchener Straße,100,1,3
synthetic_bikesharing,2025-04-10,2025-04-10 15:00:00,2025-04-10 16:00:00,bicycle,F Weser-/Münchener Straße,250,4,8
synthetic_bikesharing,2025-04-10,2025-04-10 15:00:00,2025-04-10 16:00:00,bicycle,F Weser-/Münchener Straße,350,7,9
synthetic_e_scooter,2025-04-10,2025-04-10 15:00:00,2025-04-10 16:00:00,e-scooter,F Weser-/Münchener Straße,50,1,1
synthetic_e_scooter,2025-04-10,2025-04-10 15:00:00,2025-04-10 16:00:00,e-scooter,F Weser-/Münchener Straße,100,2,5
synthetic_e_scooter,2025-04-10,2025-04-10 15:00:00,2025-04-10 16:00:00,e-scooter,F Weser-/Münchener Straße,250,7,16
synthetic_e_scooter,2025-04-10,2025-04-10 15:00:00,2025-04-10 16:00:00,e-scooter,F Weser-/Münchener Straße,350,10,23
synthetic_bikesharing,2025-04-10,2025-04-10 16:00:00,2025-04-10 17:00:00,bicycle,*405 F Dornbusch/Am Grünhof,50,2,1
synthetic_bikesharing,2025-04-10,2025-04-10 16:00:00,2025-04-10 17:00:00,bicycle,*405 F Dornbusch/Am Grünhof,100,3,3
synthetic_bikesharing,2025-04-10,2025-04-10 16:00:00,2025-04-10 17:00:00,bicycle,*405 F Dornbusch/Am Grünhof,250,4,7
synthetic_bikesharing,2025-04-10,2025-04-10 16:00:00,2025-04-10 17:00:00,bicycle,*405 F Dornbusch/Am Grünhof,350,5,7
synthetic_e_scooter,2025-04-10,2025-04-10 16:00:00,2025-04-10 17:00:00,e-scooter,*405 F Dornbusch/Am Grünhof,50,2,1
synthetic_e_scooter,2025-04-10,2025-04-10 16:00:00,2025-04-10 17:00:00,e-scooter,*405 F Dornbusch/Am Grünhof,100,2,2
synthetic_e_scooter,2025-04-10,2025-04-10 16:00:00,2025-04-10 17:00:00,e-scooter,*405 F Dornbusch/Am Grünhof,250,4,4
synthetic_e_scooter,2025-04-10,2025-04-10 16:00:00,2025-04-10 17:00:00,e-scooter,*405 F Dornbusch/Am Grünhof,350,5,8
synthetic_bikesharing,2025-04-10,2025-04-10 16:00:00,2025-04-10 17:00:00,bicycle,F Francois-Mitterrand-Platz,50,1,1
synthetic_bikesharing,2025-04-10,2025-04-10 16:00:00,2025-04-10 17:00:00,bicycle,F Francois-Mitterrand-Platz,100,3,3
synthetic_bikesharing,2025-04-10,2025-04-10 16:00:00,2025-04-10 17:00:00,bicycle,F Francois-Mitterrand-Platz,250,10,8
synthetic_bikesharing,2025-04-10,2025-04-10 16:00:00,2025-04-10 17:00:00,bicycle,F Francois-Mitterrand-Platz,350,11,8
synthetic_e_scooter,2025-04-10,2025-04-10 16:00:00,2025-04-10 17:00:00,e-scooter,F Francois-Mitterrand-Platz,50,0,0
synthetic_e_scooter,2025-04-10,2025-04-10 16:00:00,2025-04-10 17:00:00,e-scooter,F Francois-Mitterrand-Platz,100,0,3
synthetic_e_scooter,2025-04-10,2025-04-10 16:00:00,2025-04-10 17:00:00,e-scooter,F Francois-Mitterrand-Platz,250,5,8
synthetic_e_scooter,2025-04-10,2025-04-10 16:00:00,2025-04-10 17:00:00,e-scooter,F Francois-Mitterrand-Platz,350,13,12
synthetic_bikesharing,2025-04-10,2025-04-10 16:00:00,2025-04-10 17:00:00,bicycle,F Miquel-/Adickesallee,50,2,2
synthetic_bikesharing,2025-04-10,2025-04-10 16:00:00,2025-04-10 17:00:00,bicycle,F Miquel-/Adickesallee,100,2,4
synthetic_bikesharing,2025-04-10,2025-04-10 16:00:00,2025-04-10 17:00:00,bicycle,F Miquel-/Adickesallee,250,5,16
synthetic_bikesharing,2025-04-10,2025-04-10 16:00:00,2025-04-10 17:00:00,bicycle,F Miquel-/Adickesallee,350,6,21
synthetic_e_scooter,2025-04-10,2025-04-10 16:00:00,2025-04-10 17:00:00,e-scooter,F Miquel-/Adickesallee,50,2,2
synthetic_e_scooter,2025-04-10,2025-04-10 16:00:00,2025-04-10 17:00:00,e-scooter,F Miquel-/Adickesallee,100,5,5
synthetic_e_scooter,2025-04-10,2025-04-10 16:00:00,2025-04-10 17:00:00,e-scooter,F Miquel-/Adickesallee,250,8,16
synthetic_e_scooter,2025-04-10,2025-04-10 16:00:00,2025-04-10 17:00:00,e-scooter,F Miquel-/Adickesallee,350,16,27
synthetic_bikesharing,2025-04-10,2025-04-10 16:00:00,2025-04-10 17:00:00,bicycle,F Plieningerstraße,50,1,0
synthetic_bikesharing,2025-04-10,2025-04-10 16:00:00,2025-04-10 17:00:00,bicycle,F Plieningerstraße,100,3,0
synthetic_bikesharing,2025-04-10,2025-04-10 16:00:00,2025-04-10 17:00:00,bicycle,F Plieningerstraße,250,8,0
synthetic_bikesharing,2025-04-10,2025-04-10 16:00:00,2025-04-10 17:00:00,bicycle,F Plieningerstraße,350,8,1
synthetic_e_scooter,2025-04-10,2025-04-10 16:00:00,2025-04-10 17:00:00,e-scooter,F Plieningerstraße,50,2,0
synthetic_e_scooter,2025-04-10,2025-04-10 16:00:00,2025-04-10 17:00:00,e-scooter,F Plieningerstraße,100,4,4
synthetic_e_scooter,2025-04-10,2025-04-10 16:00:00,2025-04-10 17:00:00,e-scooter,F Plieningerstraße,250,8,4
synthetic_e_scooter,2025-04-10,2025-04-10 16:00:00,2025-04-10 17:00:00,e-scooter,F Plieningerstraße,350,9,5
synthetic_bikesharing,2025-04-10,2025-04-10 16:00:00,2025-04-10 17:00:00,bicycle,F Weser-/Münchener Straße,50,2,1
synthetic_bikesharing,2025-04-10,2025-04-10 16:00:00,2025-04-10 17:00:00,bicycle,F Weser-/Münchener Straße,100,3,3
synthetic_bikesharing,2025-04-10,2025-04-10 16:00:00,2025-04-10 17:00:00,bicycle,F Weser-/Münchener Straße,250,6,12
synthetic_bikesharing,2025-04-10,2025-04-10 16:00:00,2025-04-10 17:00:00,bicycle,F Weser-/Münchener Straße,350,8,16
synthetic_e_scooter,2025-04-10,2025-04-10 16:00:00,2025-04-10 17:00:00,e-scooter,F Weser-/Münchener Straße,50,0,5
synthetic_e_scooter,2025-04-10,2025-04-10 16:00:00,2025-04-10 17:00:00,e-scooter,F Weser-/Münchener Straße,100,1,8
synthetic_e_scooter,2025-04-10,2025-04-10 16:00:00,2025-04-10 17:00:00,e-scooter,F Weser-/Münchener Straße,250,4,16
synthetic_e_scooter,2025-04-10,2025-04-10 16:00:00,2025-04-10 17:00:00,e-scooter,F Weser-/Münchener Straße,350,6,22
synthetic_bikesharing,2025-04-10,2025-04-10 17:00:00,2025-04-10 18:00:00,bicycle,*405 F Dornbusch/Am Grünhof,50,0,0
synthetic_bikesharing,2025-04-10,2025-04-10 17:00:00,2025-04-10 18:00:00,bicycle,*405 F Dornbusch/Am Grünhof,100,0,3
synthetic_bikesharing,2025-04-10,2025-04-10 17:00:00,2025-04-10 18:00:00,bicycle,*405 F Dornbusch/Am Grünhof,250,1,6
synthetic_bikesharing,2025-04-10,2025-04-10 17:00:00,2025-04-10 18:00:00,bicycle,*405 F Dornbusch/Am Grünhof,350,2,7
synthetic_e_scooter,2025-04-10,2025-04-10 17:00:00,2025-04-10 18:00:00,e-scooter,*405 F Dornbusch/Am Grünhof,50,2,1
synthetic_e_scooter,2025-04-10,2025-04-10 17:00:00,2025-04-10 18:00:00,e-scooter,*405 F Dornbusch/Am Grünhof,100,3,4
synthetic_e_scooter,2025-04-10,2025-04-10 17:00:00,2025-04-10 18:00:00,e-scooter,*405 F Dornbusch/Am Grünhof,250,7,6
synthetic_e_scooter,2025-04-10,2025-04-10 17:00:00,2025-04-10 18:00:00,e-scooter,*405 F Dornbusch/Am Grünhof,350,9,13
synthetic_bikesharing,2025-04-10,2025-04-10 17:00:00,2025-04-10 18:00:00,bicycle,F Francois-Mitterrand-Platz,50,0,3
synthetic_bikesharing,2025-04-10,2025-04-10 17:00:00,2025-04-10 18:00:00,bicycle,F Francois-Mitterrand-Platz,100,2,5
synthetic_bikesharing,2025-04-10,2025-04-10 17:00:00,2025-04-10 18:00:00,bicycle,F Francois-Mitterrand-Platz,250,6,9
synthetic_bikesharing,2025-04-10,2025-04-10 17:00:00,2025-04-10 18:00:00,bicycle,F Francois-Mitterrand-Platz,350,12,12
synthetic_e_scooter,2025-04-10,2025-04-10 17:00:00,2025-04-10 18:00:00,e-scooter,F Francois-Mitterrand-Platz,50,3,2
synthetic_e_scooter,2025-04-10,2025-04-10 17:00:00,2025-04-10 18:00:00,e-scooter,F Francois-Mitterrand-Platz,100,5,4
synthetic_e_scooter,2025-04-10,2025-04-10 17:00:00,2025-04-10 18:00:00,e-scooter,F Francois-Mitterrand-Platz,250,12,8
synthetic_e_scooter,2025-04-10,2025-04-10 17:00:00,2025-04-10 18:00:00,e-scooter,F Francois-Mitterrand-Platz,350,18,11
synthetic_bikesharing,2025-04-10,2025-04-10 17:00:00,2025-04-10 18:00:00,bicycle,F Miquel-/Adickesallee,50,1,1
synthetic_bikesharing,2025-04-10,2025-04-10 17:00:00,2025-04-10 18:00:00,bicycle,F Miquel-/Adickesallee,100,5,2
synthetic_bikesharing,2025-04-10,2025-04-10 17:00:00,2025-04-10 18:00:00,bicycle,F Miquel-/Adickesallee,250,6,7
synthetic_bikesharing,2025-04-10,2025-04-10 17:00:00,2025-04-10 18:00:00,bicycle,F Miquel-/Adickesallee,350,9,11
synthetic_e_scooter,2025-04-10,2025-04-10 17:00:00,2025-04-10 18:00:00,e-scooter,F Miquel-/Adickesallee,50,0,3
synthetic_e_scooter,2025-04-10,2025-04-10 17:00:00,2025-04-10 18:00:00,e-scooter,F Miquel-/Adickesallee,100,2,5
synthetic_e_scooter,2025-04-10,2025-04-10 17:00:00,2025-04-10 18:00:00,e-scooter,F Miquel-/Adickesallee,250,6,13
synthetic_e_scooter,2025-04-10,2025-04-10 17:00:00,2025-04-10 18:00:00,e-scooter,F Miquel-/Adickesallee,350,7,17
synthetic_bikesharing,2025-04-10,2025-04-10 17:00:00,2025-04-10 18:00:00,bicycle,F Plieningerstraße,50,0,0
synthetic_bikesharing,2025-04-10,2025-04-10 17:00:00,2025-04-10 18:00:00,bicycle,F Plieningerstraße,100,1,0
synthetic_bikesharing,2025-04-10,2025-04-10 17:00:00,2025-04-10 18:00:00,bicycle,F Plieningerstraße,250,2,3
synthetic_bikesharing,2025-04-10,2025-04-10 17:00:00,2025-04-10 18:00:00,bicycle,F Plieningerstraße,350,6,5
synthetic_e_scooter,2025-04-10,2025-04-10 17:00:00,2025-04-10 18:00:00,e-scooter,F Plieningerstraße,50,2,0
synthetic_e_scooter,2025-04-10,2025-04-10 17:00:00,2025-04-10 18:00:00,e-scooter,F Plieningerstraße,100,6,1
synthetic_e_scooter,2025-04-10,2025-04-10 17:00:00,2025-04-10 18:00:00,e-scooter,F Plieningerstraße,250,9,1
synthetic_e_scooter,2025-04-10,2025-04-10 17:00:00,2025-04-10 18:00:00,e-scooter,F Plieningerstraße,350,12,3
synthetic_bikesharing,2025-04-10,2025-04-10 17:00:00,2025-04-10 18:00:00,bicycle,F Weser-/Münchener Straße,50,1,5
synthetic_bikesharing,2025-04-10,2025-04-10 17:00:00,2025-04-10 18:00:00,bicycle,F Weser-/Münchener Straße,100,4,11
synthetic_bikesharing,2025-04-10,2025-04-10 17:00:00,2025-04-10 18:00:00,bicycle,F Weser-/Münchener Straße,250,12,22
synthetic_bikesharing,2025-04-10,2025-04-10 17:00:00,2025-04-10 18:00:00,bicycle,F Weser-/Münchener Straße,350,16,26
synthetic_e_scooter,2025-04-10,2025-04-10 17:00:00,2025-04-10 18:00:00,e-scooter,F Weser-/Münchener Straße,50,1,0
synthetic_e_scooter,2025-04-10,2025-04-10 17:00:00,2025-04-10 18:00:00,e-scooter,F Weser-/Münchener Straße,100,1,4
synthetic_e_scooter,2025-04-10,2025-04-10 17:00:00,2025-04-10 18:00:00,e-scooter,F Weser-/Münchener Straße,250,3,11
synthetic_e_scooter,2025-04-10,2025-04-10 17:00:00,2025-04-10 18:00:00,e-scooter,F Weser-/Münchener Straße,350,6,12
synthetic_bikesharing,2025-04-10,2025-04-10 18:00:00,2025-04-10 19:00:00,bicycle,*405 F Dornbusch/Am Grünhof,50,0,2
synthetic_bikesharing,2025-04-10,2025-04-10 18:00:00,2025-04-10 19:00:00,bicycle,*405 F Dornbusch/Am Grünhof,100,2,3
synthetic_bikesharing,2025-04-10,2025-04-10 18:00:00,2025-04-10 19:00:00,bicycle,*405 F Dornbusch/Am Grünhof,250,3,4
synthetic_bikesharing,2025-04-10,2025-04-10 18:00:00,2025-04-10 19:00:00,bicycle,*405 F Dornbusch/Am Grünhof,350,4,6
synthetic_e_scooter,2025-04-10,2025-04-10 18:00:00,2025-04-10 19:00:00,e-scooter,*405 F Dornbusch/Am Grünhof,50,0,0
synthetic_e_scooter,2025-04-10,2025-04-10 18:00:00,2025-04-10 19:00:00,e-scooter,*405 F Dornbusch/Am Grünhof,100,0,1
synthetic_e_scooter,2025-04-10,2025-04-10 18:00:00,2025-04-10 19:00:00,e-scooter,*405 F Dornbusch/Am Grünhof,250,3,5
synthetic_e_scooter,2025-04-10,2025-04-10 18:00:00,2025-04-10 19:00:00,e-scooter,*405 F Dornbusch/Am Grünhof,350,4,11
synthetic_bikesharing,2025-04-10,2025-04-10 18:00:00,2025-04-10 19:00:00,bicycle,F Francois-Mitterrand-Platz,50,1,1
synthetic_bikesharing,2025-04-10,2025-04-10 18:00:00,2025-04-10 19:00:00,bicycle,F Francois-Mitterrand-Platz,100,2,3
synthetic_bikesharing,2025-04-10,2025-04-10 18:00:00,2025-04-10 19:00:00,bicycle,F Francois-Mitterrand-Platz,250,7,4
synthetic_bikesharing,2025-04-10,2025-04-10 18:00:00,2025-04-10 19:00:00,bicycle,F Francois-Mitterrand-Platz,350,10,4
synthetic_e_scooter,2025-04-10,2025-04-10 18:00:00,2025-04-10 19:00:00,e-scooter,F Francois-Mitterrand-Platz,50,1,0
synthetic_e_scooter,2025-04-10,2025-04-10 18:00:00,2025-04-10 19:00:00,e-scooter,F Francois-Mitterrand-Platz,100,3,1
synthetic_e_scooter,2025-04-10,2025-04-10 18:00:00,2025-04-10 19:00:00,e-scooter,F Francois-Mitterrand-Platz,250,6,5
synthetic_e_scooter,2025-04-10,2025-04-10 18:00:00,2025-04-10 19:00:00,e-scooter,F Francois-Mitterrand-Platz,350,10,10
synthetic_bikesharing,2025-04-10,2025-04-10 18:00:00,2025-04-10 19:00:00,bicycle,F Miquel-/Adickesallee,50,0,2
synthetic_bikesharing,2025-04-10,2025-04-10 18:00:00,2025-04-10 19:00:00,bicycle,F Miquel-/Adickesallee,100,0,6
synthetic_bikesharing,2025-04-10,2025-04-10 18:00:00,2025-04-10 19:00:00,bicycle,F Miquel-/Adickesallee,250,5,12
synthetic_bikesharing,2025-04-10,2025-04-10 18:00:00,2025-04-10 19:00:00,bicycle,F Miquel-/Adickesallee,350,5,15
synthetic_e_scooter,2025-04-10,2025-04-10 18:00:00,2025-04-10 19:00:00,e-scooter,F Miquel-/Adickesallee,50,3,5
synthetic_e_scooter,2025-04-10,2025-04-10 18:00:00,2025-04-10 19:00:00,e-scooter,F Miquel-/Adickesallee,100,4,14
synthetic_e_scooter,2025-04-10,2025-04-10 18:00:00,2025-04-10 19:00:00,e-scooter,F Miquel-/Adickesallee,250,11,24
synthetic_e_scooter,2025-04-10,2025-04-10 18:00:00,2025-04-10 19:00:00,e-scooter,F Miquel-/Adickesallee,350,14,37
synthetic_bikesharing,2025-04-10,2025-04-10 18:00:00,2025-04-10 19:00:00,bicycle,F Plieningerstraße,50,2,0
synthetic_bikesharing,2025-04-10,2025-04-10 18:00:00,2025-04-10 19:00:00,bicycle,F Plieningerstraße,100,2,0
synthetic_bikesharing,2025-04-10,2025-04-10 18:00:00,2025-04-10 19:00:00,bicycle,F Plieningerstraße,250,6,1
synthetic_bikesharing,2025-04-10,2025-04-10 18:00:00,2025-04-10 19:00:00,bicycle,F Plieningerstraße,350,8,2
synthetic_e_scooter,2025-04-10,2025-04-10 18:00:00,2025-04-10 19:00:00,e-scooter,F Plieningerstraße,50,0,0
synthetic_e_scooter,2025-04-10,2025-04-10 18:00:00,2025-04-10 19:00:00,e-scooter,F Plieningerstraße,100,3,1
synthetic_e_scooter,2025-04-10,2025-04-10 18:00:00,2025-04-10 19:00:00,e-scooter,F Plieningerstraße,250,7,1
synthetic_e_scooter,2025-04-10,2025-04-10 18:00:00,2025-04-10 19:00:00,e-scooter,F Plieningerstraße,350,8,2
synthetic_bikesharing,2025-04-10,2025-04-10 18:00:00,2025-04-10 19:00:00,bicycle,F Weser-/Münchener Straße,50,3,1
synthetic_bikesharing,2025-04-10,2025-04-10 18:00:00,2025-04-10 19:00:00,bicycle,F Weser-/Münchener Straße,100,4,5
synthetic_bikesharing,2025-04-10,2025-04-10 18:00:00,2025-04-10 19:00:00,bicycle,F Weser-/Münchener Straße,250,16,11
synthetic_bikesharing,2025-04-10,2025-04-10 18:00:00,2025-04-10 19:00:00,bicycle,F Weser-/Münchener Straße,350,25,14
synthetic_e_scooter,2025-04-10,2025-04-10 18:00:00,2025-04-10 19:00:00,e-scooter,F Weser-/Münchener Straße,50,3,4
synthetic_e_scooter,2025-04-10,2025-04-10 18:00:00,2025-04-10 19:00:00,e-scooter,F Weser-/Münchener Straße,100,5,12
synthetic_e_scooter,2025-04-10,2025-04-10 18:00:00,2025-04-10 19:00:00,e-scooter,F Weser-/Münchener Straße,250,17,28
synthetic_e_scooter,2025-04-10,2025-04-10 18:00:00,2025-04-10 19:00:00,e-scooter,F Weser-/Münchener Straße,350,23,44
synthetic_bikesharing,2025-04-10,2025-04-10 19:00:00,2025-04-10 20:00:00,bicycle,*405 F Dornbusch/Am Grünhof,50,0,0
synthetic_bikesharing,2025-04-10,2025-04-10 19:00:00,2025-04-10 20:00:00,bicycle,*405 F Dornbusch/Am Grünhof,100,1,1
synthetic_bikesharing,2025-04-10,2025-04-10 19:00:00,2025-04-10 20:00:00,bicycle,*405 F Dornbusch/Am Grünhof,250,1,2
synthetic_bikesharing,2025-04-10,2025-04-10 19:00:00,2025-04-10 20:00:00,bicycle,*405 F Dornbusch/Am Grünhof,350,3,4
synthetic_e_scooter,2025-04-10,2025-04-10 19:00:00,2025-04-10 20:00:00,e-scooter,*405 F Dornbusch/Am Grünhof,50,1,0
synthetic_e_scooter,2025-04-10,2025-04-10 19:00:00,2025-04-10 20:00:00,e-scooter,*405 F Dornbusch/Am Grünhof,100,1,2
synthetic_e_scooter,2025-04-10,2025-04-10 19:00:00,2025-04-10 20:00:00,e-scooter,*405 F Dornbusch/Am Grünhof,250,2,7
synthetic_e_scooter,2025-04-10,2025-04-10 19:00:00,2025-04-10 20:00:00,e-scooter,*405 F Dornbusch/Am Grünhof,350,2,9
synthetic_bikesharing,2025-04-10,2025-04-10 19:00:00,2025-04-10 20:00:00,bicycle,F Francois-Mitterrand-Platz,50,0,0
synthetic_bikesharing,2025-04-10,2025-04-10 19:00:00,2025-04-10 20:00:00,bicycle,F Francois-Mitterrand-Platz,100,2,1
synthetic_bikesharing,2025-04-10,2025-04-10 19:00:00,2025-04-10 20:00:00,bicycle,F Francois-Mitterrand-Platz,250,6,1
synthetic_bikesharing,2025-04-10,2025-04-10 19:00:00,2025-04-10 20:00:00,bicycle,F Francois-Mitterrand-Platz,350,8,1
synthetic_e_scooter,2025-04-10,2025-04-10 19:00:00,2025-04-10 20:00:00,e-scooter,F Francois-Mitterrand-Platz,50,2,2
synthetic_e_scooter,2025-04-10,2025-04-10 19:00:00,2025-04-10 20:00:00,e-scooter,F Francois-Mitterrand-Platz,100,6,3
synthetic_e_scooter,2025-04-10,2025-04-10 19:00:00,2025-04-10 20:00:00,e-scooter,F Francois-Mitterrand-Platz,250,12,10
synthetic_e_scooter,2025-04-10,2025-04-10 19:00:00,2025-04-10 20:00:00,e-scooter,F Francois-Mitterrand-Platz,350,15,11
synthetic_bikesharing,2025-04-10,2025-04-10 19:00:00,2025-04-10 20:00:00,bicycle,F Miquel-/Adickesallee,50,3,1
synthetic_bikesharing,2025-04-10,2025-04-10 19:00:00,2025-04-10 20:00:00,bicycle,F Miquel-/Adickesallee,100,3,1
synthetic_bikesharing,2025-04-10,2025-04-10 19:00:00,2025-04-10 20:00:00,bicycle,F Miquel-/Adickesallee,250,5,5
synthetic_bikesharing,2025-04-10,2025-04-10 19:00:00,2025-04-10 20:00:00,bicycle,F Miquel-/Adickesallee,350,7,8
synthetic_e_scooter,2025-04-10,2025-04-10 19:00:00,2025-04-10 20:00:00,e-scooter,F Miquel-/Adickesallee,50,1,2
synthetic_e_scooter,2025-04-10,2025-04-10 19:00:00,2025-04-10 20:00:00,e-scooter,F Miquel-/Adickesallee,100,2,7
synthetic_e_scooter,2025-04-10,2025-04-10 19:00:00,2025-04-10 20:00:00,e-scooter,F Miquel-/Adickesallee,250,6,14
synthetic_e_scooter,2025-04-10,2025-04-10 19:00:00,2025-04-10 20:00:00,e-scooter,F Miquel-/Adickesallee,350,10,18
synthetic_bikesharing,2025-04-10,2025-04-10 19:00:00,2025-04-10 20:00:00,bicycle,F Plieningerstraße,50,0,0
synthetic_bikesharing,2025-04-10,2025-04-10 19:00:00,2025-04-10 20:00:00,bicycle,F Plieningerstraße,100,1,0
synthetic_bikesharing,2025-04-10,2025-04-10 19:00:00,2025-04-10 20:00:00,bicycle,F Plieningerstraße,250,2,0
synthetic_bikesharing,2025-04-10,2025-04-10 19:00:00,2025-04-10 20:00:00,bicycle,F Plieningerstraße,350,3,0
synthetic_e_scooter,2025-04-10,2025-04-10 19:00:00,2025-04-10 20:00:00,e-scooter,F Plieningerstraße,50,1,1
synthetic_e_scooter,2025-04-10,2025-04-10 19:00:00,2025-04-10 20:00:00,e-scooter,F Plieningerstraße,100,3,1
synthetic_e_scooter,2025-04-10,2025-04-10 19:00:00,2025-04-10 20:00:00,e-scooter,F Plieningerstraße,250,3,1
synthetic_e_scooter,2025-04-10,2025-04-10 19:00:00,2025-04-10 20:00:00,e-scooter,F Plieningerstraße,350,9,1
synthetic_bikesharing,2025-04-10,2025-04-10 19:00:00,2025-04-10 20:00:00,bicycle,F Weser-/Münchener Straße,50,1,2
synthetic_bikesharing,2025-04-10,2025-04-10 19:00:00,2025-04-10 20:00:00,bicycle,F Weser-/Münchener Straße,100,1,6
synthetic_bikesharing,2025-04-10,2025-04-10 19:00:00,2025-04-10 20:00:00,bicycle,F Weser-/Münchener Straße,250,3,11
synthetic_bikesharing,2025-04-10,2025-04-10 19:00:00,2025-04-10 20:00:00,bicycle,F Weser-/Münchener Straße,350,4,16
synthetic_e_scooter,2025-04-10,2025-04-10 19:00:00,2025-04-10 20:00:00,e-scooter,F Weser-/Münchener Straße,50,1,2
synthetic_e_scooter,2025-04-10,2025-04-10 19:00:00,2025-04-10 20:00:00,e-scooter,F Weser-/Münchener Straße,100,2,8
synthetic_e_scooter,2025-04-10,2025-04-10 19:00:00,2025-04-10 20:00:00,e-scooter,F Weser-/Münchener Straße,250,8,20
synthetic_e_scooter,2025-04-10,2025-04-10 19:00:00,2025-04-10 20:00:00,e-scooter,F Weser-/Münchener Straße,350,11,27
synthetic_bikesharing,2025-04-10,2025-04-10 20:00:00,2025-04-10 21:00:00,bicycle,*405 F Dornbusch/Am Grünhof,50,1,0
synthetic_bikesharing,2025-04-10,2025-04-10 20:00:00,2025-04-10 21:00:00,bicycle,*405 F Dornbusch/Am Grünhof,100,1,0
synthetic_bikesharing,2025-04-10,2025-04-10 20:00:00,2025-04-10 21:00:00,bicycle,*405 F Dornbusch/Am Grünhof,250,2,2
synthetic_bikesharing,2025-04-10,2025-04-10 20:00:00,2025-04-10 21:00:00,bicycle,*405 F Dornbusch/Am Grünhof,350,2,3
synthetic_e_scooter,2025-04-10,2025-04-10 20:00:00,2025-04-10 21:00:00,e-scooter,*405 F Dornbusch/Am Grünhof,50,1,1
synthetic_e_scooter,2025-04-10,2025-04-10 20:00:00,2025-04-10 21:00:00,e-scooter,*405 F Dornbusch/Am Grünhof,100,3,1
synthetic_e_scooter,2025-04-10,2025-04-10 20:00:00,2025-04-10 21:00:00,e-scooter,*405 F Dornbusch/Am Grünhof,250,5,4
synthetic_e_scooter,2025-04-10,2025-04-10 20:00:00,2025-04-10 21:00:00,e-scooter,*405 F Dornbusch/Am Grünhof,350,8,7
synthetic_bikesharing,2025-04-10,2025-04-10 20:00:00,2025-04-10 21:00:00,bicycle,F Francois-Mitterrand-Platz,50,0,0
synthetic_bikesharing,2025-04-10,2025-04-10 20:00:00,2025-04-10 21:00:00,bicycle,F Francois-Mitterrand-Platz,100,1,1
synthetic_bikesharing,2025-04-10,2025-04-10 20:00:00,2025-04-10 21:00:00,bicycle,F Francois-Mitterrand-Platz,250,3,1
synthetic_bikesharing,2025-04-10,2025-04-10 20:00:00,2025-04-10 21:00:00,bicycle,F Francois-Mitterrand-Platz,350,3,1
synthetic_e_scooter,2025-04-10,2025-04-10 20:00:00,2025-04-10 21:00:00,e-scooter,F Francois-Mitterrand-Platz,50,1,4
synthetic_e_scooter,2025-04-10,2025-04-10 20:00:00,2025-04-10 21:00:00,e-scooter,F Francois-Mitterrand-Platz,100,1,6
synthetic_e_scooter,2025-04-10,2025-04-10 20:00:00,2025-04-10 21:00:00,e-scooter,F Francois-Mitterrand-Platz,250,8,10
synthetic_e_scooter,2025-04-10,2025-04-10 20:00:00,2025-04-10 21:00:00,e-scooter,F Francois-Mitterrand-Platz,350,8,11
synthetic_bikesharing,2025-04-10,2025-04-10 20:00:00,2025-04-10 21:00:00,bicycle,F Miquel-/Adickesallee,50,0,0
synthetic_bikesharing,2025-04-10,2025-04-10 20:00:00,2025-04-10 21:00:00,bicycle,F Miquel-/Adickesallee,100,1,3
synthetic_bikesharing,2025-04-10,2025-04-10 20:00:00,2025-04-10 21:00:00,bicycle,F Miquel-/Adickesallee,250,4,7
synthetic_bikesharing,2025-04-10,2025-04-10 20:00:00,2025-04-10 21:00:00,bicycle,F Miquel-/Adickesallee,350,5,9
synthetic_e_scooter,2025-04-10,2025-04-10 20:00:00,2025-04-10 21:00:00,e-scooter,F Miquel-/Adickesallee,50,0,3
synthetic_e_scooter,2025-04-10,2025-04-10 20:00:00,2025-04-10 21:00:00,e-scooter,F Miquel-/Adickesallee,100,0,4
synthetic_e_scooter,2025-04-10,2025-04-10 20:00:00,2025-04-10 21:00:00,e-scooter,F Miquel-/Adickesallee,250,4,10
synthetic_e_scooter,2025-04-10,2025-04-10 20:00:00,2025-04-10 21:00:00,e-scooter,F Miquel-/Adickesallee,350,11,13
synthetic_bikesharing,2025-04-10,2025-04-10 20:00:00,2025-04-10 21:00:00,bicycle,F Plieningerstraße,50,0,1
synthetic_bikesharing,2025-04-10,2025-04-10 20:00:00,2025-04-10 21:00:00,bicycle,F Plieningerstraße,100,0,1
synthetic_bikesharing,2025-04-10,2025-04-10 20:00:00,2025-04-10 21:00:00,bicycle,F Plieningerstraße,250,0,1
synthetic_bikesharing,2025-04-10,2025-04-10 20:00:00,2025-04-10 21:00:00,bicycle,F Plieningerstraße,350,0,1
synthetic_e_scooter,2025-04-10,2025-04-10 20:00:00,2025-04-10 21:00:00,e-scooter,F Plieningerstraße,50,1,1
synthetic_e_scooter,2025-04-10,2025-04-10 20:00:00,2025-04-10 21:00:00,e-scooter,F Plieningerstraße,100,1,2
synthetic_e_scooter,2025-04-10,2025-04-10 20:00:00,2025-04-10 21:00:00,e-scooter,F Plieningerstraße,250,1,5
synthetic_e_scooter,2025-04-10,2025-04-10 20:00:00,2025-04-10 21:00:00,e-scooter,F Plieningerstraße,350,1,6
synthetic_bikesharing,2025-04-10,2025-04-10 20:00:00,2025-04-10 21:00:00,bicycle,F Weser-/Münchener Straße,50,0,1
synthetic_bikesharing,2025-04-10,2025-04-10 20:00:00,2025-04-10 21:00:00,bicycle,F Weser-/Münchener Straße,100,2,1
synthetic_bikesharing,2025-04-10,2025-04-10 20:00:00,2025-04-10 21:00:00,bicycle,F Weser-/Münchener Straße,250,6,4
synthetic_bikesharing,2025-04-10,2025-04-10 20:00:00,2025-04-10 21:00:00,bicycle,F Weser-/Münchener Straße,350,6,7
synthetic_e_scooter,2025-04-10,2025-04-10 20:00:00,2025-04-10 21:00:00,e-scooter,F Weser-/Münchener Straße,50,4,1
synthetic_e_scooter,2025-04-10,2025-04-10 20:00:00,2025-04-10 21:00:00,e-scooter,F Weser-/Münchener Straße,100,8,4
synthetic_e_scooter,2025-04-10,2025-04-10 20:00:00,2025-04-10 21:00:00,e-scooter,F Weser-/Münchener Straße,250,15,13
synthetic_e_scooter,2025-04-10,2025-04-10 20:00:00,2025-04-10 21:00:00,e-scooter,F Weser-/Münchener Straße,350,20,17
synthetic_bikesharing,2025-04-10,2025-04-10 21:00:00,2025-04-10 22:00:00,bicycle,*405 F Dornbusch/Am Grünhof,50,0,0
synthetic_bikesharing,2025-04-10,2025-04-10 21:00:00,2025-04-10 22:00:00,bicycle,*405 F Dornbusch/Am Grünhof,100,1,0
synthetic_bikesharing,2025-04-10,2025-04-10 21:00:00,2025-04-10 22:00:00,bicycle,*405 F Dornbusch/Am Grünhof,250,2,2
synthetic_bikesharing,2025-04-10,2025-04-10 21:00:00,2025-04-10 22:00:00,bicycle,*405 F Dornbusch/Am Grünhof,350,4,2
synthetic_e_scooter,2025-04-10,2025-04-10 21:00:00,2025-04-10 22:00:00,e-scooter,*405 F Dornbusch/Am Grünhof,50,0,2
synthetic_e_scooter,2025-04-10,2025-04-10 21:00:00,2025-04-10 22:00:00,e-scooter,*405 F Dornbusch/Am Grünhof,100,2,2
synthetic_e_scooter,2025-04-10,2025-04-10 21:00:00,2025-04-10 22:00:00,e-scooter,*405 F Dornbusch/Am Grünhof,250,4,3
synthetic_e_scooter,2025-04-10,2025-04-10 21:00:00,2025-04-10 22:00:00,e-scooter,*405 F Dornbusch/Am Grünhof,350,8,5
synthetic_bikesharing,2025-04-10,2025-04-10 21:00:00,2025-04-10 22:00:00,bicycle,F Francois-Mitterrand-Platz,50,0,0
synthetic_bikesharing,2025-04-10,2025-04-10 21:00:00,2025-04-10 22:00:00,bicycle,F Francois-Mitterrand-Platz,100,0,0
synthetic_bikesharing,2025-04-10,2025-04-10 21:00:00,2025-04-10 22:00:00,bicycle,F Francois-Mitterrand-Platz,250,2,3
synthetic_bikesharing,2025-04-10,2025-04-10 21:00:00,2025-04-10 22:00:00,bicycle,F Francois-Mitterrand-Platz,350,2,3
synthetic_e_scooter,2025-04-10,2025-04-10 21:00:00,2025-04-10 22:00:00,e-scooter,F Francois-Mitterrand-Platz,50,3,3
synthetic_e_scooter,2025-04-10,2025-04-10 21:00:00,2025-04-10 22:00:00,e-scooter,F Francois-Mitterrand-Platz,100,3,5
synthetic_e_scooter,2025-04-10,2025-04-10 21:00:00,2025-04-10 22:00:00,e-scooter,F Francois-Mitterrand-Platz,250,9,9
synthetic_e_scooter,2025-04-10,2025-04-10 21:00:00,2025-04-10 22:00:00,e-scooter,F Francois-Mitterrand-Platz,350,10,11
synthetic_bikesharing,2025-04-10,2025-04-10 21:00:00,2025-04-10 22:00:00,bicycle,F Miquel-/Adickesallee,50,2,1
synthetic_bikesharing,2025-04-10,2025-04-10 21:00:00,2025-04-10 22:00:00,bicycle,F Miquel-/Adickesallee,100,2,1
synthetic_bikesharing,2025-04-10,2025-04-10 21:00:00,2025-04-10 22:00:00,bicycle,F Miquel-/Adickesallee,250,4,3
synthetic_bikesharing,2025-04-10,2025-04-10 21:00:00,2025-04-10 22:00:00,bicycle,F Miquel-/Adickesallee,350,5,6
synthetic_e_scooter,2025-04-10,2025-04-10 21:00:00,2025-04-10 22:00:00,e-scooter,F Miquel-/Adickesallee,50,2,1
synthetic_e_scooter,2025-04-10,2025-04-10 21:00:00,2025-04-10 22:00:00,e-scooter,F Miquel-/Adickesallee,100,2,1
synthetic_e_scooter,2025-04-10,2025-04-10 21:00:00,2025-04-10 22:00:00,e-scooter,F Miquel-/Adickesallee,250,3,3
synthetic_e_scooter,2025-04-10,2025-04-10 21:00:00,2025-04-10 22:00:00,e-scooter,F Miquel-/Adickesallee,350,4,8
synthetic_bikesharing,2025-04-10,2025-04-10 21:00:00,2025-04-10 22:00:00,bicycle,F Plieningerstraße,50,0,1
synthetic_bikesharing,2025-04-10,2025-04-10 21:00:00,2025-04-10 22:00:00,bicycle,F Plieningerstraße,100,0,2
synthetic_bikesharing,2025-04-10,2025-04-10 21:00:00,2025-04-10 22:00:00,bicycle,F Plieningerstraße,250,0,2
synthetic_bikesharing,2025-04-10,2025-04-10 21:00:00,2025-04-10 22:00:00,bicycle,F Plieningerstraße,350,0,3
synthetic_e_scooter,2025-04-10,2025-04-10 21:00:00,2025-04-10 22:00:00,e-scooter,F Plieningerstraße,50,0,0
synthetic_e_scooter,2025-04-10,2025-04-10 21:00:00,2025-04-10 22:00:00,e-scooter,F Plieningerstraße,100,0,0
synthetic_e_scooter,2025-04-10,2025-04-10 21:00:00,2025-04-10 22:00:00,e-scooter,F Plieningerstraße,250,0,1
synthetic_e_scooter,2025-04-10,2025-04-10 21:00:00,2025-04-10 22:00:00,e-scooter,F Plieningerstraße,350,1,1
synthetic_bikesharing,2025-04-10,2025-04-10 21:00:00,2025-04-10 22:00:00,bicycle,F Weser-/Münchener Straße,50,1,0
synthetic_bikesharing,2025-04-10,2025-04-10 21:00:00,2025-04-10 22:00:00,bicycle,F Weser-/Münchener Straße,100,2,1
synthetic_bikesharing,2025-04-10,2025-04-10 21:00:00,2025-04-10 22:00:00,bicycle,F Weser-/Münchener Straße,250,7,3
synthetic_bikesharing,2025-04-10,2025-04-10 21:00:00,2025-04-10 22:00:00,bicycle,F Weser-/Münchener Straße,350,10,4
synthetic_e_scooter,2025-04-10,2025-04-10 21:00:00,2025-04-10 22:00:00,e-scooter,F Weser-/Münchener Straße,50,3,1
synthetic_e_scooter,2025-04-10,2025-04-10 21:00:00,2025-04-10 22:00:00,e-scooter,F Weser-/Münchener Straße,100,7,4
synthetic_e_scooter,2025-04-10,2025-04-10 21:00:00,2025-04-10 22:00:00,e-scooter,F Weser-/Münchener Straße,250,9,8
synthetic_e_scooter,2025-04-10,2025-04-10 21:00:00,2025-04-10 22:00:00,e-scooter,F Weser-/Münchener Straße,350,11,11
synthetic_bikesharing,2025-04-10,2025-04-10 22:00:00,2025-04-10 23:00:00,bicycle,*405 F Dornbusch/Am Grünhof,50,0,0
synthetic_bikesharing,2025-04-10,2025-04-10 22:00:00,2025-04-10 23:00:00,bicycle,*405 F Dornbusch/Am Grünhof,100,3,0
synthetic_bikesharing,2025-04-10,2025-04-10 22:00:00,2025-04-10 23:00:00,bicycle,*405 F Dornbusch/Am Grünhof,250,3,0
synthetic_bikesharing,2025-04-10,2025-04-10 22:00:00,2025-04-10 23:00:00,bicycle,*405 F Dornbusch/Am Grünhof,350,3,0
synthetic_e_scooter,2025-04-10,2025-04-10 22:00:00,2025-04-10 23:00:00,e-scooter,*405 F Dornbusch/Am Grünhof,50,1,1
synthetic_e_scooter,2025-04-10,2025-04-10 22:00:00,2025-04-10 23:00:00,e-scooter,*405 F Dornbusch/Am Grünhof,100,1,1
synthetic_e_scooter,2025-04-10,2025-04-10 22:00:00,2025-04-10 23:00:00,e-scooter,*405 F Dornbusch/Am Grünhof,250,2,2
synthetic_e_scooter,2025-04-10,2025-04-10 22:00:00,2025-04-10 23:00:00,e-scooter,*405 F Dornbusch/Am Grünhof,350,2,4
synthetic_bikesharing,2025-04-10,2025-04-10 22:00:00,2025-04-10 23:00:00,bicycle,F Francois-Mitterrand-Platz,50,0,0
synthetic_bikesharing,2025-04-10,2025-04-10 22:00:00,2025-04-10 23:00:00,bicycle,F Francois-Mitterrand-Platz,100,0,0
synthetic_bikesharing,2025-04-10,2025-04-10 22:00:00,2025-04-10 23:00:00,bicycle,F Francois-Mitterrand-Platz,250,0,1
synthetic_bikesharing,2025-04-10,2025-04-10 22:00:00,2025-04-10 23:00:00,bicycle,F Francois-Mitterrand-Platz,350,0,1
synthetic_e_scooter,2025-04-10,2025-04-10 22:00:00,2025-04-10 23:00:00,e-scooter,F Francois-Mitterrand-Platz,50,1,0
synthetic_e_scooter,2025-04-10,2025-04-10 22:00:00,2025-04-10 23:00:00,e-scooter,F Francois-Mitterrand-Platz,100,1,1
synthetic_e_scooter,2025-04-10,2025-04-10 22:00:00,2025-04-10 23:00:00,e-scooter,F Francois-Mitterrand-Platz,250,3,4
synthetic_e_scooter,2025-04-10,2025-04-10 22:00:00,2025-04-10 23:00:00,e-scooter,F Francois-Mitterrand-Platz,350,4,4
synthetic_bikesharing,2025-04-10,2025-04-10 22:00:00,2025-04-10 23:00:00,bicycle,F Miquel-/Adickesallee,50,0,2
synthetic_bikesharing,2025-04-10,2025-04-10 22:00:00,2025-04-10 23:00:00,bicycle,F Miquel-/Adickesallee,100,0,2
synthetic_bikesharing,2025-04-10,2025-04-10 22:00:00,2025-04-10 23:00:00,bicycle,F Miquel-/Adickesallee,250,2,2
synthetic_bikesharing,2025-04-10,2025-04-10 22:00:00,2025-04-10 23:00:00,bicycle,F Miquel-/Adickesallee,350,2,3
synthetic_e_scooter,2025-04-10,2025-04-10 22:00:00,2025-04-10 23:00:00,e-scooter,F Miquel-/Adickesallee,50,0,1
synthetic_e_scooter,2025-04-10,2025-04-10 22:00:00,2025-04-10 23:00:00,e-scooter,F Miquel-/Adickesallee,100,1,4
synthetic_e_scooter,2025-04-10,2025-04-10 22:00:00,2025-04-10 23:00:00,e-scooter,F Miquel-/Adickesallee,250,3,7
synthetic_e_scooter,2025-04-10,2025-04-10 22:00:00,2025-04-10 23:00:00,e-scooter,F Miquel-/Adickesallee,350,4,10
synthetic_bikesharing,2025-04-10,2025-04-10 22:00:00,2025-04-10 23:00:00,bicycle,F Plieningerstraße,50,0,0
synthetic_bikesharing,2025-04-10,2025-04-10 22:00:00,2025-04-10 23:00:00,bicycle,F Plieningerstraße,100,0,0
synthetic_bikesharing,2025-04-10,2025-04-10 22:00:00,2025-04-10 23:00:00,bicycle,F Plieningerstraße,250,1,1
synthetic_bikesharing,2025-04-10,2025-04-10 22:00:00,2025-04-10 23:00:00,bicycle,F Plieningerstraße,350,1,1
synthetic_e_scooter,2025-04-10,2025-04-10 22:00:00,2025-04-10 23:00:00,e-scooter,F Plieningerstraße,50,0,0
synthetic_e_scooter,2025-04-10,2025-04-10 22:00:00,2025-04-10 23:00:00,e-scooter,F Plieningerstraße,100,0,0
synthetic_e_scooter,2025-04-10,2025-04-10 22:00:00,2025-04-10 23:00:00,e-scooter,F Plieningerstraße,250,0,4
synthetic_e_scooter,2025-04-10,2025-04-10 22:00:00,2025-04-10 23:00:00,e-scooter,F Plieningerstraße,350,1,6
synthetic_bikesharing,2025-04-10,2025-04-10 22:00:00,2025-04-10 23:00:00,bicycle,F Weser-/Münchener Straße,50,0,0
synthetic_bikesharing,2025-04-10,2025-04-10 22:00:00,2025-04-10 23:00:00,bicycle,F Weser-/Münchener Straße,100,1,0
synthetic_bikesharing,2025-04-10,2025-04-10 22:00:00,2025-04-10 23:00:00,bicycle,F Weser-/Münchener Straße,250,1,1
synthetic_bikesharing,2025-04-10,2025-04-10 22:00:00,2025-04-10 23:00:00,bicycle,F Weser-/Münchener Straße,350,1,1
synthetic_e_scooter,2025-04-10,2025-04-10 22:00:00,2025-04-10 23:00:00,e-scooter,F Weser-/Münchener Straße,50,2,2
synthetic_e_scooter,2025-04-10,2025-04-10 22:00:00,2025-04-10 23:00:00,e-scooter,F Weser-/Münchener Straße,100,5,3
synthetic_e_scooter,2025-04-10,2025-04-10 22:00:00,2025-04-10 23:00:00,e-scooter,F Weser-/Münchener Straße,250,6,5
synthetic_e_scooter,2025-04-10,2025-04-10 22:00:00,2025-04-10 23:00:00,e-scooter,F Weser-/Münchener Straße,350,9,7
synthetic_bikesharing,2025-04-11,2025-04-10 23:00:00,2025-04-11 00:00:00,bicycle,*405 F Dornbusch/Am Grünhof,50,0,0
synthetic_bikesharing,2025-04-11,2025-04-10 23:00:00,2025-04-11 00:00:00,bicycle,*405 F Dornbusch/Am Grünhof,100,0,0
synthetic_bikesharing,2025-04-11,2025-04-10 23:00:00,2025-04-11 00:00:00,bicycle,*405 F Dornbusch/Am Grünhof,250,0,0
synthetic_bikesharing,2025-04-11,2025-04-10 23:00:00,2025-04-11 00:00:00,bicycle,*405 F Dornbusch/Am Grünhof,350,0,0
synthetic_e_scooter,2025-04-11,2025-04-10 23:00:00,2025-04-11 00:00:00,e-scooter,*405 F Dornbusch/Am Grünhof,50,0,0
synthetic_e_scooter,2025-04-11,2025-04-10 23:00:00,2025-04-11 00:00:00,e-scooter,*405 F Dornbusch/Am Grünhof,100,0,0
synthetic_e_scooter,2025-04-11,2025-04-10 23:00:00,2025-04-11 00:00:00,e-scooter,*405 F Dornbusch/Am Grünhof,250,1,4
synthetic_e_scooter,2025-04-11,2025-04-10 23:00:00,2025-04-11 00:00:00,e-scooter,*405 F Dornbusch/Am Grünhof,350,2,4
synthetic_bikesharing,2025-04-11,2025-04-10 23:00:00,2025-04-11 00:00:00,bicycle,F Francois-Mitterrand-Platz,50,0,0
synthetic_bikesharing,2025-04-11,2025-04-10 23:00:00,2025-04-11 00:00:00,bicycle,F Francois-Mitterrand-Platz,100,0,0
synthetic_bikesharing,2025-04-11,2025-04-10 23:00:00,2025-04-11 00:00:00,bicycle,F Francois-Mitterrand-Platz,250,0,0
synthetic_bikesharing,2025-04-11,2025-04-10 23:00:00,2025-04-11 00:00:00,bicycle,F Francois-Mitterrand-Platz,350,0,0
synthetic_e_scooter,2025-04-11,2025-04-10 23:00:00,2025-04-11 00:00:00,e-scooter,F Francois-Mitterrand-Platz,50,2,0
synthetic_e_scooter,2025-04-11,2025-04-10 23:00:00,2025-04-11 00:00:00,e-scooter,F Francois-Mitterrand-Platz,100,2,2
synthetic_e_scooter,2025-04-11,2025-04-10 23:00:00,2025-04-11 00:00:00,e-scooter,F Francois-Mitterrand-Platz,250,2,6
synthetic_e_scooter,2025-04-11,2025-04-10 23:00:00,2025-04-11 00:00:00,e-scooter,F Francois-Mitterrand-Platz,350,7,6
synthetic_bikesharing,2025-04-11,2025-04-10 23:00:00,2025-04-11 00:00:00,bicycle,F Miquel-/Adickesallee,50,0,0
synthetic_bikesharing,2025-04-11,2025-04-10 23:00:00,2025-04-11 00:00:00,bicycle,F Miquel-/Adickesallee,100,0,1
synthetic_bikesharing,2025-04-11,2025-04-10 23:00:00,2025-04-11 00:00:00,bicycle,F Miquel-/Adickesallee,250,1,1
synthetic_bikesharing,2025-04-11,2025-04-10 23:00:00,2025-04-11 00:00:00,bicycle,F Miquel-/Adickesallee,350,1,1
synthetic_e_scooter,2025-04-11,2025-04-10 23:00:00,2025-04-11 00:00:00,e-scooter,F Miquel-/Adickesallee,50,0,1
synthetic_e_scooter,2025-04-11,2025-04-10 23:00:00,2025-04-11 00:00:00,e-scooter,F Miquel-/Adickesallee,100,1,2
synthetic_e_scooter,2025-04-11,2025-04-10 23:00:00,2025-04-11 00:00:00,e-scooter,F Miquel-/Adickesallee,250,2,3
synthetic_e_scooter,2025-04-11,2025-04-10 23:00:00,2025-04-11 00:00:00,e-scooter,F Miquel-/Adickesallee,350,3,3
synthetic_bikesharing,2025-04-11,2025-04-10 23:00:00,2025-04-11 00:00:00,bicycle,F Plieningerstraße,50,0,0
synthetic_bikesharing,2025-04-11,2025-04-10 23:00:00,2025-04-11 00:00:00,bicycle,F Plieningerstraße,100,0,0
synthetic_bikesharing,2025-04-11,2025-04-10 23:00:00,2025-04-11 00:00:00,bicycle,F Plieningerstraße,250,0,0
synthetic_bikesharing,2025-04-11,2025-04-10 23:00:00,2025-04-11 00:00:00,bicycle,F Plieningerstraße,350,0,0
synthetic_e_scooter,2025-04-11,2025-04-10 23:00:00,2025-04-11 00:00:00,e-scooter,F Plieningerstraße,50,0,0
synthetic_e_scooter,2025-04-11,2025-04-10 23:00:00,2025-04-11 00:00:00,e-scooter,F Plieningerstraße,100,0,0
synthetic_e_scooter,2025-04-11,2025-04-10 23:00:00,2025-04-11 00:00:00,e-scooter,F Plieningerstraße,250,2,0
synthetic_e_scooter,2025-04-11,2025-04-10 23:00:00,2025-04-11 00:00:00,e-scooter,F Plieningerstraße,350,2,0
synthetic_bikesharing,2025-04-11,2025-04-10 23:00:00,2025-04-11 00:00:00,bicycle,F Weser-/Münchener Straße,50,0,0
synthetic_bikesharing,2025-04-11,2025-04-10 23:00:00,2025-04-11 00:00:00,bicycle,F Weser-/Münchener Straße,100,0,0
synthetic_bikesharing,2025-04-11,2025-04-10 23:00:00,2025-04-11 00:00:00,bicycle,F Weser-/Münchener Straße,250,3,1
synthetic_bikesharing,2025-04-11,2025-04-10 23:00:00,2025-04-11 00:00:00,bicycle,F Weser-/Münchener Straße,350,3,1
synthetic_e_scooter,2025-04-11,2025-04-10 23:00:00,2025-04-11 00:00:00,e-scooter,F Weser-/Münchener Straße,50,0,0
synthetic_e_scooter,2025-04-11,2025-04-10 23:00:00,2025-04-11 00:00:00,e-scooter,F Weser-/Münchener Straße,100,3,0
synthetic_e_scooter,2025-04-11,2025-04-10 23:00:00,2025-04-11 00:00:00,e-scooter,F Weser-/Münchener Straße,250,10,1
synthetic_e_scooter,2025-04-11,2025-04-10 23:00:00,2025-04-11 00:00:00,e-scooter,F Weser-/Münchener Straße,350,12,2
synthetic_bikesharing,2025-04-11,2025-04-11 00:00:00,2025-04-11 01:00:00,bicycle,*405 F Dornbusch/Am Grünhof,50,0,0
synthetic_bikesharing,2025-04-11,2025-04-11 00:00:00,2025-04-11 01:00:00,bicycle,*405 F Dornbusch/Am Grünhof,100,1,0
synthetic_bikesharing,2025-04-11,2025-04-11 00:00:00,2025-04-11 01:00:00,bicycle,*405 F Dornbusch/Am Grünhof,250,1,0
synthetic_bikesharing,2025-04-11,2025-04-11 00:00:00,2025-04-11 01:00:00,bicycle,*405 F Dornbusch/Am Grünhof,350,1,0
synthetic_e_scooter,2025-04-11,2025-04-11 00:00:00,2025-04-11 01:00:00,e-scooter,*405 F Dornbusch/Am Grünhof,50,0,0
synthetic_e_scooter,2025-04-11,2025-04-11 00:00:00,2025-04-11 01:00:00,e-scooter,*405 F Dornbusch/Am Grünhof,100,1,0
synthetic_e_scooter,2025-04-11,2025-04-11 00:00:00,2025-04-11 01:00:00,e-scooter,*405 F Dornbusch/Am Grünhof,250,3,0
synthetic_e_scooter,2025-04-11,2025-04-11 00:00:00,2025-04-11 01:00:00,e-scooter,*405 F Dornbusch/Am Grünhof,350,3,1
synthetic_bikesharing,2025-04-11,2025-04-11 00:00:00,2025-04-11 01:00:00,bicycle,F Francois-Mitterrand-Platz,50,0,0
synthetic_bikesharing,2025-04-11,2025-04-11 00:00:00,2025-04-11 01:00:00,bicycle,F Francois-Mitterrand-Platz,100,0,0
synthetic_bikesharing,2025-04-11,2025-04-11 00:00:00,2025-04-11 01:00:00,bicycle,F Francois-Mitterrand-Platz,250,0,0
synthetic_bikesharing,2025-04-11,2025-04-11 00:00:00,2025-04-11 01:00:00,bicycle,F Francois-Mitterrand-Platz,350,0,0
synthetic_e_scooter,2025-04-11,2025-04-11 00:00:00,2025-04-11 01:00:00,e-scooter,F Francois-Mitterrand-Platz,50,0,0
synthetic_e_scooter,2025-04-11,2025-04-11 00:00:00,2025-04-11 01:00:00,e-scooter,F Francois-Mitterrand-Platz,100,0,0
synthetic_e_scooter,2025-04-11,2025-04-11 00:00:00,2025-04-11 01:00:00,e-scooter,F Francois-Mitterrand-Platz,250,1,2
synthetic_e_scooter,2025-04-11,2025-04-11 00:00:00,2025-04-11 01:00:00,e-scooter,F Francois-Mitterrand-Platz,350,1,4
synthetic_bikesharing,2025-04-11,2025-04-11 00:00:00,2025-04-11 01:00:00,bicycle,F Miquel-/Adickesallee,50,0,0
synthetic_bikesharing,2025-04-11,2025-04-11 00:00:00,2025-04-11 01:00:00,bicycle,F Miquel-/Adickesallee,100,0,0
synthetic_bikesharing,2025-04-11,2025-04-11 00:00:00,2025-04-11 01:00:00,bicycle,F Miquel-/Adickesallee,250,0,0
synthetic_bikesharing,2025-04-11,2025-04-11 00:00:00,2025-04-11 01:00:00,bicycle,F Miquel-/Adickesallee,350,0,0
synthetic_e_scooter,2025-04-11,2025-04-11 00:00:00,2025-04-11 01:00:00,e-scooter,F Miquel-/Adickesallee,50,1,1
synthetic_e_scooter,2025-04-11,2025-04-11 00:00:00,2025-04-11 01:00:00,e-scooter,F Miquel-/Adickesallee,100,2,3
synthetic_e_scooter,2025-04-11,2025-04-11 00:00:00,2025-04-11 01:00:00,e-scooter,F Miquel-/Adickesallee,250,4,4
synthetic_e_scooter,2025-04-11,2025-04-11 00:00:00,2025-04-11 01:00:00,e-scooter,F Miquel-/Adickesallee,350,4,4
synthetic_bikesharing,2025-04-11,2025-04-11 00:00:00,2025-04-11 01:00:00,bicycle,F Plieningerstraße,50,0,0
synthetic_bikesharing,2025-04-11,2025-04-11 00:00:00,2025-04-11 01:00:00,bicycle,F Plieningerstraße,100,1,0
synthetic_bikesharing,2025-04-11,2025-04-11 00:00:00,2025-04-11 01:00:00,bicycle,F Plieningerstraße,250,1,0
synthetic_bikesharing,2025-04-11,2025-04-11 00:00:00,2025-04-11 01:00:00,bicycle,F Plieningerstraße,350,1,0
synthetic_e_scooter,2025-04-11,2025-04-11 00:00:00,2025-04-11 01:00:00,e-scooter,F Plieningerstraße,50,0,0
synthetic_e_scooter,2025-04-11,2025-04-11 00:00:00,2025-04-11 01:00:00,e-scooter,F Plieningerstraße,100,0,0
synthetic_e_scooter,2025-04-11,2025-04-11 00:00:00,2025-04-11 01:00:00,e-scooter,F Plieningerstraße,250,0,0
synthetic_e_scooter,2025-04-11,2025-04-11 00:00:00,2025-04-11 01:00:00,e-scooter,F Plieningerstraße,350,0,0
synthetic_bikesharing,2025-04-11,2025-04-11 00:00:00,2025-04-11 01:00:00,bicycle,F Weser-/Münchener Straße,50,0,0
synthetic_bikesharing,2025-04-11,2025-04-11 00:00:00,2025-04-11 01:00:00,bicycle,F Weser-/Münchener Straße,100,0,0
synthetic_bikesharing,2025-04-11,2025-04-11 00:00:00,2025-04-11 01:00:00,bicycle,F Weser-/Münchener Straße,250,0,1
synthetic_bikesharing,2025-04-11,2025-04-11 00:00:00,2025-04-11 01:00:00,bicycle,F Weser-/Münchener Straße,350,0,1
synthetic_e_scooter,2025-04-11,2025-04-11 00:00:00,2025-04-11 01:00:00,e-scooter,F Weser-/Münchener Straße,50,2,0
synthetic_e_scooter,2025-04-11,2025-04-11 00:00:00,2025-04-11 01:00:00,e-scooter,F Weser-/Münchener Straße,100,2,3
synthetic_e_scooter,2025-04-11,2025-04-11 00:00:00,2025-04-11 01:00:00,e-scooter,F Weser-/Münchener Straße,250,5,5
synthetic_e_scooter,2025-04-11,2025-04-11 00:00:00,2025-04-11 01:00:00,e-scooter,F Weser-/Münchener Straße,350,6,5
synthetic_bikesharing,2025-04-11,2025-04-11 01:00:00,2025-04-11 02:00:00,bicycle,*405 F Dornbusch/Am Grünhof,50,0,0
synthetic_bikesharing,2025-04-11,2025-04-11 01:00:00,2025-04-11 02:00:00,bicycle,*405 F Dornbusch/Am Grünhof,100,0,0
synthetic_bikesharing,2025-04-11,2025-04-11 01:00:00,2025-04-11 02:00:00,bicycle,*405 F Dornbusch/Am Grünhof,250,0,0
synthetic_bikesharing,2025-04-11,2025-04-11 01:00:00,2025-04-11 02:00:00,bicycle,*405 F Dornbusch/Am Grünhof,350,0,0
synthetic_e_scooter,2025-04-11,2025-04-11 01:00:00,2025-04-11 02:00:00,e-scooter,*405 F Dornbusch/Am Grünhof,50,0,0
synthetic_e_scooter,2025-04-11,2025-04-11 01:00:00,2025-04-11 02:00:00,e-scooter,*405 F Dornbusch/Am Grünhof,100,0,0
synthetic_e_scooter,2025-04-11,2025-04-11 01:00:00,2025-04-11 02:00:00,e-scooter,*405 F Dornbusch/Am Grünhof,250,1,1
synthetic_e_scooter,2025-04-11,2025-04-11 01:00:00,2025-04-11 02:00:00,e-scooter,*405 F Dornbusch/Am Grünhof,350,1,1
synthetic_bikesharing,2025-04-11,2025-04-11 01:00:00,2025-04-11 02:00:00,bicycle,F Francois-Mitterrand-Platz,50,0,0
synthetic_bikesharing,2025-04-11,2025-04-11 01:00:00,2025-04-11 02:00:00,bicycle,F Francois-Mitterrand-Platz,100,0,0
synthetic_bikesharing,2025-04-11,2025-04-11 01:00:00,2025-04-11 02:00:00,bicycle,F Francois-Mitterrand-Platz,250,0,1
synthetic_bikesharing,2025-04-11,2025-04-11 01:00:00,2025-04-11 02:00:00,bicycle,F Francois-Mitterrand-Platz,350,0,1
synthetic_e_scooter,2025-04-11,2025-04-11 01:00:00,2025-04-11 02:00:00,e-scooter,F Francois-Mitterrand-Platz,50,1,0
synthetic_e_scooter,2025-04-11,2025-04-11 01:00:00,2025-04-11 02:00:00,e-scooter,F Francois-Mitterrand-Platz,100,1,0
synthetic_e_scooter,2025-04-11,2025-04-11 01:00:00,2025-04-11 02:00:00,e-scooter,F Francois-Mitterrand-Platz,250,1,1
synthetic_e_scooter,2025-04-11,2025-04-11 01:00:00,2025-04-11 02:00:00,e-scooter,F Francois-Mitterrand-Platz,350,1,1
synthetic_bikesharing,2025-04-11,2025-04-11 01:00:00,2025-04-11 02:00:00,bicycle,F Miquel-/Adickesallee,50,0,0
synthetic_bikesharing,2025-04-11,2025-04-11 01:00:00,2025-04-11 02:00:00,bicycle,F Miquel-/Adickesallee,100,0,0
synthetic_bikesharing,2025-04-11,2025-04-11 01:00:00,2025-04-11 02:00:00,bicycle,F Miquel-/Adickesallee,250,1,2
synthetic_bikesharing,2025-04-11,2025-04-11 01:00:00,2025-04-11 02:00:00,bicycle,F Miquel-/Adickesallee,350,2,2
synthetic_e_scooter,2025-04-11,2025-04-11 01:00:00,2025-04-11 02:00:00,e-scooter,F Miquel-/Adickesallee,50,0,0
synthetic_e_scooter,2025-04-11,2025-04-11 01:00:00,2025-04-11 02:00:00,e-scooter,F Miquel-/Adickesallee,100,0,1
synthetic_e_scooter,2025-04-11,2025-04-11 01:00:00,2025-04-11 02:00:00,e-scooter,F Miquel-/Adickesallee,250,0,2
synthetic_e_scooter,2025-04-11,2025-04-11 01:00:00,2025-04-11 02:00:00,e-scooter,F Miquel-/Adickesallee,350,2,3
synthetic_bikesharing,2025-04-11,2025-04-11 01:00:00,2025-04-11 02:00:00,bicycle,F Plieningerstraße,50,0,0
synthetic_bikesharing,2025-04-11,2025-04-11 01:00:00,2025-04-11 02:00:00,bicycle,F Plieningerstraße,100,0,0
synthetic_bikesharing,2025-04-11,2025-04-11 01:00:00,2025-04-11 02:00:00,bicycle,F Plieningerstraße,250,0,0
synthetic_bikesharing,2025-04-11,2025-04-11 01:00:00,2025-04-11 02:00:00,bicycle,F Plieningerstraße,350,0,0
synthetic_e_scooter,2025-04-11,2025-04-11 01:00:00,2025-04-11 02:00:00,e-scooter,F Plieningerstraße,50,0,0
synthetic_e_scooter,2025-04-11,2025-04-11 01:00:00,2025-04-11 02:00:00,e-scooter,F Plieningerstraße,100,0,0
synthetic_e_scooter,2025-04-11,2025-04-11 01:00:00,2025-04-11 02:00:00,e-scooter,F Plieningerstraße,250,1,0
synthetic_e_scooter,2025-04-11,2025-04-11 01:00:00,2025-04-11 02:00:00,e-scooter,F Plieningerstraße,350,1,0
synthetic_bikesharing,2025-04-11,2025-04-11 01:00:00,2025-04-11 02:00:00,bicycle,F Weser-/Münchener Straße,50,0,0
synthetic_bikesharing,2025-04-11,2025-04-11 01:00:00,2025-04-11 02:00:00,bicycle,F Weser-/Münchener Straße,100,0,0
synthetic_bikesharing,2025-04-11,2025-04-11 01:00:00,2025-04-11 02:00:00,bicycle,F Weser-/Münchener Straße,250,0,0
synthetic_bikesharing,2025-04-11,2025-04-11 01:00:00,2025-04-11 02:00:00,bicycle,F Weser-/Münchener Straße,350,0,0
synthetic_e_scooter,2025-04-11,2025-04-11 01:00:00,2025-04-11 02:00:00,e-scooter,F Weser-/Münchener Straße,50,0,1
synthetic_e_scooter,2025-04-11,2025-04-11 01:00:00,2025-04-11 02:00:00,e-scooter,F Weser-/Münchener Straße,100,0,1
synthetic_e_scooter,2025-04-11,2025-04-11 01:00:00,2025-04-11 02:00:00,e-scooter,F Weser-/Münchener Straße,250,0,1
synthetic_e_scooter,2025-04-11,2025-04-11 01:00:00,2025-04-11 02:00:00,e-scooter,F Weser-/Münchener Straße,350,1,2
synthetic_bikesharing,2025-04-11,2025-04-11 02:00:00,2025-04-11 03:00:00,bicycle,*405 F Dornbusch/Am Grünhof,50,0,0
synthetic_bikesharing,2025-04-11,2025-04-11 02:00:00,2025-04-11 03:00:00,bicycle,*405 F Dornbusch/Am Grünhof,100,0,0
synthetic_bikesharing,2025-04-11,2025-04-11 02:00:00,2025-04-11 03:00:00,bicycle,*405 F Dornbusch/Am Grünhof,250,0,0
synthetic_bikesharing,2025-04-11,2025-04-11 02:00:00,2025-04-11 03:00:00,bicycle,*405 F Dornbusch/Am Grünhof,350,0,0
synthetic_e_scooter,2025-04-11,2025-04-11 02:00:00,2025-04-11 03:00:00,e-scooter,*405 F Dornbusch/Am Grünhof,50,0,0
synthetic_e_scooter,2025-04-11,2025-04-11 02:00:00,2025-04-11 03:00:00,e-scooter,*405 F Dornbusch/Am Grünhof,100,0,0
synthetic_e_scooter,2025-04-11,2025-04-11 02:00:00,2025-04-11 03:00:00,e-scooter,*405 F Dornbusch/Am Grünhof,250,0,0
synthetic_e_scooter,2025-04-11,2025-04-11 02:00:00,2025-04-11 03:00:00,e-scooter,*405 F Dornbusch/Am Grünhof,350,0,1
synthetic_bikesharing,2025-04-11,2025-04-11 02:00:00,2025-04-11 03:00:00,bicycle,F Francois-Mitterrand-Platz,50,0,0
synthetic_bikesharing,2025-04-11,2025-04-11 02:00:00,2025-04-11 03:00:00,bicycle,F Francois-Mitterrand-Platz,100,0,0
synthetic_bikesharing,2025-04-11,2025-04-11 02:00:00,2025-04-11 03:00:00,bicycle,F Francois-Mitterrand-Platz,250,0,1
synthetic_bikesharing,2025-04-11,2025-04-11 02:00:00,2025-04-11 03:00:00,bicycle,F Francois-Mitterrand-Platz,350,1,1
synthetic_e_scooter,2025-04-11,2025-04-11 02:00:00,2025-04-11 03:00:00,e-scooter,F Francois-Mitterrand-Platz,50,0,0
synthetic_e_scooter,2025-04-11,2025-04-11 02:00:00,2025-04-11 03:00:00,e-scooter,F Francois-Mitterrand-Platz,100,0,1
synthetic_e_scooter,2025-04-11,2025-04-11 02:00:00,2025-04-11 03:00:00,e-scooter,F Francois-Mitterrand-Platz,250,0,1
synthetic_e_scooter,2025-04-11,2025-04-11 02:00:00,2025-04-11 03:00:00,e-scooter,F Francois-Mitterrand-Platz,350,1,3
synthetic_bikesharing,2025-04-11,2025-04-11 02:00:00,2025-04-11 03:00:00,bicycle,F Miquel-/Adickesallee,50,0,0
synthetic_bikesharing,2025-04-11,2025-04-11 02:00:00,2025-04-11 03:00:00,bicycle,F Miquel-/Adickesallee,100,0,0
synthetic_bikesharing,2025-04-11,2025-04-11 02:00:00,2025-04-11 03:00:00,bicycle,F Miquel-/Adickesallee,250,0,0
synthetic_bikesharing,2025-04-11,2025-04-11 02:00:00,2025-04-11 03:00:00,bicycle,F Miquel-/Adickesallee,350,1,0
synthetic_e_scooter,2025-04-11,2025-04-11 02:00:00,2025-04-11 03:00:00,e-scooter,F Miquel-/Adickesallee,50,1,0
synthetic_e_scooter,2025-04-11,2025-04-11 02:00:00,2025-04-11 03:00:00,e-scooter,F Miquel-/Adickesallee,100,1,1
synthetic_e_scooter,2025-04-11,2025-04-11 02:00:00,2025-04-11 03:00:00,e-scooter,F Miquel-/Adickesallee,250,2,2
synthetic_e_scooter,2025-04-11,2025-04-11 02:00:00,2025-04-11 03:00:00,e-scooter,F Miquel-/Adickesallee,350,2,4
synthetic_bikesharing,2025-04-11,2025-04-11 02:00:00,2025-04-11 03:00:00,bicycle,F Plieningerstraße,50,0,0
synthetic_bikesharing,2025-04-11,2025-04-11 02:00:00,2025-04-11 03:00:00,bicycle,F Plieningerstraße,100,0,0
synthetic_bikesharing,2025-04-11,2025-04-11 02:00:00,2025-04-11 03:00:00,bicycle,F Plieningerstraße,250,0,0
synthetic_bikesharing,2025-04-11,2025-04-11 02:00:00,2025-04-11 03:00:00,bicycle,F Plieningerstraße,350,0,0
synthetic_e_scooter,2025-04-11,2025-04-11 02:00:00,2025-04-11 03:00:00,e-scooter,F Plieningerstraße,50,0,0
synthetic_e_scooter,2025-04-11,2025-04-11 02:00:00,2025-04-11 03:00:00,e-scooter,F Plieningerstraße,100,0,0
synthetic_e_scooter,2025-04-11,2025-04-11 02:00:00,2025-04-11 03:00:00,e-scooter,F Plieningerstraße,250,0,1
synthetic_e_scooter,2025-04-11,2025-04-11 02:00:00,2025-04-11 03:00:00,e-scooter,F Plieningerstraße,350,0,1
synthetic_bikesharing,2025-04-11,2025-04-11 02:00:00,2025-04-11 03:00:00,bicycle,F Weser-/Münchener Straße,50,0,0
synthetic_bikesharing,2025-04-11,2025-04-11 02:00:00,2025-04-11 03:00:00,bicycle,F Weser-/Münchener Straße,100,0,0
synthetic_bikesharing,2025-04-11,2025-04-11 02:00:00,2025-04-11 03:00:00,bicycle,F Weser-/Münchener Straße,250,0,1
synthetic_bikesharing,2025-04-11,2025-04-11 02:00:00,2025-04-11 03:00:00,bicycle,F Weser-/Münchener Straße,350,0,1
synthetic_e_scooter,2025-04-11,2025-04-11 02:00:00,2025-04-11 03:00:00,e-scooter,F Weser-/Münchener Straße,50,0,0
synthetic_e_scooter,2025-04-11,2025-04-11 02:00:00,2025-04-11 03:00:00,e-scooter,F Weser-/Münchener Straße,100,2,0
synthetic_e_scooter,2025-04-11,2025-04-11 02:00:00,2025-04-11 03:00:00,e-scooter,F Weser-/Münchener Straße,250,2,0
synthetic_e_scooter,2025-04-11,2025-04-11 02:00:00,2025-04-11 03:00:00,e-scooter,F Weser-/Münchener Straße,350,2,0
synthetic_bikesharing,2025-04-11,2025-04-11 03:00:00,2025-04-11 04:00:00,bicycle,*405 F Dornbusch/Am Grünhof,50,0,0
synthetic_bikesharing,2025-04-11,2025-04-11 03:00:00,2025-04-11 04:00:00,bicycle,*405 F Dornbusch/Am Grünhof,100,0,0
synthetic_bikesharing,2025-04-11,2025-04-11 03:00:00,2025-04-11 04:00:00,bicycle,*405 F Dornbusch/Am Grünhof,250,0,1
synthetic_bikesharing,2025-04-11,2025-04-11 03:00:00,2025-04-11 04:00:00,bicycle,*405 F Dornbusch/Am Grünhof,350,0,1
synthetic_e_scooter,2025-04-11,2025-04-11 03:00:00,2025-04-11 04:00:00,e-scooter,*405 F Dornbusch/Am Grünhof,50,0,0
synthetic_e_scooter,2025-04-11,2025-04-11 03:00:00,2025-04-11 04:00:00,e-scooter,*405 F Dornbusch/Am Grünhof,100,0,0
synthetic_e_scooter,2025-04-11,2025-04-11 03:00:00,2025-04-11 04:00:00,e-scooter,*405 F Dornbusch/Am Grünhof,250,0,0
synthetic_e_scooter,2025-04-11,2025-04-11 03:00:00,2025-04-11 04:00:00,e-scooter,*405 F Dornbusch/Am Grünhof,350,0,1
synthetic_bikesharing,2025-04-11,2025-04-11 03:00:00,2025-04-11 04:00:00,bicycle,F Francois-Mitterrand-Platz,50,0,0
synthetic_bikesharing,2025-04-11,2025-04-11 03:00:00,2025-04-11 04:00:00,bicycle,F Francois-Mitterrand-Platz,100,0,0
synthetic_bikesharing,2025-04-11,2025-04-11 03:00:00,2025-04-11 04:00:00,bicycle,F Francois-Mitterrand-Platz,250,0,0
synthetic_bikesharing,2025-04-11,2025-04-11 03:00:00,2025-04-11 04:00:00,bicycle,F Francois-Mitterrand-Platz,350,0,0
synthetic_e_scooter,2025-04-11,2025-04-11 03:00:00,2025-04-11 04:00:00,e-scooter,F Francois-Mitterrand-Platz,50,0,0
synthetic_e_scooter,2025-04-11,2025-04-11 03:00:00,2025-04-11 04:00:00,e-scooter,F Francois-Mitterrand-Platz,100,0,0
synthetic_e_scooter,2025-04-11,2025-04-11 03:00:00,2025-04-11 04:00:00,e-scooter,F Francois-Mitterrand-Platz,250,0,0
synthetic_e_scooter,2025-04-11,2025-04-11 03:00:00,2025-04-11 04:00:00,e-scooter,F Francois-Mitterrand-Platz,350,0,0
synthetic_bikesharing,2025-04-11,2025-04-11 03:00:00,2025-04-11 04:00:00,bicycle,F Miquel-/Adickesallee,50,0,0
synthetic_bikesharing,2025-04-11,2025-04-11 03:00:00,2025-04-11 04:00:00,bicycle,F Miquel-/Adickesallee,100,0,0
synthetic_bikesharing,2025-04-11,2025-04-11 03:00:00,2025-04-11 04:00:00,bicycle,F Miquel-/Adickesallee,250,0,1
synthetic_bikesharing,2025-04-11,2025-04-11 03:00:00,2025-04-11 04:00:00,bicycle,F Miquel-/Adickesallee,350,0,1
synthetic_e_scooter,2025-04-11,2025-04-11 03:00:00,2025-04-11 04:00:00,e-scooter,F Miquel-/Adickesallee,50,0,0
synthetic_e_scooter,2025-04-11,2025-04-11 03:00:00,2025-04-11 04:00:00,e-scooter,F Miquel-/Adickesallee,100,0,0
synthetic_e_scooter,2025-04-11,2025-04-11 03:00:00,2025-04-11 04:00:00,e-scooter,F Miquel-/Adickesallee,250,0,0
synthetic_e_scooter,2025-04-11,2025-04-11 03:00:00,2025-04-11 04:00:00,e-scooter,F Miquel-/Adickesallee,350,0,0
synthetic_bikesharing,2025-04-11,2025-04-11 03:00:00,2025-04-11 04:00:00,bicycle,F Plieningerstraße,50,0,0
synthetic_bikesharing,2025-04-11,2025-04-11 03:00:00,2025-04-11 04:00:00,bicycle,F Plieningerstraße,100,0,0
synthetic_bikesharing,2025-04-11,2025-04-11 03:00:00,2025-04-11 04:00:00,bicycle,F Plieningerstraße,250,0,0
synthetic_bikesharing,2025-04-11,2025-04-11 03:00:00,2025-04-11 04:00:00,bicycle,F Plieningerstraße,350,0,0
synthetic_e_scooter,2025-04-11,2025-04-11 03:00:00,2025-04-11 04:00:00,e-scooter,F Plieningerstraße,50,0,0
synthetic_e_scooter,2025-04-11,2025-04-11 03:00:00,2025-04-11 04:00:00,e-scooter,F Plieningerstraße,100,0,0
synthetic_e_scooter,2025-04-11,2025-04-11 03:00:00,2025-04-11 04:00:00,e-scooter,F Plieningerstraße,250,0,0
synthetic_e_scooter,2025-04-11,2025-04-11 03:00:00,2025-04-11 04:00:00,e-scooter,F Plieningerstraße,350,0,0
synthetic_bikesharing,2025-04-11,2025-04-11 03:00:00,2025-04-11 04:00:00,bicycle,F Weser-/Münchener Straße,50,0,0
synthetic_bikesharing,2025-04-11,2025-04-11 03:00:00,2025-04-11 04:00:00,bicycle,F Weser-/Münchener Straße,100,0,0
synthetic_bikesharing,2025-04-11,2025-04-11 03:00:00,2025-04-11 04:00:00,bicycle,F Weser-/Münchener Straße,250,0,0
synthetic_bikesharing,2025-04-11,2025-04-11 03:00:00,2025-04-11 04:00:00,bicycle,F Weser-/Münchener Straße,350,0,0
synthetic_e_scooter,2025-04-11,2025-04-11 03:00:00,2025-04-11 04:00:00,e-scooter,F Weser-/Münchener Straße,50,1,1
synthetic_e_scooter,2025-04-11,2025-04-11 03:00:00,2025-04-11 04:00:00,e-scooter,F Weser-/Münchener Straße,100,1,1
synthetic_e_scooter,2025-04-11,2025-04-11 03:00:00,2025-04-11 04:00:00,e-scooter,F Weser-/Münchener Straße,250,2,2
synthetic_e_scooter,2025-04-11,2025-04-11 03:00:00,2025-04-11 04:00:00,e-scooter,F Weser-/Münchener Straße,350,2,2
synthetic_bikesharing,2025-04-11,2025-04-11 04:00:00,2025-04-11 05:00:00,bicycle,*405 F Dornbusch/Am Grünhof,50,0,0
synthetic_bikesharing,2025-04-11,2025-04-11 04:00:00,2025-04-11 05:00:00,bicycle,*405 F Dornbusch/Am Grünhof,100,1,0
synthetic_bikesharing,2025-04-11,2025-04-11 04:00:00,2025-04-11 05:00:00,bicycle,*405 F Dornbusch/Am Grünhof,250,1,0
synthetic_bikesharing,2025-04-11,2025-04-11 04:00:00,2025-04-11 05:00:00,bicycle,*405 F Dornbusch/Am Grünhof,350,1,0
synthetic_e_scooter,2025-04-11,2025-04-11 04:00:00,2025-04-11 05:00:00,e-scooter,*405 F Dornbusch/Am Grünhof,50,0,0
synthetic_e_scooter,2025-04-11,2025-04-11 04:00:00,2025-04-11 05:00:00,e-scooter,*405 F Dornbusch/Am Grünhof,100,0,0
synthetic_e_scooter,2025-04-11,2025-04-11 04:00:00,2025-04-11 05:00:00,e-scooter,*405 F Dornbusch/Am Grünhof,250,0,1
synthetic_e_scooter,2025-04-11,2025-04-11 04:00:00,2025-04-11 05:00:00,e-scooter,*405 F Dornbusch/Am Grünhof,350,0,1
synthetic_bikesharing,2025-04-11,2025-04-11 04:00:00,2025-04-11 05:00:00,bicycle,F Francois-Mitterrand-Platz,50,1,0
synthetic_bikesharing,2025-04-11,2025-04-11 04:00:00,2025-04-11 05:00:00,bicycle,F Francois-Mitterrand-Platz,100,1,1
synthetic_bikesharing,2025-04-11,2025-04-11 04:00:00,2025-04-11 05:00:00,bicycle,F Francois-Mitterrand-Platz,250,1,1
synthetic_bikesharing,2025-04-11,2025-04-11 04:00:00,2025-04-11 05:00:00,bicycle,F Francois-Mitterrand-Platz,350,1,1
synthetic_e_scooter,2025-04-11,2025-04-11 04:00:00,2025-04-11 05:00:00,e-scooter,F Francois-Mitterrand-Platz,50,0,0
synthetic_e_scooter,2025-04-11,2025-04-11 04:00:00,2025-04-11 05:00:00,e-scooter,F Francois-Mitterrand-Platz,100,0,0
synthetic_e_scooter,2025-04-11,2025-04-11 04:00:00,2025-04-11 05:00:00,e-scooter,F Francois-Mitterrand-Platz,250,0,0
synthetic_e_scooter,2025-04-11,2025-04-11 04:00:00,2025-04-11 05:00:00,e-scooter,F Francois-Mitterrand-Platz,350,0,0
synthetic_bikesharing,2025-04-11,2025-04-11 04:00:00,2025-04-11 05:00:00,bicycle,F Miquel-/Adickesallee,50,0,0
synthetic_bikesharing,2025-04-11,2025-04-11 04:00:00,2025-04-11 05:00:00,bicycle,F Miquel-/Adickesallee,100,0,0
synthetic_bikesharing,2025-04-11,2025-04-11 04:00:00,2025-04-11 05:00:00,bicycle,F Miquel-/Adickesallee,250,0,0
synthetic_bikesharing,2025-04-11,2025-04-11 04:00:00,2025-04-11 05:00:00,bicycle,F Miquel-/Adickesallee,350,0,0
synthetic_e_scooter,2025-04-11,2025-04-11 04:00:00,2025-04-11 05:00:00,e-scooter,F Miquel-/Adickesallee,50,0,0
synthetic_e_scooter,2025-04-11,2025-04-11 04:00:00,2025-04-11 05:00:00,e-scooter,F Miquel-/Adickesallee,100,0,0
synthetic_e_scooter,2025-04-11,2025-04-11 04:00:00,2025-04-11 05:00:00,e-scooter,F Miquel-/Adickesallee,250,0,0
synthetic_e_scooter,2025-04-11,2025-04-11 04:00:00,2025-04-11 05:00:00,e-scooter,F Miquel-/Adickesallee,350,0,0
synthetic_bikesharing,2025-04-11,2025-04-11 04:00:00,2025-04-11 05:00:00,bicycle,F Plieningerstraße,50,0,0
synthetic_bikesharing,2025-04-11,2025-04-11 04:00:00,2025-04-11 05:00:00,bicycle,F Plieningerstraße,100,0,0
synthetic_bikesharing,2025-04-11,2025-04-11 04:00:00,2025-04-11 05:00:00,bicycle,F Plieningerstraße,250,0,0
synthetic_bikesharing,2025-04-11,2025-04-11 04:00:00,2025-04-11 05:00:00,bicycle,F Plieningerstraße,350,0,0
synthetic_e_scooter,2025-04-11,2025-04-11 04:00:00,2025-04-11 05:00:00,e-scooter,F Plieningerstraße,50,0,0
synthetic_e_scooter,2025-04-11,2025-04-11 04:00:00,2025-04-11 05:00:00,e-scooter,F Plieningerstraße,100,0,0
synthetic_e_scooter,2025-04-11,2025-04-11 04:00:00,2025-04-11 05:00:00,e-scooter,F Plieningerstraße,250,0,0
synthetic_e_scooter,2025-04-11,2025-04-11 04:00:00,2025-04-11 05:00:00,e-scooter,F Plieningerstraße,350,0,0
synthetic_bikesharing,2025-04-11,2025-04-11 04:00:00,2025-04-11 05:00:00,bicycle,F Weser-/Münchener Straße,50,0,0
synthetic_bikesharing,2025-04-11,2025-04-11 04:00:00,2025-04-11 05:00:00,bicycle,F Weser-/Münchener Straße,100,0,0
synthetic_bikesharing,2025-04-11,2025-04-11 04:00:00,2025-04-11 05:00:00,bicycle,F Weser-/Münchener Straße,250,0,0
synthetic_bikesharing,2025-04-11,2025-04-11 04:00:00,2025-04-11 05:00:00,bicycle,F Weser-/Münchener Straße,350,1,0
synthetic_e_scooter,2025-04-11,2025-04-11 04:00:00,2025-04-11 05:00:00,e-scooter,F Weser-/Münchener Straße,50,0,0
synthetic_e_scooter,2025-04-11,2025-04-11 04:00:00,2025-04-11 05:00:00,e-scooter,F Weser-/Münchener Straße,100,0,0
synthetic_e_scooter,2025-04-11,2025-04-11 04:00:00,2025-04-11 05:00:00,e-scooter,F Weser-/Münchener Straße,250,0,0
synthetic_e_scooter,2025-04-11,2025-04-11 04:00:00,2025-04-11 05:00:00,e-scooter,F Weser-/Münchener Straße,350,0,0
synthetic_bikesharing,2025-04-11,2025-04-11 05:00:00,2025-04-11 06:00:00,bicycle,*405 F Dornbusch/Am Grünhof,50,1,0
synthetic_bikesharing,2025-04-11,2025-04-11 05:00:00,2025-04-11 06:00:00,bicycle,*405 F Dornbusch/Am Grünhof,100,1,1
synthetic_bikesharing,2025-04-11,2025-04-11 05:00:00,2025-04-11 06:00:00,bicycle,*405 F Dornbusch/Am Grünhof,250,1,1
synthetic_bikesharing,2025-04-11,2025-04-11 05:00:00,2025-04-11 06:00:00,bicycle,*405 F Dornbusch/Am Grünhof,350,1,1
synthetic_e_scooter,2025-04-11,2025-04-11 05:00:00,2025-04-11 06:00:00,e-scooter,*405 F Dornbusch/Am Grünhof,50,0,0
synthetic_e_scooter,2025-04-11,2025-04-11 05:00:00,2025-04-11 06:00:00,e-scooter,*405 F Dornbusch/Am Grünhof,100,0,0
synthetic_e_scooter,2025-04-11,2025-04-11 05:00:00,2025-04-11 06:00:00,e-scooter,*405 F Dornbusch/Am Grünhof,250,0,0
synthetic_e_scooter,2025-04-11,2025-04-11 05:00:00,2025-04-11 06:00:00,e-scooter,*405 F Dornbusch/Am Grünhof,350,0,0
synthetic_bikesharing,2025-04-11,2025-04-11 05:00:00,2025-04-11 06:00:00,bicycle,F Francois-Mitterrand-Platz,50,0,0
synthetic_bikesharing,2025-04-11,2025-04-11 05:00:00,2025-04-11 06:00:00,bicycle,F Francois-Mitterrand-Platz,100,0,0
synthetic_bikesharing,2025-04-11,2025-04-11 05:00:00,2025-04-11 06:00:00,bicycle,F Francois-Mitterrand-Platz,250,1,1
synthetic_bikesharing,2025-04-11,2025-04-11 05:00:00,2025-04-11 06:00:00,bicycle,F Francois-Mitterrand-Platz,350,1,2
synthetic_e_scooter,2025-04-11,2025-04-11 05:00:00,2025-04-11 06:00:00,e-scooter,F Francois-Mitterrand-Platz,50,0,0
synthetic_e_scooter,2025-04-11,2025-04-11 05:00:00,2025-04-11 06:00:00,e-scooter,F Francois-Mitterrand-Platz,100,0,0
synthetic_e_scooter,2025-04-11,2025-04-11 05:00:00,2025-04-11 06:00:00,e-scooter,F Francois-Mitterrand-Platz,250,0,0
synthetic_e_scooter,2025-04-11,2025-04-11 05:00:00,2025-04-11 06:00:00,e-scooter,F Francois-Mitterrand-Platz,350,1,0
synthetic_bikesharing,2025-04-11,2025-04-11 05:00:00,2025-04-11 06:00:00,bicycle,F Miquel-/Adickesallee,50,0,0
synthetic_bikesharing,2025-04-11,2025-04-11 05:00:00,2025-04-11 06:00:00,bicycle,F Miquel-/Adickesallee,100,0,0
synthetic_bikesharing,2025-04-11,2025-04-11 05:00:00,2025-04-11 06:00:00,bicycle,F Miquel-/Adickesallee,250,1,0
synthetic_bikesharing,2025-04-11,2025-04-11 05:00:00,2025-04-11 06:00:00,bicycle,F Miquel-/Adickesallee,350,3,0
synthetic_e_scooter,2025-04-11,2025-04-11 05:00:00,2025-04-11 06:00:00,e-scooter,F Miquel-/Adickesallee,50,0,0
synthetic_e_scooter,2025-04-11,2025-04-11 05:00:00,2025-04-11 06:00:00,e-scooter,F Miquel-/Adickesallee,100,1,0
synthetic_e_scooter,2025-04-11,2025-04-11 05:00:00,2025-04-11 06:00:00,e-scooter,F Miquel-/Adickesallee,250,1,0
synthetic_e_scooter,2025-04-11,2025-04-11 05:00:00,2025-04-11 06:00:00,e-scooter,F Miquel-/Adickesallee,350,1,0
synthetic_bikesharing,2025-04-11,2025-04-11 05:00:00,2025-04-11 06:00:00,bicycle,F Plieningerstraße,50,0,0
synthetic_bikesharing,2025-04-11,2025-04-11 05:00:00,2025-04-11 06:00:00,bicycle,F Plieningerstraße,100,0,1
synthetic_bikesharing,2025-04-11,2025-04-11 05:00:00,2025-04-11 06:00:00,bicycle,F Plieningerstraße,250,0,1
synthetic_bikesharing,2025-04-11,2025-04-11 05:00:00,2025-04-11 06:00:00,bicycle,F Plieningerstraße,350,0,1
synthetic_e_scooter,2025-04-11,2025-04-11 05:00:00,2025-04-11 06:00:00,e-scooter,F Plieningerstraße,50,0,0
synthetic_e_scooter,2025-04-11,2025-04-11 05:00:00,2025-04-11 06:00:00,e-scooter,F Plieningerstraße,100,0,0
synthetic_e_scooter,2025-04-11,2025-04-11 05:00:00,2025-04-11 06:00:00,e-scooter,F Plieningerstraße,250,0,0
synthetic_e_scooter,2025-04-11,2025-04-11 05:00:00,2025-04-11 06:00:00,e-scooter,F Plieningerstraße,350,1,0
synthetic_bikesharing,2025-04-11,2025-04-11 05:00:00,2025-04-11 06:00:00,bicycle,F Weser-/Münchener Straße,50,0,0
synthetic_bikesharing,2025-04-11,2025-04-11 05:00:00,2025-04-11 06:00:00,bicycle,F Weser-/Münchener Straße,100,0,0
synthetic_bikesharing,2025-04-11,2025-04-11 05:00:00,2025-04-11 06:00:00,bicycle,F Weser-/Münchener Straße,250,0,1
synthetic_bikesharing,2025-04-11,2025-04-11 05:00:00,2025-04-11 06:00:00,bicycle,F Weser-/Münchener Straße,350,0,2
synthetic_e_scooter,2025-04-11,2025-04-11 05:00:00,2025-04-11 06:00:00,e-scooter,F Weser-/Münchener Straße,50,0,1
synthetic_e_scooter,2025-04-11,2025-04-11 05:00:00,2025-04-11 06:00:00,e-scooter,F Weser-/Münchener Straße,100,0,1
synthetic_e_scooter,2025-04-11,2025-04-11 05:00:00,2025-04-11 06:00:00,e-scooter,F Weser-/Münchener Straße,250,0,1
synthetic_e_scooter,2025-04-11,2025-04-11 05:00:00,2025-04-11 06:00:00,e-scooter,F Weser-/Münchener Straße,350,1,1
synthetic_bikesharing,2025-04-11,2025-04-11 06:00:00,2025-04-11 07:00:00,bicycle,*405 F Dornbusch/Am Grünhof,50,0,0
synthetic_bikesharing,2025-04-11,2025-04-11 06:00:00,2025-04-11 07:00:00,bicycle,*405 F Dornbusch/Am Grünhof,100,1,0
synthetic_bikesharing,2025-04-11,2025-04-11 06:00:00,2025-04-11 07:00:00,bicycle,*405 F Dornbusch/Am Grünhof,250,3,1
synthetic_bikesharing,2025-04-11,2025-04-11 06:00:00,2025-04-11 07:00:00,bicycle,*405 F Dornbusch/Am Grünhof,350,4,1
synthetic_e_scooter,2025-04-11,2025-04-11 06:00:00,2025-04-11 07:00:00,e-scooter,*405 F Dornbusch/Am Grünhof,50,0,0
synthetic_e_scooter,2025-04-11,2025-04-11 06:00:00,2025-04-11 07:00:00,e-scooter,*405 F Dornbusch/Am Grünhof,100,0,0
synthetic_e_scooter,2025-04-11,2025-04-11 06:00:00,2025-04-11 07:00:00,e-scooter,*405 F Dornbusch/Am Grünhof,250,1,0
synthetic_e_scooter,2025-04-11,2025-04-11 06:00:00,2025-04-11 07:00:00,e-scooter,*405 F Dornbusch/Am Grünhof,350,1,1
synthetic_bikesharing,2025-04-11,2025-04-11 06:00:00,2025-04-11 07:00:00,bicycle,F Francois-Mitterrand-Platz,50,0,0
synthetic_bikesharing,2025-04-11,2025-04-11 06:00:00,2025-04-11 07:00:00,bicycle,F Francois-Mitterrand-Platz,100,1,0
synthetic_bikesharing,2025-04-11,2025-04-11 06:00:00,2025-04-11 07:00:00,bicycle,F Francois-Mitterrand-Platz,250,2,4
synthetic_bikesharing,2025-04-11,2025-04-11 06:00:00,2025-04-11 07:00:00,bicycle,F Francois-Mitterrand-Platz,350,2,4
synthetic_e_scooter,2025-04-11,2025-04-11 06:00:00,2025-04-11 07:00:00,e-scooter,F Francois-Mitterrand-Platz,50,0,0
synthetic_e_scooter,2025-04-11,2025-04-11 06:00:00,2025-04-11 07:00:00,e-scooter,F Francois-Mitterrand-Platz,100,0,0
synthetic_e_scooter,2025-04-11,2025-04-11 06:00:00,2025-04-11 07:00:00,e-scooter,F Francois-Mitterrand-Platz,250,0,0
synthetic_e_scooter,2025-04-11,2025-04-11 06:00:00,2025-04-11 07:00:00,e-scooter,F Francois-Mitterrand-Platz,350,1,0
synthetic_bikesharing,2025-04-11,2025-04-11 06:00:00,2025-04-11 07:00:00,bicycle,F Miquel-/Adickesallee,50,0,4
synthetic_bikesharing,2025-04-11,2025-04-11 06:00:00,2025-04-11 07:00:00,bicycle,F Miquel-/Adickesallee,100,1,4
synthetic_bikesharing,2025-04-11,2025-04-11 06:00:00,2025-04-11 07:00:00,bicycle,F Miquel-/Adickesallee,250,1,5
synthetic_bikesharing,2025-04-11,2025-04-11 06:00:00,2025-04-11 07:00:00,bicycle,F Miquel-/Adickesallee,350,1,6
synthetic_e_scooter,2025-04-11,2025-04-11 06:00:00,2025-04-11 07:00:00,e-scooter,F Miquel-/Adickesallee,50,2,1
synthetic_e_scooter,2025-04-11,2025-04-11 06:00:00,2025-04-11 07:00:00,e-scooter,F Miquel-/Adickesallee,100,4,3
synthetic_e_scooter,2025-04-11,2025-04-11 06:00:00,2025-04-11 07:00:00,e-scooter,F Miquel-/Adickesallee,250,4,4
synthetic_e_scooter,2025-04-11,2025-04-11 06:00:00,2025-04-11 07:00:00,e-scooter,F Miquel-/Adickesallee,350,4,5
synthetic_bikesharing,2025-04-11,2025-04-11 06:00:00,2025-04-11 07:00:00,bicycle,F Plieningerstraße,50,0,2
synthetic_bikesharing,2025-04-11,2025-04-11 06:00:00,2025-04-11 07:00:00,bicycle,F Plieningerstraße,100,1,2
synthetic_bikesharing,2025-04-11,2025-04-11 06:00:00,2025-04-11 07:00:00,bicycle,F Plieningerstraße,250,2,2
synthetic_bikesharing,2025-04-11,2025-04-11 06:00:00,2025-04-11 07:00:00,bicycle,F Plieningerstraße,350,2,2
synthetic_e_scooter,2025-04-11,2025-04-11 06:00:00,2025-04-11 07:00:00,e-scooter,F Plieningerstraße,50,0,0
synthetic_e_scooter,2025-04-11,2025-04-11 06:00:00,2025-04-11 07:00:00,e-scooter,F Plieningerstraße,100,0,0
synthetic_e_scooter,2025-04-11,2025-04-11 06:00:00,2025-04-11 07:00:00,e-scooter,F Plieningerstraße,250,0,0
synthetic_e_scooter,2025-04-11,2025-04-11 06:00:00,2025-04-11 07:00:00,e-scooter,F Plieningerstraße,350,0,0
synthetic_bikesharing,2025-04-11,2025-04-11 06:00:00,2025-04-11 07:00:00,bicycle,F Weser-/Münchener Straße,50,1,1
synthetic_bikesharing,2025-04-11,2025-04-11 06:00:00,2025-04-11 07:00:00,bicycle,F Weser-/Münchener Straße,100,3,1
synthetic_bikesharing,2025-04-11,2025-04-11 06:00:00,2025-04-11 07:00:00,bicycle,F Weser-/Münchener Straße,250,5,2
synthetic_bikesharing,2025-04-11,2025-04-11 06:00:00,2025-04-11 07:00:00,bicycle,F Weser-/Münchener Straße,350,6,4
synthetic_e_scooter,2025-04-11,2025-04-11 06:00:00,2025-04-11 07:00:00,e-scooter,F Weser-/Münchener Straße,50,0,0
synthetic_e_scooter,2025-04-11,2025-04-11 06:00:00,2025-04-11 07:00:00,e-scooter,F Weser-/Münchener Straße,100,0,1
synthetic_e_scooter,2025-04-11,2025-04-11 06:00:00,2025-04-11 07:00:00,e-scooter,F Weser-/Münchener Straße,250,0,1
synthetic_e_scooter,2025-04-11,2025-04-11 06:00:00,2025-04-11 07:00:00,e-scooter,F Weser-/Münchener Straße,350,1,1
synthetic_bikesharing,2025-04-11,2025-04-11 07:00:00,2025-04-11 08:00:00,bicycle,*405 F Dornbusch/Am Grünhof,50,1,1
synthetic_bikesharing,2025-04-11,2025-04-11 07:00:00,2025-04-11 08:00:00,bicycle,*405 F Dornbusch/Am Grünhof,100,1,1
synthetic_bikesharing,2025-04-11,2025-04-11 07:00:00,2025-04-11 08:00:00,bicycle,*405 F Dornbusch/Am Grünhof,250,8,1
synthetic_bikesharing,2025-04-11,2025-04-11 07:00:00,2025-04-11 08:00:00,bicycle,*405 F Dornbusch/Am Grünhof,350,12,4
synthetic_e_scooter,2025-04-11,2025-04-11 07:00:00,2025-04-11 08:00:00,e-scooter,*405 F Dornbusch/Am Grünhof,50,0,1
synthetic_e_scooter,2025-04-11,2025-04-11 07:00:00,2025-04-11 08:00:00,e-scooter,*405 F Dornbusch/Am Grünhof,100,0,1
synthetic_e_scooter,2025-04-11,2025-04-11 07:00:00,2025-04-11 08:00:00,e-scooter,*405 F Dornbusch/Am Grünhof,250,4,1
synthetic_e_scooter,2025-04-11,2025-04-11 07:00:00,2025-04-11 08:00:00,e-scooter,*405 F Dornbusch/Am Grünhof,350,4,1
synthetic_bikesharing,2025-04-11,2025-04-11 07:00:00,2025-04-11 08:00:00,bicycle,F Francois-Mitterrand-Platz,50,0,2
synthetic_bikesharing,2025-04-11,2025-04-11 07:00:00,2025-04-11 08:00:00,bicycle,F Francois-Mitterrand-Platz,100,1,4
synthetic_bikesharing,2025-04-11,2025-04-11 07:00:00,2025-04-11 08:00:00,bicycle,F Francois-Mitterrand-Platz,250,2,5
synthetic_bikesharing,2025-04-11,2025-04-11 07:00:00,2025-04-11 08:00:00,bicycle,F Francois-Mitterrand-Platz,350,2,8
synthetic_e_scooter,2025-04-11,2025-04-11 07:00:00,2025-04-11 08:00:00,e-scooter,F Francois-Mitterrand-Platz,50,1,2
synthetic_e_scooter,2025-04-11,2025-04-11 07:00:00,2025-04-11 08:00:00,e-scooter,F Francois-Mitterrand-Platz,100,1,3
synthetic_e_scooter,2025-04-11,2025-04-11 07:00:00,2025-04-11 08:00:00,e-scooter,F Francois-Mitterrand-Platz,250,1,4
synthetic_e_scooter,2025-04-11,2025-04-11 07:00:00,2025-04-11 08:00:00,e-scooter,F Francois-Mitterrand-Platz,350,1,5
synthetic_bikesharing,2025-04-11,2025-04-11 07:00:00,2025-04-11 08:00:00,bicycle,F Miquel-/Adickesallee,50,0,0
synthetic_bikesharing,2025-04-11,2025-04-11 07:00:00,2025-04-11 08:00:00,bicycle,F Miquel-/Adickesallee,100,4,1
synthetic_bikesharing,2025-04-11,2025-04-11 07:00:00,2025-04-11 08:00:00,bicycle,F Miquel-/Adickesallee,250,8,5
synthetic_bikesharing,2025-04-11,2025-04-11 07:00:00,2025-04-11 08:00:00,bicycle,F Miquel-/Adickesallee,350,9,7
synthetic_e_scooter,2025-04-11,2025-04-11 07:00:00,2025-04-11 08:00:00,e-scooter,F Miquel-/Adickesallee,50,2,0
synthetic_e_scooter,2025-04-11,2025-04-11 07:00:00,2025-04-11 08:00:00,e-scooter,F Miquel-/Adickesallee,100,2,0
synthetic_e_scooter,2025-04-11,2025-04-11 07:00:00,2025-04-11 08:00:00,e-scooter,F Miquel-/Adickesallee,250,4,0
synthetic_e_scooter,2025-04-11,2025-04-11 07:00:00,2025-04-11 08:00:00,e-scooter,F Miquel-/Adickesallee,350,4,1
synthetic_bikesharing,2025-04-11,2025-04-11 07:00:00,2025-04-11 08:00:00,bicycle,F Plieningerstraße,50,0,0
synthetic_bikesharing,2025-04-11,2025-04-11 07:00:00,2025-04-11 08:00:00,bicycle,F Plieningerstraße,100,0,0
synthetic_bikesharing,2025-04-11,2025-04-11 07:00:00,2025-04-11 08:00:00,bicycle,F Plieningerstraße,250,0,1
synthetic_bikesharing,2025-04-11,2025-04-11 07:00:00,2025-04-11 08:00:00,bicycle,F Plieningerstraße,350,0,1
synthetic_e_scooter,2025-04-11,2025-04-11 07:00:00,2025-04-11 08:00:00,e-scooter,F Plieningerstraße,50,0,0
synthetic_e_scooter,2025-04-11,2025-04-11 07:00:00,2025-04-11 08:00:00,e-scooter,F Plieningerstraße,100,1,0
synthetic_e_scooter,2025-04-11,2025-04-11 07:00:00,2025-04-11 08:00:00,e-scooter,F Plieningerstraße,250,1,0
synthetic_e_scooter,2025-04-11,2025-04-11 07:00:00,2025-04-11 08:00:00,e-scooter,F Plieningerstraße,350,2,0
synthetic_bikesharing,2025-04-11,2025-04-11 07:00:00,2025-04-11 08:00:00,bicycle,F Weser-/Münchener Straße,50,3,1
synthetic_bikesharing,2025-04-11,2025-04-11 07:00:00,2025-04-11 08:00:00,bicycle,F Weser-/Münchener Straße,100,5,2
synthetic_bikesharing,2025-04-11,2025-04-11 07:00:00,2025-04-11 08:00:00,bicycle,F Weser-/Münchener Straße,250,11,8
synthetic_bikesharing,2025-04-11,2025-04-11 07:00:00,2025-04-11 08:00:00,bicycle,F Weser-/Münchener Straße,350,14,8
synthetic_e_scooter,2025-04-11,2025-04-11 07:00:00,2025-04-11 08:00:00,e-scooter,F Weser-/Münchener Straße,50,3,0
synthetic_e_scooter,2025-04-11,2025-04-11 07:00:00,2025-04-11 08:00:00,e-scooter,F Weser-/Münchener Straße,100,3,0
synthetic_e_scooter,2025-04-11,2025-04-11 07:00:00,2025-04-11 08:00:00,e-scooter,F Weser-/Münchener Straße,250,5,3
synthetic_e_scooter,2025-04-11,2025-04-11 07:00:00,2025-04-11 08:00:00,e-scooter,F Weser-/Münchener Straße,350,9,5
synthetic_bikesharing,2025-04-11,2025-04-11 08:00:00,2025-04-11 09:00:00,bicycle,*405 F Dornbusch/Am Grünhof,50,2,1
synthetic_bikesharing,2025-04-11,2025-04-11 08:00:00,2025-04-11 09:00:00,bicycle,*405 F Dornbusch/Am Grünhof,100,3,2
synthetic_bikesharing,2025-04-11,2025-04-11 08:00:00,2025-04-11 09:00:00,bicycle,*405 F Dornbusch/Am Grünhof,250,6,5
synthetic_bikesharing,2025-04-11,2025-04-11 08:00:00,2025-04-11 09:00:00,bicycle,*405 F Dornbusch/Am Grünhof,350,7,9
synthetic_e_scooter,2025-04-11,2025-04-11 08:00:00,2025-04-11 09:00:00,e-scooter,*405 F Dornbusch/Am Grünhof,50,0,0
synthetic_e_scooter,2025-04-11,2025-04-11 08:00:00,2025-04-11 09:00:00,e-scooter,*405 F Dornbusch/Am Grünhof,100,1,0
synthetic_e_scooter,2025-04-11,2025-04-11 08:00:00,2025-04-11 09:00:00,e-scooter,*405 F Dornbusch/Am Grünhof,250,1,1
synthetic_e_scooter,2025-04-11,2025-04-11 08:00:00,2025-04-11 09:00:00,e-scooter,*405 F Dornbusch/Am Grünhof,350,1,1
synthetic_bikesharing,2025-04-11,2025-04-11 08:00:00,2025-04-11 09:00:00,bicycle,F Francois-Mitterrand-Platz,50,0,0
synthetic_bikesharing,2025-04-11,2025-04-11 08:00:00,2025-04-11 09:00:00,bicycle,F Francois-Mitterrand-Platz,100,1,0
synthetic_bikesharing,2025-04-11,2025-04-11 08:00:00,2025-04-11 09:00:00,bicycle,F Francois-Mitterrand-Platz,250,8,1
synthetic_bikesharing,2025-04-11,2025-04-11 08:00:00,2025-04-11 09:00:00,bicycle,F Francois-Mitterrand-Platz,350,11,3
synthetic_e_scooter,2025-04-11,2025-04-11 08:00:00,2025-04-11 09:00:00,e-scooter,F Francois-Mitterrand-Platz,50,1,0
synthetic_e_scooter,2025-04-11,2025-04-11 08:00:00,2025-04-11 09:00:00,e-scooter,F Francois-Mitterrand-Platz,100,1,0
synthetic_e_scooter,2025-04-11,2025-04-11 08:00:00,2025-04-11 09:00:00,e-scooter,F Francois-Mitterrand-Platz,250,1,2
synthetic_e_scooter,2025-04-11,2025-04-11 08:00:00,2025-04-11 09:00:00,e-scooter,F Francois-Mitterrand-Platz,350,1,2
synthetic_bikesharing,2025-04-11,2025-04-11 08:00:00,2025-04-11 09:00:00,bicycle,F Miquel-/Adickesallee,50,3,2
synthetic_bikesharing,2025-04-11,2025-04-11 08:00:00,2025-04-11 09:00:00,bicycle,F Miquel-/Adickesallee,100,4,3
synthetic_bikesharing,2025-04-11,2025-04-11 08:00:00,2025-04-11 09:00:00,bicycle,F Miquel-/Adickesallee,250,10,5
synthetic_bikesharing,2025-04-11,2025-04-11 08:00:00,2025-04-11 09:00:00,bicycle,F Miquel-/Adickesallee,350,12,7
synthetic_e_scooter,2025-04-11,2025-04-11 08:00:00,2025-04-11 09:00:00,e-scooter,F Miquel-/Adickesallee,50,1,0
synthetic_e_scooter,2025-04-11,2025-04-11 08:00:00,2025-04-11 09:00:00,e-scooter,F Miquel-/Adickesallee,100,3,1
synthetic_e_scooter,2025-04-11,2025-04-11 08:00:00,2025-04-11 09:00:00,e-scooter,F Miquel-/Adickesallee,250,6,4
synthetic_e_scooter,2025-04-11,2025-04-11 08:00:00,2025-04-11 09:00:00,e-scooter,F Miquel-/Adickesallee,350,7,6
synthetic_bikesharing,2025-04-11,2025-04-11 08:00:00,2025-04-11 09:00:00,bicycle,F Plieningerstraße,50,0,0
synthetic_bikesharing,2025-04-11,2025-04-11 08:00:00,2025-04-11 09:00:00,bicycle,F Plieningerstraße,100,1,0
synthetic_bikesharing,2025-04-11,2025-04-11 08:00:00,2025-04-11 09:00:00,bicycle,F Plieningerstraße,250,3,1
synthetic_bikesharing,2025-04-11,2025-04-11 08:00:00,2025-04-11 09:00:00,bicycle,F Plieningerstraße,350,5,2
synthetic_e_scooter,2025-04-11,2025-04-11 08:00:00,2025-04-11 09:00:00,e-scooter,F Plieningerstraße,50,0,0
synthetic_e_scooter,2025-04-11,2025-04-11 08:00:00,2025-04-11 09:00:00,e-scooter,F Plieningerstraße,100,0,0
synthetic_e_scooter,2025-04-11,2025-04-11 08:00:00,2025-04-11 09:00:00,e-scooter,F Plieningerstraße,250,1,1
synthetic_e_scooter,2025-04-11,2025-04-11 08:00:00,2025-04-11 09:00:00,e-scooter,F Plieningerstraße,350,1,2
synthetic_bikesharing,2025-04-11,2025-04-11 08:00:00,2025-04-11 09:00:00,bicycle,F Weser-/Münchener Straße,50,0,3
synthetic_bikesharing,2025-04-11,2025-04-11 08:00:00,2025-04-11 09:00:00,bicycle,F Weser-/Münchener Straße,100,4,7
synthetic_bikesharing,2025-04-11,2025-04-11 08:00:00,2025-04-11 09:00:00,bicycle,F Weser-/Münchener Straße,250,18,11
synthetic_bikesharing,2025-04-11,2025-04-11 08:00:00,2025-04-11 09:00:00,bicycle,F Weser-/Münchener Straße,350,26,17
synthetic_e_scooter,2025-04-11,2025-04-11 08:00:00,2025-04-11 09:00:00,e-scooter,F Weser-/Münchener Straße,50,1,0
synthetic_e_scooter,2025-04-11,2025-04-11 08:00:00,2025-04-11 09:00:00,e-scooter,F Weser-/Münchener Straße,100,3,2
synthetic_e_scooter,2025-04-11,2025-04-11 08:00:00,2025-04-11 09:00:00,e-scooter,F Weser-/Münchener Straße,250,6,7
synthetic_e_scooter,2025-04-11,2025-04-11 08:00:00,2025-04-11 09:00:00,e-scooter,F Weser-/Münchener Straße,350,11,8
synthetic_bikesharing,2025-04-11,2025-04-11 09:00:00,2025-04-11 10:00:00,bicycle,*405 F Dornbusch/Am Grünhof,50,1,2
synthetic_bikesharing,2025-04-11,2025-04-11 09:00:00,2025-04-11 10:00:00,bicycle,*405 F Dornbusch/Am Grünhof,100,1,4
synthetic_bikesharing,2025-04-11,2025-04-11 09:00:00,2025-04-11 10:00:00,bicycle,*405 F Dornbusch/Am Grünhof,250,5,4
synthetic_bikesharing,2025-04-11,2025-04-11 09:00:00,2025-04-11 10:00:00,bicycle,*405 F Dornbusch/Am Grünhof,350,7,5
synthetic_e_scooter,2025-04-11,2025-04-11 09:00:00,2025-04-11 10:00:00,e-scooter,*405 F Dornbusch/Am Grünhof,50,0,0
synthetic_e_scooter,2025-04-11,2025-04-11 09:00:00,2025-04-11 10:00:00,e-scooter,*405 F Dornbusch/Am Grünhof,100,0,0
synthetic_e_scooter,2025-04-11,2025-04-11 09:00:00,2025-04-11 10:00:00,e-scooter,*405 F Dornbusch/Am Grünhof,250,2,1
synthetic_e_scooter,2025-04-11,2025-04-11 09:00:00,2025-04-11 10:00:00,e-scooter,*405 F Dornbusch/Am Grünhof,350,3,2
synthetic_bikesharing,2025-04-11,2025-04-11 09:00:00,2025-04-11 10:00:00,bicycle,F Francois-Mitterrand-Platz,50,0,3
synthetic_bikesharing,2025-04-11,2025-04-11 09:00:00,2025-04-11 10:00:00,bicycle,F Francois-Mitterrand-Platz,100,0,3
synthetic_bikesharing,2025-04-11,2025-04-11 09:00:00,2025-04-11 10:00:00,bicycle,F Francois-Mitterrand-Platz,250,0,3
synthetic_bikesharing,2025-04-11,2025-04-11 09:00:00,2025-04-11 10:00:00,bicycle,F Francois-Mitterrand-Platz,350,0,4
synthetic_e_scooter,2025-04-11,2025-04-11 09:00:00,2025-04-11 10:00:00,e-scooter,F Francois-Mitterrand-Platz,50,0,2
synthetic_e_scooter,2025-04-11,2025-04-11 09:00:00,2025-04-11 10:00:00,e-scooter,F Francois-Mitterrand-Platz,100,0,2
synthetic_e_scooter,2025-04-11,2025-04-11 09:00:00,2025-04-11 10:00:00,e-scooter,F Francois-Mitterrand-Platz,250,2,4
synthetic_e_scooter,2025-04-11,2025-04-11 09:00:00,2025-04-11 10:00:00,e-scooter,F Francois-Mitterrand-Platz,350,3,6
synthetic_bikesharing,2025-04-11,2025-04-11 09:00:00,2025-04-11 10:00:00,bicycle,F Miquel-/Adickesallee,50,0,0
synthetic_bikesharing,2025-04-11,2025-04-11 09:00:00,2025-04-11 10:00:00,bicycle,F Miquel-/Adickesallee,100,3,2
synthetic_bikesharing,2025-04-11,2025-04-11 09:00:00,2025-04-11 10:00:00,bicycle,F Miquel-/Adickesallee,250,6,4
synthetic_bikesharing,2025-04-11,2025-04-11 09:00:00,2025-04-11 10:00:00,bicycle,F Miquel-/Adickesallee,350,7,5
synthetic_e_scooter,2025-04-11,2025-04-11 09:00:00,2025-04-11 10:00:00,e-scooter,F Miquel-/Adickesallee,50,1,0
synthetic_e_scooter,2025-04-11,2025-04-11 09:00:00,2025-04-11 10:00:00,e-scooter,F Miquel-/Adickesallee,100,2,1
synthetic_e_scooter,2025-04-11,2025-04-11 09:00:00,2025-04-11 10:00:00,e-scooter,F Miquel-/Adickesallee,250,5,3
synthetic_e_scooter,2025-04-11,2025-04-11 09:00:00,2025-04-11 10:00:00,e-scooter,F Miquel-/Adickesallee,350,6,3
synthetic_bikesharing,2025-04-11,2025-04-11 09:00:00,2025-04-11 10:00:00,bicycle,F Plieningerstraße,50,0,1
synthetic_bikesharing,2025-04-11,2025-04-11 09:00:00,2025-04-11 10:00:00,bicycle,F Plieningerstraße,100,1,2
synthetic_bikesharing,2025-04-11,2025-04-11 09:00:00,2025-04-11 10:00:00,bicycle,F Plieningerstraße,250,2,2
synthetic_bikesharing,2025-04-11,2025-04-11 09:00:00,2025-04-11 10:00:00,bicycle,F Plieningerstraße,350,2,3
synthetic_e_scooter,2025-04-11,2025-04-11 09:00:00,2025-04-11 10:00:00,e-scooter,F Plieningerstraße,50,0,1
synthetic_e_scooter,2025-04-11,2025-04-11 09:00:00,2025-04-11 10:00:00,e-scooter,F Plieningerstraße,100,0,1
synthetic_e_scooter,2025-04-11,2025-04-11 09:00:00,2025-04-11 10:00:00,e-scooter,F Plieningerstraße,250,0,1
synthetic_e_scooter,2025-04-11,2025-04-11 09:00:00,2025-04-11 10:00:00,e-scooter,F Plieningerstraße,350,1,1
synthetic_bikesharing,2025-04-11,2025-04-11 09:00:00,2025-04-11 10:00:00,bicycle,F Weser-/Münchener Straße,50,1,0
synthetic_bikesharing,2025-04-11,2025-04-11 09:00:00,2025-04-11 10:00:00,bicycle,F Weser-/Münchener Straße,100,4,1
synthetic_bikesharing,2025-04-11,2025-04-11 09:00:00,2025-04-11 10:00:00,bicycle,F Weser-/Münchener Straße,250,10,3
synthetic_bikesharing,2025-04-11,2025-04-11 09:00:00,2025-04-11 10:00:00,bicycle,F Weser-/Münchener Straße,350,13,5
synthetic_e_scooter,2025-04-11,2025-04-11 09:00:00,2025-04-11 10:00:00,e-scooter,F Weser-/Münchener Straße,50,0,0
synthetic_e_scooter,2025-04-11,2025-04-11 09:00:00,2025-04-11 10:00:00,e-scooter,F Weser-/Münchener Straße,100,1,0
synthetic_e_scooter,2025-04-11,2025-04-11 09:00:00,2025-04-11 10:00:00,e-scooter,F Weser-/Münchener Straße,250,5,3
synthetic_e_scooter,2025-04-11,2025-04-11 09:00:00,2025-04-11 10:00:00,e-scooter,F Weser-/Münchener Straße,350,7,3
synthetic_bikesharing,2025-04-11,2025-04-11 10:00:00,2025-04-11 11:00:00,bicycle,*405 F Dornbusch/Am Grünhof,50,0,0
synthetic_bikesharing,2025-04-11,2025-04-11 10:00:00,2025-04-11 11:00:00,bicycle,*405 F Dornbusch/Am Grünhof,100,0,0
synthetic_bikesharing,2025-04-11,2025-04-11 10:00:00,2025-04-11 11:00:00,bicycle,*405 F Dornbusch/Am Grünhof,250,2,1
synthetic_bikesharing,2025-04-11,2025-04-11 10:00:00,2025-04-11 11:00:00,bicycle,*405 F Dornbusch/Am Grünhof,350,2,2
synthetic_e_scooter,2025-04-11,2025-04-11 10:00:00,2025-04-11 11:00:00,e-scooter,*405 F Dornbusch/Am Grünhof,50,0,0
synthetic_e_scooter,2025-04-11,2025-04-11 10:00:00,2025-04-11 11:00:00,e-scooter,*405 F Dornbusch/Am Grünhof,100,0,1
synthetic_e_scooter,2025-04-11,2025-04-11 10:00:00,2025-04-11 11:00:00,e-scooter,*405 F Dornbusch/Am Grünhof,250,0,2
synthetic_e_scooter,2025-04-11,2025-04-11 10:00:00,2025-04-11 11:00:00,e-scooter,*405 F Dornbusch/Am Grünhof,350,2,3
synthetic_bikesharing,2025-04-11,2025-04-11 10:00:00,2025-04-11 11:00:00,bicycle,F Francois-Mitterrand-Platz,50,0,0
synthetic_bikesharing,2025-04-11,2025-04-11 10:00:00,2025-04-11 11:00:00,bicycle,F Francois-Mitterrand-Platz,100,1,0
synthetic_bikesharing,2025-04-11,2025-04-11 10:00:00,2025-04-11 11:00:00,bicycle,F Francois-Mitterrand-Platz,250,4,2
synthetic_bikesharing,2025-04-11,2025-04-11 10:00:00,2025-04-11 11:00:00,bicycle,F Francois-Mitterrand-Platz,350,5,3
synthetic_e_scooter,2025-04-11,2025-04-11 10:00:00,2025-04-11 11:00:00,e-scooter,F Francois-Mitterrand-Platz,50,1,2
synthetic_e_scooter,2025-04-11,2025-04-11 10:00:00,2025-04-11 11:00:00,e-scooter,F Francois-Mitterrand-Platz,100,1,2
synthetic_e_scooter,2025-04-11,2025-04-11 10:00:00,2025-04-11 11:00:00,e-scooter,F Francois-Mitterrand-Platz,250,1,5
synthetic_e_scooter,2025-04-11,2025-04-11 10:00:00,2025-04-11 11:00:00,e-scooter,F Francois-Mitterrand-Platz,350,1,7
synthetic_bikesharing,2025-04-11,2025-04-11 10:00:00,2025-04-11 11:00:00,bicycle,F Miquel-/Adickesallee,50,1,1
synthetic_bikesharing,2025-04-11,2025-04-11 10:00:00,2025-04-11 11:00:00,bicycle,F Miquel-/Adickesallee,100,1,2
synthetic_bikesharing,2025-04-11,2025-04-11 10:00:00,2025-04-11 11:00:00,bicycle,F Miquel-/Adickesallee,250,4,3
synthetic_bikesharing,2025-04-11,2025-04-11 10:00:00,2025-04-11 11:00:00,bicycle,F Miquel-/Adickesallee,350,4,5
synthetic_e_scooter,2025-04-11,2025-04-11 10:00:00,2025-04-11 11:00:00,e-scooter,F Miquel-/Adickesallee,50,0,0
synthetic_e_scooter,2025-04-11,2025-04-11 10:00:00,2025-04-11 11:00:00,e-scooter,F Miquel-/Adickesallee,100,1,0
synthetic_e_scooter,2025-04-11,2025-04-11 10:00:00,2025-04-11 11:00:00,e-scooter,F Miquel-/Adickesallee,250,1,2
synthetic_e_scooter,2025-04-11,2025-04-11 10:00:00,2025-04-11 11:00:00,e-scooter,F Miquel-/Adickesallee,350,2,4
synthetic_bikesharing,2025-04-11,2025-04-11 10:00:00,2025-04-11 11:00:00,bicycle,F Plieningerstraße,50,0,0
synthetic_bikesharing,2025-04-11,2025-04-11 10:00:00,2025-04-11 11:00:00,bicycle,F Plieningerstraße,100,0,0
synthetic_bikesharing,2025-04-11,2025-04-11 10:00:00,2025-04-11 11:00:00,bicycle,F Plieningerstraße,250,3,1
synthetic_bikesharing,2025-04-11,2025-04-11 10:00:00,2025-04-11 11:00:00,bicycle,F Plieningerstraße,350,3,2
synthetic_e_scooter,2025-04-11,2025-04-11 10:00:00,2025-04-11 11:00:00,e-scooter,F Plieningerstraße,50,0,0
synthetic_e_scooter,2025-04-11,2025-04-11 10:00:00,2025-04-11 11:00:00,e-scooter,F Plieningerstraße,100,1,0
synthetic_e_scooter,2025-04-11,2025-04-11 10:00:00,2025-04-11 11:00:00,e-scooter,F Plieningerstraße,250,1,0
synthetic_e_scooter,2025-04-11,2025-04-11 10:00:00,2025-04-11 11:00:00,e-scooter,F Plieningerstraße,350,2,0
synthetic_bikesharing,2025-04-11,2025-04-11 10:00:00,2025-04-11 11:00:00,bicycle,F Weser-/Münchener Straße,50,0,3
synthetic_bikesharing,2025-04-11,2025-04-11 10:00:00,2025-04-11 11:00:00,bicycle,F Weser-/Münchener Straße,100,1,6
synthetic_bikesharing,2025-04-11,2025-04-11 10:00:00,2025-04-11 11:00:00,bicycle,F Weser-/Münchener Straße,250,8,9
synthetic_bikesharing,2025-04-11,2025-04-11 10:00:00,2025-04-11 11:00:00,bicycle,F Weser-/Münchener Straße,350,9,11
synthetic_e_scooter,2025-04-11,2025-04-11 10:00:00,2025-04-11 11:00:00,e-scooter,F Weser-/Münchener Straße,50,0,1
synthetic_e_scooter,2025-04-11,2025-04-11 10:00:00,2025-04-11 11:00:00,e-scooter,F Weser-/Münchener Straße,100,3,3
synthetic_e_scooter,2025-04-11,2025-04-11 10:00:00,2025-04-11 11:00:00,e-scooter,F Weser-/Münchener Straße,250,9,7
synthetic_e_scooter,2025-04-11,2025-04-11 10:00:00,2025-04-11 11:00:00,e-scooter,F Weser-/Münchener Straße,350,12,9
synthetic_bikesharing,2025-04-11,2025-04-11 11:00:00,2025-04-11 12:00:00,bicycle,*405 F Dornbusch/Am Grünhof,50,1,1
synthetic_bikesharing,2025-04-11,2025-04-11 11:00:00,2025-04-11 12:00:00,bicycle,*405 F Dornbusch/Am Grünhof,100,1,1
synthetic_bikesharing,2025-04-11,2025-04-11 11:00:00,2025-04-11 12:00:00,bicycle,*405 F Dornbusch/Am Grünhof,250,1,2
synthetic_bikesharing,2025-04-11,2025-04-11 11:00:00,2025-04-11 12:00:00,bicycle,*405 F Dornbusch/Am Grünhof,350,3,3
synthetic_e_scooter,2025-04-11,2025-04-11 11:00:00,2025-04-11 12:00:00,e-scooter,*405 F Dornbusch/Am Grünhof,50,0,0
synthetic_e_scooter,2025-04-11,2025-04-11 11:00:00,2025-04-11 12:00:00,e-scooter,*405 F Dornbusch/Am Grünhof,100,2,1
synthetic_e_scooter,2025-04-11,2025-04-11 11:00:00,2025-04-11 12:00:00,e-scooter,*405 F Dornbusch/Am Grünhof,250,5,3
synthetic_e_scooter,2025-04-11,2025-04-11 11:00:00,2025-04-11 12:00:00,e-scooter,*405 F Dornbusch/Am Grünhof,350,5,4
synthetic_bikesharing,2025-04-11,2025-04-11 11:00:00,2025-04-11 12:00:00,bicycle,F Francois-Mitterrand-Platz,50,0,0
synthetic_bikesharing,2025-04-11,2025-04-11 11:00:00,2025-04-11 12:00:00,bicycle,F Francois-Mitterrand-Platz,100,1,0
synthetic_bikesharing,2025-04-11,2025-04-11 11:00:00,2025-04-11 12:00:00,bicycle,F Francois-Mitterrand-Platz,250,2,3
synthetic_bikesharing,2025-04-11,2025-04-11 11:00:00,2025-04-11 12:00:00,bicycle,F Francois-Mitterrand-Platz,350,3,4
synthetic_e_scooter,2025-04-11,2025-04-11 11:00:00,2025-04-11 12:00:00,e-scooter,F Francois-Mitterrand-Platz,50,2,1
synthetic_e_scooter,2025-04-11,2025-04-11 11:00:00,2025-04-11 12:00:00,e-scooter,F Francois-Mitterrand-Platz,100,2,4
synthetic_e_scooter,2025-04-11,2025-04-11 11:00:00,2025-04-11 12:00:00,e-scooter,F Francois-Mitterrand-Platz,250,6,8
synthetic_e_scooter,2025-04-11,2025-04-11 11:00:00,2025-04-11 12:00:00,e-scooter,F Francois-Mitterrand-Platz,350,7,10
synthetic_bikesharing,2025-04-11,2025-04-11 11:00:00,2025-04-11 12:00:00,bicycle,F Miquel-/Adickesallee,50,0,2
synthetic_bikesharing,2025-04-11,2025-04-11 11:00:00,2025-04-11 12:00:00,bicycle,F Miquel-/Adickesallee,100,1,4
synthetic_bikesharing,2025-04-11,2025-04-11 11:00:00,2025-04-11 12:00:00,bicycle,F Miquel-/Adickesallee,250,4,7
synthetic_bikesharing,2025-04-11,2025-04-11 11:00:00,2025-04-11 12:00:00,bicycle,F Miquel-/Adickesallee,350,5,9
synthetic_e_scooter,2025-04-11,2025-04-11 11:00:00,2025-04-11 12:00:00,e-scooter,F Miquel-/Adickesallee,50,0,2
synthetic_e_scooter,2025-04-11,2025-04-11 11:00:00,2025-04-11 12:00:00,e-scooter,F Miquel-/Adickesallee,100,2,4
synthetic_e_scooter,2025-04-11,2025-04-11 11:00:00,2025-04-11 12:00:00,e-scooter,F Miquel-/Adickesallee,250,8,6
synthetic_e_scooter,2025-04-11,2025-04-11 11:00:00,2025-04-11 12:00:00,e-scooter,F Miquel-/Adickesallee,350,8,7
synthetic_bikesharing,2025-04-11,2025-04-11 11:00:00,2025-04-11 12:00:00,bicycle,F Plieningerstraße,50,0,1
synthetic_bikesharing,2025-04-11,2025-04-11 11:00:00,2025-04-11 12:00:00,bicycle,F Plieningerstraße,100,0,2
synthetic_bikesharing,2025-04-11,2025-04-11 11:00:00,2025-04-11 12:00:00,bicycle,F Plieningerstraße,250,0,4
synthetic_bikesharing,2025-04-11,2025-04-11 11:00:00,2025-04-11 12:00:00,bicycle,F Plieningerstraße,350,1,6
synthetic_e_scooter,2025-04-11,2025-04-11 11:00:00,2025-04-11 12:00:00,e-scooter,F Plieningerstraße,50,0,0
synthetic_e_scooter,2025-04-11,2025-04-11 11:00:00,2025-04-11 12:00:00,e-scooter,F Plieningerstraße,100,0,0
synthetic_e_scooter,2025-04-11,2025-04-11 11:00:00,2025-04-11 12:00:00,e-scooter,F Plieningerstraße,250,0,0
synthetic_e_scooter,2025-04-11,2025-04-11 11:00:00,2025-04-11 12:00:00,e-scooter,F Plieningerstraße,350,0,1
synthetic_bikesharing,2025-04-11,2025-04-11 11:00:00,2025-04-11 12:00:00,bicycle,F Weser-/Münchener Straße,50,0,1
synthetic_bikesharing,2025-04-11,2025-04-11 11:00:00,2025-04-11 12:00:00,bicycle,F Weser-/Münchener Straße,100,2,2
synthetic_bikesharing,2025-04-11,2025-04-11 11:00:00,2025-04-11 12:00:00,bicycle,F Weser-/Münchener Straße,250,5,5
synthetic_bikesharing,2025-04-11,2025-04-11 11:00:00,2025-04-11 12:00:00,bicycle,F Weser-/Münchener Straße,350,5,6
synthetic_e_scooter,2025-04-11,2025-04-11 11:00:00,2025-04-11 12:00:00,e-scooter,F Weser-/Münchener Straße,50,1,5
synthetic_e_scooter,2025-04-11,2025-04-11 11:00:00,2025-04-11 12:00:00,e-scooter,F Weser-/Münchener Straße,100,2,6
synthetic_e_scooter,2025-04-11,2025-04-11 11:00:00,2025-04-11 12:00:00,e-scooter,F Weser-/Münchener Straße,250,3,8
synthetic_e_scooter,2025-04-11,2025-04-11 11:00:00,2025-04-11 12:00:00,e-scooter,F Weser-/Münchener Straße,350,4,8
synthetic_bikesharing,2025-04-11,2025-04-11 12:00:00,2025-04-11 13:00:00,bicycle,*405 F Dornbusch/Am Grünhof,50,1,0
synthetic_bikesharing,2025-04-11,2025-04-11 12:00:00,2025-04-11 13:00:00,bicycle,*405 F Dornbusch/Am Grünhof,100,1,0
synthetic_bikesharing,2025-04-11,2025-04-11 12:00:00,2025-04-11 13:00:00,bicycle,*405 F Dornbusch/Am Grünhof,250,3,0
synthetic_bikesharing,2025-04-11,2025-04-11 12:00:00,2025-04-11 13:00:00,bicycle,*405 F Dornbusch/Am Grünhof,350,3,0
synthetic_e_scooter,2025-04-11,2025-04-11 12:00:00,2025-04-11 13:00:00,e-scooter,*405 F Dornbusch/Am Grünhof,50,0,1
synthetic_e_scooter,2025-04-11,2025-04-11 12:00:00,2025-04-11 13:00:00,e-scooter,*405 F Dornbusch/Am Grünhof,100,2,2
synthetic_e_scooter,2025-04-11,2025-04-11 12:00:00,2025-04-11 13:00:00,e-scooter,*405 F Dornbusch/Am Grünhof,250,4,2
synthetic_e_scooter,2025-04-11,2025-04-11 12:00:00,2025-04-11 13:00:00,e-scooter,*405 F Dornbusch/Am Grünhof,350,8,2
synthetic_bikesharing,2025-04-11,2025-04-11 12:00:00,2025-04-11 13:00:00,bicycle,F Francois-Mitterrand-Platz,50,0,0
synthetic_bikesharing,2025-04-11,2025-04-11 12:00:00,2025-04-11 13:00:00,bicycle,F Francois-Mitterrand-Platz,100,0,1
synthetic_bikesharing,2025-04-11,2025-04-11 12:00:00,2025-04-11 13:00:00,bicycle,F Francois-Mitterrand-Platz,250,1,2
synthetic_bikesharing,2025-04-11,2025-04-11 12:00:00,2025-04-11 13:00:00,bicycle,F Francois-Mitterrand-Platz,350,4,3
synthetic_e_scooter,2025-04-11,2025-04-11 12:00:00,2025-04-11 13:00:00,e-scooter,F Francois-Mitterrand-Platz,50,0,1
synthetic_e_scooter,2025-04-11,2025-04-11 12:00:00,2025-04-11 13:00:00,e-scooter,F Francois-Mitterrand-Platz,100,0,1
synthetic_e_scooter,2025-04-11,2025-04-11 12:00:00,2025-04-11 13:00:00,e-scooter,F Francois-Mitterrand-Platz,250,1,4
synthetic_e_scooter,2025-04-11,2025-04-11 12:00:00,2025-04-11 13:00:00,e-scooter,F Francois-Mitterrand-Platz,350,1,5
synthetic_bikesharing,2025-04-11,2025-04-11 12:00:00,2025-04-11 13:00:00,bicycle,F Miquel-/Adickesallee,50,1,2
synthetic_bikesharing,2025-04-11,2025-04-11 12:00:00,2025-04-11 13:00:00,bicycle,F Miquel-/Adickesallee,100,2,4
synthetic_bikesharing,2025-04-11,2025-04-11 12:00:00,2025-04-11 13:00:00,bicycle,F Miquel-/Adickesallee,250,5,6
synthetic_bikesharing,2025-04-11,2025-04-11 12:00:00,2025-04-11 13:00:00,bicycle,F Miquel-/Adickesallee,350,6,11
synthetic_e_scooter,2025-04-11,2025-04-11 12:00:00,2025-04-11 13:00:00,e-scooter,F Miquel-/Adickesallee,50,0,1
synthetic_e_scooter,2025-04-11,2025-04-11 12:00:00,2025-04-11 13:00:00,e-scooter,F Miquel-/Adickesallee,100,2,5
synthetic_e_scooter,2025-04-11,2025-04-11 12:00:00,2025-04-11 13:00:00,e-scooter,F Miquel-/Adickesallee,250,6,9
synthetic_e_scooter,2025-04-11,2025-04-11 12:00:00,2025-04-11 13:00:00,e-scooter,F Miquel-/Adickesallee,350,7,10
synthetic_bikesharing,2025-04-11,2025-04-11 12:00:00,2025-04-11 13:00:00,bicycle,F Plieningerstraße,50,0,1
synthetic_bikesharing,2025-04-11,2025-04-11 12:00:00,2025-04-11 13:00:00,bicycle,F Plieningerstraße,100,0,1
synthetic_bikesharing,2025-04-11,2025-04-11 12:00:00,2025-04-11 13:00:00,bicycle,F Plieningerstraße,250,1,1
synthetic_bikesharing,2025-04-11,2025-04-11 12:00:00,2025-04-11 13:00:00,bicycle,F Plieningerstraße,350,1,1
synthetic_e_scooter,2025-04-11,2025-04-11 12:00:00,2025-04-11 13:00:00,e-scooter,F Plieningerstraße,50,2,0
synthetic_e_scooter,2025-04-11,2025-04-11 12:00:00,2025-04-11 13:00:00,e-scooter,F Plieningerstraße,100,2,0
synthetic_e_scooter,2025-04-11,2025-04-11 12:00:00,2025-04-11 13:00:00,e-scooter,F Plieningerstraße,250,3,3
synthetic_e_scooter,2025-04-11,2025-04-11 12:00:00,2025-04-11 13:00:00,e-scooter,F Plieningerstraße,350,3,3
synthetic_bikesharing,2025-04-11,2025-04-11 12:00:00,2025-04-11 13:00:00,bicycle,F Weser-/Münchener Straße,50,3,1
synthetic_bikesharing,2025-04-11,2025-04-11 12:00:00,2025-04-11 13:00:00,bicycle,F Weser-/Münchener Straße,100,3,3
synthetic_bikesharing,2025-04-11,2025-04-11 12:00:00,2025-04-11 13:00:00,bicycle,F Weser-/Münchener Straße,250,3,7
synthetic_bikesharing,2025-04-11,2025-04-11 12:00:00,2025-04-11 13:00:00,bicycle,F Weser-/Münchener Straße,350,6,9
synthetic_e_scooter,2025-04-11,2025-04-11 12:00:00,2025-04-11 13:00:00,e-scooter,F Weser-/Münchener Straße,50,3,2
synthetic_e_scooter,2025-04-11,2025-04-11 12:00:00,2025-04-11 13:00:00,e-scooter,F Weser-/Münchener Straße,100,6,3
synthetic_e_scooter,2025-04-11,2025-04-11 12:00:00,2025-04-11 13:00:00,e-scooter,F Weser-/Münchener Straße,250,14,6
synthetic_e_scooter,2025-04-11,2025-04-11 12:00:00,2025-04-11 13:00:00,e-scooter,F Weser-/Münchener Straße,350,17,10
synthetic_bikesharing,2025-04-11,2025-04-11 13:00:00,2025-04-11 14:00:00,bicycle,*405 F Dornbusch/Am Grünhof,50,1,0
synthetic_bikesharing,2025-04-11,2025-04-11 13:00:00,2025-04-11 14:00:00,bicycle,*405 F Dornbusch/Am Grünhof,100,1,0
synthetic_bikesharing,2025-04-11,2025-04-11 13:00:00,2025-04-11 14:00:00,bicycle,*405 F Dornbusch/Am Grünhof,250,1,0
synthetic_bikesharing,2025-04-11,2025-04-11 13:00:00,2025-04-11 14:00:00,bicycle,*405 F Dornbusch/Am Grünhof,350,2,2
synthetic_e_scooter,2025-04-11,2025-04-11 13:00:00,2025-04-11 14:00:00,e-scooter,*405 F Dornbusch/Am Grünhof,50,0,0
synthetic_e_scooter,2025-04-11,2025-04-11 13:00:00,2025-04-11 14:00:00,e-scooter,*405 F Dornbusch/Am Grünhof,100,2,1
synthetic_e_scooter,2025-04-11,2025-04-11 13:00:00,2025-04-11 14:00:00,e-scooter,*405 F Dornbusch/Am Grünhof,250,11,1
synthetic_e_scooter,2025-04-11,2025-04-11 13:00:00,2025-04-11 14:00:00,e-scooter,*405 F Dornbusch/Am Grünhof,350,14,2
synthetic_bikesharing,2025-04-11,2025-04-11 13:00:00,2025-04-11 14:00:00,bicycle,F Francois-Mitterrand-Platz,50,0,0
synthetic_bikesharing,2025-04-11,2025-04-11 13:00:00,2025-04-11 14:00:00,bicycle,F Francois-Mitterrand-Platz,100,1,0
synthetic_bikesharing,2025-04-11,2025-04-11 13:00:00,2025-04-11 14:00:00,bicycle,F Francois-Mitterrand-Platz,250,1,1
synthetic_bikesharing,2025-04-11,2025-04-11 13:00:00,2025-04-11 14:00:00,bicycle,F Francois-Mitterrand-Platz,350,1,3
synthetic_e_scooter,2025-04-11,2025-04-11 13:00:00,2025-04-11 14:00:00,e-scooter,F Francois-Mitterrand-Platz,50,2,1
synthetic_e_scooter,2025-04-11,2025-04-11 13:00:00,2025-04-11 14:00:00,e-scooter,F Francois-Mitterrand-Platz,100,2,1
synthetic_e_scooter,2025-04-11,2025-04-11 13:00:00,2025-04-11 14:00:00,e-scooter,F Francois-Mitterrand-Platz,250,7,2
synthetic_e_scooter,2025-04-11,2025-04-11 13:00:00,2025-04-11 14:00:00,e-scooter,F Francois-Mitterrand-Platz,350,11,6
synthetic_bikesharing,2025-04-11,2025-04-11 13:00:00,2025-04-11 14:00:00,bicycle,F Miquel-/Adickesallee,50,0,1
synthetic_bikesharing,2025-04-11,2025-04-11 13:00:00,2025-04-11 14:00:00,bicycle,F Miquel-/Adickesallee,100,1,2
synthetic_bikesharing,2025-04-11,2025-04-11 13:00:00,2025-04-11 14:00:00,bicycle,F Miquel-/Adickesallee,250,5,4
synthetic_bikesharing,2025-04-11,2025-04-11 13:00:00,2025-04-11 14:00:00,bicycle,F Miquel-/Adickesallee,350,6,6
synthetic_e_scooter,2025-04-11,2025-04-11 13:00:00,2025-04-11 14:00:00,e-scooter,F Miquel-/Adickesallee,50,2,2
synthetic_e_scooter,2025-04-11,2025-04-11 13:00:00,2025-04-11 14:00:00,e-scooter,F Miquel-/Adickesallee,100,4,4
synthetic_e_scooter,2025-04-11,2025-04-11 13:00:00,2025-04-11 14:00:00,e-scooter,F Miquel-/Adickesallee,250,5,14
synthetic_e_scooter,2025-04-11,2025-04-11 13:00:00,2025-04-11 14:00:00,e-scooter,F Miquel-/Adickesallee,350,8,15
synthetic_bikesharing,2025-04-11,2025-04-11 13:00:00,2025-04-11 14:00:00,bicycle,F Plieningerstraße,50,0,0
synthetic_bikesharing,2025-04-11,2025-04-11 13:00:00,2025-04-11 14:00:00,bicycle,F Plieningerstraße,100,0,1
synthetic_bikesharing,2025-04-11,2025-04-11 13:00:00,2025-04-11 14:00:00,bicycle,F Plieningerstraße,250,3,1
synthetic_bikesharing,2025-04-11,2025-04-11 13:00:00,2025-04-11 14:00:00,bicycle,F Plieningerstraße,350,3,2
synthetic_e_scooter,2025-04-11,2025-04-11 13:00:00,2025-04-11 14:00:00,e-scooter,F Plieningerstraße,50,3,0
synthetic_e_scooter,2025-04-11,2025-04-11 13:00:00,2025-04-11 14:00:00,e-scooter,F Plieningerstraße,100,6,1
synthetic_e_scooter,2025-04-11,2025-04-11 13:00:00,2025-04-11 14:00:00,e-scooter,F Plieningerstraße,250,7,1
synthetic_e_scooter,2025-04-11,2025-04-11 13:00:00,2025-04-11 14:00:00,e-scooter,F Plieningerstraße,350,7,3
synthetic_bikesharing,2025-04-11,2025-04-11 13:00:00,2025-04-11 14:00:00,bicycle,F Weser-/Münchener Straße,50,0,3
synthetic_bikesharing,2025-04-11,2025-04-11 13:00:00,2025-04-11 14:00:00,bicycle,F Weser-/Münchener Straße,100,5,8
synthetic_bikesharing,2025-04-11,2025-04-11 13:00:00,2025-04-11 14:00:00,bicycle,F Weser-/Münchener Straße,250,9,15
synthetic_bikesharing,2025-04-11,2025-04-11 13:00:00,2025-04-11 14:00:00,bicycle,F Weser-/Münchener Straße,350,14,18
synthetic_e_scooter,2025-04-11,2025-04-11 13:00:00,2025-04-11 14:00:00,e-scooter,F Weser-/Münchener Straße,50,1,3
synthetic_e_scooter,2025-04-11,2025-04-11 13:00:00,2025-04-11 14:00:00,e-scooter,F Weser-/Münchener Straße,100,2,6
synthetic_e_scooter,2025-04-11,2025-04-11 13:00:00,2025-04-11 14:00:00,e-scooter,F Weser-/Münchener Straße,250,5,12
synthetic_e_scooter,2025-04-11,2025-04-11 13:00:00,2025-04-11 14:00:00,e-scooter,F Weser-/Münchener Straße,350,9,15
synthetic_bikesharing,2025-04-11,2025-04-11 14:00:00,2025-04-11 15:00:00,bicycle,*405 F Dornbusch/Am Grünhof,50,1,0
synthetic_bikesharing,2025-04-11,2025-04-11 14:00:00,2025-04-11 15:00:00,bicycle,*405 F Dornbusch/Am Grünhof,100,2,0
synthetic_bikesharing,2025-04-11,2025-04-11 14:00:00,2025-04-11 15:00:00,bicycle,*405 F Dornbusch/Am Grünhof,250,4,3
synthetic_bikesharing,2025-04-11,2025-04-11 14:00:00,2025-04-11 15:00:00,bicycle,*405 F Dornbusch/Am Grünhof,350,4,4
synthetic_e_scooter,2025-04-11,2025-04-11 14:00:00,2025-04-11 15:00:00,e-scooter,*405 F Dornbusch/Am Grünhof,50,0,0
synthetic_e_scooter,2025-04-11,2025-04-11 14:00:00,2025-04-11 15:00:00,e-scooter,*405 F Dornbusch/Am Grünhof,100,0,1
synthetic_e_scooter,2025-04-11,2025-04-11 14:00:00,2025-04-11 15:00:00,e-scooter,*405 F Dornbusch/Am Grünhof,250,2,4
synthetic_e_scooter,2025-04-11,2025-04-11 14:00:00,2025-04-11 15:00:00,e-scooter,*405 F Dornbusch/Am Grünhof,350,2,8
synthetic_bikesharing,2025-04-11,2025-04-11 14:00:00,2025-04-11 15:00:00,bicycle,F Francois-Mitterrand-Platz,50,0,1
synthetic_bikesharing,2025-04-11,2025-04-11 14:00:00,2025-04-11 15:00:00,bicycle,F Francois-Mitterrand-Platz,100,1,2
synthetic_bikesharing,2025-04-11,2025-04-11 14:00:00,2025-04-11 15:00:00,bicycle,F Francois-Mitterrand-Platz,250,2,3
synthetic_bikesharing,2025-04-11,2025-04-11 14:00:00,2025-04-11 15:00:00,bicycle,F Francois-Mitterrand-Platz,350,2,4
synthetic_e_scooter,2025-04-11,2025-04-11 14:00:00,2025-04-11 15:00:00,e-scooter,F Francois-Mitterrand-Platz,50,0,1
synthetic_e_scooter,2025-04-11,2025-04-11 14:00:00,2025-04-11 15:00:00,e-scooter,F Francois-Mitterrand-Platz,100,1,1
synthetic_e_scooter,2025-04-11,2025-04-11 14:00:00,2025-04-11 15:00:00,e-scooter,F Francois-Mitterrand-Platz,250,1,2
synthetic_e_scooter,2025-04-11,2025-04-11 14:00:00,2025-04-11 15:00:00,e-scooter,F Francois-Mitterrand-Platz,350,3,5
synthetic_bikesharing,2025-04-11,2025-04-11 14:00:00,2025-04-11 15:00:00,bicycle,F Miquel-/Adickesallee,50,0,0
synthetic_bikesharing,2025-04-11,2025-04-11 14:00:00,2025-04-11 15:00:00,bicycle,F Miquel-/Adickesallee,100,4,0
synthetic_bikesharing,2025-04-11,2025-04-11 14:00:00,2025-04-11 15:00:00,bicycle,F Miquel-/Adickesallee,250,9,5
synthetic_bikesharing,2025-04-11,2025-04-11 14:00:00,2025-04-11 15:00:00,bicycle,F Miquel-/Adickesallee,350,13,7
synthetic_e_scooter,2025-04-11,2025-04-11 14:00:00,2025-04-11 15:00:00,e-scooter,F Miquel-/Adickesallee,50,1,2
synthetic_e_scooter,2025-04-11,2025-04-11 14:00:00,2025-04-11 15:00:00,e-scooter,F Miquel-/Adickesallee,100,4,6
synthetic_e_scooter,2025-04-11,2025-04-11 14:00:00,2025-04-11 15:00:00,e-scooter,F Miquel-/Adickesallee,250,11,10
synthetic_e_scooter,2025-04-11,2025-04-11 14:00:00,2025-04-11 15:00:00,e-scooter,F Miquel-/Adickesallee,350,16,13
synthetic_bikesharing,2025-04-11,2025-04-11 14:00:00,2025-04-11 15:00:00,bicycle,F Plieningerstraße,50,0,0
synthetic_bikesharing,2025-04-11,2025-04-11 14:00:00,2025-04-11 15:00:00,bicycle,F Plieningerstraße,100,0,0
synthetic_bikesharing,2025-04-11,2025-04-11 14:00:00,2025-04-11 15:00:00,bicycle,F Plieningerstraße,250,1,0
synthetic_bikesharing,2025-04-11,2025-04-11 14:00:00,2025-04-11 15:00:00,bicycle,F Plieningerstraße,350,1,2
synthetic_e_scooter,2025-04-11,2025-04-11 14:00:00,2025-04-11 15:00:00,e-scooter,F Plieningerstraße,50,1,2
synthetic_e_scooter,2025-04-11,2025-04-11 14:00:00,2025-04-11 15:00:00,e-scooter,F Plieningerstraße,100,1,4
synthetic_e_scooter,2025-04-11,2025-04-11 14:00:00,2025-04-11 15:00:00,e-scooter,F Plieningerstraße,250,2,7
synthetic_e_scooter,2025-04-11,2025-04-11 14:00:00,2025-04-11 15:00:00,e-scooter,F Plieningerstraße,350,3,8
synthetic_bikesharing,2025-04-11,2025-04-11 14:00:00,2025-04-11 15:00:00,bicycle,F Weser-/Münchener Straße,50,2,0
synthetic_bikesharing,2025-04-11,2025-04-11 14:00:00,2025-04-11 15:00:00,bicycle,F Weser-/Münchener Straße,100,4,4
synthetic_bikesharing,2025-04-11,2025-04-11 14:00:00,2025-04-11 15:00:00,bicycle,F Weser-/Münchener Straße,250,8,9
synthetic_bikesharing,2025-04-11,2025-04-11 14:00:00,2025-04-11 15:00:00,bicycle,F Weser-/Münchener Straße,350,11,10
synthetic_e_scooter,2025-04-11,2025-04-11 14:00:00,2025-04-11 15:00:00,e-scooter,F Weser-/Münchener Straße,50,1,2
synthetic_e_scooter,2025-04-11,2025-04-11 14:00:00,2025-04-11 15:00:00,e-scooter,F Weser-/Münchener Straße,100,4,6
synthetic_e_scooter,2025-04-11,2025-04-11 14:00:00,2025-04-11 15:00:00,e-scooter,F Weser-/Münchener Straße,250,9,9
synthetic_e_scooter,2025-04-11,2025-04-11 14:00:00,2025-04-11 15:00:00,e-scooter,F Weser-/Münchener Straße,350,16,10
synthetic_bikesharing,2025-04-11,2025-04-11 15:00:00,2025-04-11 16:00:00,bicycle,*405 F Dornbusch/Am Grünhof,50,0,0
synthetic_bikesharing,2025-04-11,2025-04-11 15:00:00,2025-04-11 16:00:00,bicycle,*405 F Dornbusch/Am Grünhof,100,0,0
synthetic_bikesharing,2025-04-11,2025-04-11 15:00:00,2025-04-11 16:00:00,bicycle,*405 F Dornbusch/Am Grünhof,250,1,0
synthetic_bikesharing,2025-04-11,2025-04-11 15:00:00,2025-04-11 16:00:00,bicycle,*405 F Dornbusch/Am Grünhof,350,2,1
synthetic_e_scooter,2025-04-11,2025-04-11 15:00:00,2025-04-11 16:00:00,e-scooter,*405 F Dornbusch/Am Grünhof,50,0,0
synthetic_e_scooter,2025-04-11,2025-04-11 15:00:00,2025-04-11 16:00:00,e-scooter,*405 F Dornbusch/Am Grünhof,100,4,3
synthetic_e_scooter,2025-04-11,2025-04-11 15:00:00,2025-04-11 16:00:00,e-scooter,*405 F Dornbusch/Am Grünhof,250,7,5
synthetic_e_scooter,2025-04-11,2025-04-11 15:00:00,2025-04-11 16:00:00,e-scooter,*405 F Dornbusch/Am Grünhof,350,8,8
synthetic_bikesharing,2025-04-11,2025-04-11 15:00:00,2025-04-11 16:00:00,bicycle,F Francois-Mitterrand-Platz,50,0,1
synthetic_bikesharing,2025-04-11,2025-04-11 15:00:00,2025-04-11 16:00:00,bicycle,F Francois-Mitterrand-Platz,100,1,2
synthetic_bikesharing,2025-04-11,2025-04-11 15:00:00,2025-04-11 16:00:00,bicycle,F Francois-Mitterrand-Platz,250,5,6
synthetic_bikesharing,2025-04-11,2025-04-11 15:00:00,2025-04-11 16:00:00,bicycle,F Francois-Mitterrand-Platz,350,6,7
synthetic_e_scooter,2025-04-11,2025-04-11 15:00:00,2025-04-11 16:00:00,e-scooter,F Francois-Mitterrand-Platz,50,2,0
synthetic_e_scooter,2025-04-11,2025-04-11 15:00:00,2025-04-11 16:00:00,e-scooter,F Francois-Mitterrand-Platz,100,5,4
synthetic_e_scooter,2025-04-11,2025-04-11 15:00:00,2025-04-11 16:00:00,e-scooter,F Francois-Mitterrand-Platz,250,9,7
synthetic_e_scooter,2025-04-11,2025-04-11 15:00:00,2025-04-11 16:00:00,e-scooter,F Francois-Mitterrand-Platz,350,13,8
synthetic_bikesharing,2025-04-11,2025-04-11 15:00:00,2025-04-11 16:00:00,bicycle,F Miquel-/Adickesallee,50,2,1
synthetic_bikesharing,2025-04-11,2025-04-11 15:00:00,2025-04-11 16:00:00,bicycle,F Miquel-/Adickesallee,100,7,1
synthetic_bikesharing,2025-04-11,2025-04-11 15:00:00,2025-04-11 16:00:00,bicycle,F Miquel-/Adickesallee,250,13,7
synthetic_bikesharing,2025-04-11,2025-04-11 15:00:00,2025-04-11 16:00:00,bicycle,F Miquel-/Adickesallee,350,14,9
synthetic_e_scooter,2025-04-11,2025-04-11 15:00:00,2025-04-11 16:00:00,e-scooter,F Miquel-/Adickesallee,50,1,1
synthetic_e_scooter,2025-04-11,2025-04-11 15:00:00,2025-04-11 16:00:00,e-scooter,F Miquel-/Adickesallee,100,4,11
synthetic_e_scooter,2025-04-11,2025-04-11 15:00:00,2025-04-11 16:00:00,e-scooter,F Miquel-/Adickesallee,250,13,16
synthetic_e_scooter,2025-04-11,2025-04-11 15:00:00,2025-04-11 16:00:00,e-scooter,F Miquel-/Adickesallee,350,17,18
synthetic_bikesharing,2025-04-11,2025-04-11 15:00:00,2025-04-11 16:00:00,bicycle,F Plieningerstraße,50,0,0
synthetic_bikesharing,2025-04-11,2025-04-11 15:00:00,2025-04-11 16:00:00,bicycle,F Plieningerstraße,100,0,3
synthetic_bikesharing,2025-04-11,2025-04-11 15:00:00,2025-04-11 16:00:00,bicycle,F Plieningerstraße,250,2,5
synthetic_bikesharing,2025-04-11,2025-04-11 15:00:00,2025-04-11 16:00:00,bicycle,F Plieningerstraße,350,2,5
synthetic_e_scooter,2025-04-11,2025-04-11 15:00:00,2025-04-11 16:00:00,e-scooter,F Plieningerstraße,50,0,0
synthetic_e_scooter,2025-04-11,2025-04-11 15:00:00,2025-04-11 16:00:00,e-scooter,F Plieningerstraße,100,2,0
synthetic_e_scooter,2025-04-11,2025-04-11 15:00:00,2025-04-11 16:00:00,e-scooter,F Plieningerstraße,250,4,2
synthetic_e_scooter,2025-04-11,2025-04-11 15:00:00,2025-04-11 16:00:00,e-scooter,F Plieningerstraße,350,7,2
synthetic_bikesharing,2025-04-11,2025-04-11 15:00:00,2025-04-11 16:00:00,bicycle,F Weser-/Münchener Straße,50,1,2
synthetic_bikesharing,2025-04-11,2025-04-11 15:00:00,2025-04-11 16:00:00,bicycle,F Weser-/Münchener Straße,100,2,3
synthetic_bikesharing,2025-04-11,2025-04-11 15:00:00,2025-04-11 16:00:00,bicycle,F Weser-/Münchener Straße,250,3,6
synthetic_bikesharing,2025-04-11,2025-04-11 15:00:00,2025-04-11 16:00:00,bicycle,F Weser-/Münchener Straße,350,5,7
synthetic_e_scooter,2025-04-11,2025-04-11 15:00:00,2025-04-11 16:00:00,e-scooter,F Weser-/Münchener Straße,50,1,1
synthetic_e_scooter,2025-04-11,2025-04-11 15:00:00,2025-04-11 16:00:00,e-scooter,F Weser-/Münchener Straße,100,4,3
synthetic_e_scooter,2025-04-11,2025-04-11 15:00:00,2025-04-11 16:00:00,e-scooter,F Weser-/Münchener Straße,250,9,7
synthetic_e_scooter,2025-04-11,2025-04-11 15:00:00,2025-04-11 16:00:00,e-scooter,F Weser-/Münchener Straße,350,16,13
synthetic_bikesharing,2025-04-11,2025-04-11 16:00:00,2025-04-11 17:00:00,bicycle,*405 F Dornbusch/Am Grünhof,50,0,1
synthetic_bikesharing,2025-04-11,2025-04-11 16:00:00,2025-04-11 17:00:00,bicycle,*405 F Dornbusch/Am Grünhof,100,1,1
synthetic_bikesharing,2025-04-11,2025-04-11 16:00:00,2025-04-11 17:00:00,bicycle,*405 F Dornbusch/Am Grünhof,250,4,4
synthetic_bikesharing,2025-04-11,2025-04-11 16:00:00,2025-04-11 17:00:00,bicycle,*405 F Dornbusch/Am Grünhof,350,6,5
synthetic_e_scooter,2025-04-11,2025-04-11 16:00:00,2025-04-11 17:00:00,e-scooter,*405 F Dornbusch/Am Grünhof,50,1,4
synthetic_e_scooter,2025-04-11,2025-04-11 16:00:00,2025-04-11 17:00:00,e-scooter,*405 F Dornbusch/Am Grünhof,100,1,6
synthetic_e_scooter,2025-04-11,2025-04-11 16:00:00,2025-04-11 17:00:00,e-scooter,*405 F Dornbusch/Am Grünhof,250,3,16
synthetic_e_scooter,2025-04-11,2025-04-11 16:00:00,2025-04-11 17:00:00,e-scooter,*405 F Dornbusch/Am Grünhof,350,3,17
synthetic_bikesharing,2025-04-11,2025-04-11 16:00:00,2025-04-11 17:00:00,bicycle,F Francois-Mitterrand-Platz,50,1,0
synthetic_bikesharing,2025-04-11,2025-04-11 16:00:00,2025-04-11 17:00:00,bicycle,F Francois-Mitterrand-Platz,100,2,1
synthetic_bikesharing,2025-04-11,2025-04-11 16:00:00,2025-04-11 17:00:00,bicycle,F Francois-Mitterrand-Platz,250,7,3
synthetic_bikesharing,2025-04-11,2025-04-11 16:00:00,2025-04-11 17:00:00,bicycle,F Francois-Mitterrand-Platz,350,9,4
synthetic_e_scooter,2025-04-11,2025-04-11 16:00:00,2025-04-11 17:00:00,e-scooter,F Francois-Mitterrand-Platz,50,0,0
synthetic_e_scooter,2025-04-11,2025-04-11 16:00:00,2025-04-11 17:00:00,e-scooter,F Francois-Mitterrand-Platz,100,2,4
synthetic_e_scooter,2025-04-11,2025-04-11 16:00:00,2025-04-11 17:00:00,e-scooter,F Francois-Mitterrand-Platz,250,5,6
synthetic_e_scooter,2025-04-11,2025-04-11 16:00:00,2025-04-11 17:00:00,e-scooter,F Francois-Mitterrand-Platz,350,7,10
synthetic_bikesharing,2025-04-11,2025-04-11 16:00:00,2025-04-11 17:00:00,bicycle,F Miquel-/Adickesallee,50,0,3
synthetic_bikesharing,2025-04-11,2025-04-11 16:00:00,2025-04-11 17:00:00,bicycle,F Miquel-/Adickesallee,100,1,4
synthetic_bikesharing,2025-04-11,2025-04-11 16:00:00,2025-04-11 17:00:00,bicycle,F Miquel-/Adickesallee,250,3,12
synthetic_bikesharing,2025-04-11,2025-04-11 16:00:00,2025-04-11 17:00:00,bicycle,F Miquel-/Adickesallee,350,5,15
synthetic_e_scooter,2025-04-11,2025-04-11 16:00:00,2025-04-11 17:00:00,e-scooter,F Miquel-/Adickesallee,50,0,2
synthetic_e_scooter,2025-04-11,2025-04-11 16:00:00,2025-04-11 17:00:00,e-scooter,F Miquel-/Adickesallee,100,1,5
synthetic_e_scooter,2025-04-11,2025-04-11 16:00:00,2025-04-11 17:00:00,e-scooter,F Miquel-/Adickesallee,250,6,11
synthetic_e_scooter,2025-04-11,2025-04-11 16:00:00,2025-04-11 17:00:00,e-scooter,F Miquel-/Adickesallee,350,9,14
synthetic_bikesharing,2025-04-11,2025-04-11 16:00:00,2025-04-11 17:00:00,bicycle,F Plieningerstraße,50,2,0
synthetic_bikesharing,2025-04-11,2025-04-11 16:00:00,2025-04-11 17:00:00,bicycle,F Plieningerstraße,100,5,0
synthetic_bikesharing,2025-04-11,2025-04-11 16:00:00,2025-04-11 17:00:00,bicycle,F Plieningerstraße,250,6,1
synthetic_bikesharing,2025-04-11,2025-04-11 16:00:00,2025-04-11 17:00:00,bicycle,F Plieningerstraße,350,8,1
synthetic_e_scooter,2025-04-11,2025-04-11 16:00:00,2025-04-11 17:00:00,e-scooter,F Plieningerstraße,50,1,0
synthetic_e_scooter,2025-04-11,2025-04-11 16:00:00,2025-04-11 17:00:00,e-scooter,F Plieningerstraße,100,3,0
synthetic_e_scooter,2025-04-11,2025-04-11 16:00:00,2025-04-11 17:00:00,e-scooter,F Plieningerstraße,250,8,2
synthetic_e_scooter,2025-04-11,2025-04-11 16:00:00,2025-04-11 17:00:00,e-scooter,F Plieningerstraße,350,9,2
synthetic_bikesharing,2025-04-11,2025-04-11 16:00:00,2025-04-11 17:00:00,bicycle,F Weser-/Münchener Straße,50,0,3
synthetic_bikesharing,2025-04-11,2025-04-11 16:00:00,2025-04-11 17:00:00,bicycle,F Weser-/Münchener Straße,100,1,4
synthetic_bikesharing,2025-04-11,2025-04-11 16:00:00,2025-04-11 17:00:00,bicycle,F Weser-/Münchener Straße,250,3,9
synthetic_bikesharing,2025-04-11,2025-04-11 16:00:00,2025-04-11 17:00:00,bicycle,F Weser-/Münchener Straße,350,7,12
synthetic_e_scooter,2025-04-11,2025-04-11 16:00:00,2025-04-11 17:00:00,e-scooter,F Weser-/Münchener Straße,50,2,3
synthetic_e_scooter,2025-04-11,2025-04-11 16:00:00,2025-04-11 17:00:00,e-scooter,F Weser-/Münchener Straße,100,4,3
synthetic_e_scooter,2025-04-11,2025-04-11 16:00:00,2025-04-11 17:00:00,e-scooter,F Weser-/Münchener Straße,250,9,9
synthetic_e_scooter,2025-04-11,2025-04-11 16:00:00,2025-04-11 17:00:00,e-scooter,F Weser-/Münchener Straße,350,13,13
synthetic_bikesharing,2025-04-11,2025-04-11 17:00:00,2025-04-11 18:00:00,bicycle,*405 F Dornbusch/Am Grünhof,50,0,2
synthetic_bikesharing,2025-04-11,2025-04-11 17:00:00,2025-04-11 18:00:00,bicycle,*405 F Dornbusch/Am Grünhof,100,2,3
synthetic_bikesharing,2025-04-11,2025-04-11 17:00:00,2025-04-11 18:00:00,bicycle,*405 F Dornbusch/Am Grünhof,250,4,6
synthetic_bikesharing,2025-04-11,2025-04-11 17:00:00,2025-04-11 18:00:00,bicycle,*405 F Dornbusch/Am Grünhof,350,8,10
synthetic_e_scooter,2025-04-11,2025-04-11 17:00:00,2025-04-11 18:00:00,e-scooter,*405 F Dornbusch/Am Grünhof,50,1,0
synthetic_e_scooter,2025-04-11,2025-04-11 17:00:00,2025-04-11 18:00:00,e-scooter,*405 F Dornbusch/Am Grünhof,100,3,0
synthetic_e_scooter,2025-04-11,2025-04-11 17:00:00,2025-04-11 18:00:00,e-scooter,*405 F Dornbusch/Am Grünhof,250,4,5
synthetic_e_scooter,2025-04-11,2025-04-11 17:00:00,2025-04-11 18:00:00,e-scooter,*405 F Dornbusch/Am Grünhof,350,8,7
synthetic_bikesharing,2025-04-11,2025-04-11 17:00:00,2025-04-11 18:00:00,bicycle,F Francois-Mitterrand-Platz,50,4,0
synthetic_bikesharing,2025-04-11,2025-04-11 17:00:00,2025-04-11 18:00:00,bicycle,F Francois-Mitterrand-Platz,100,7,0
synthetic_bikesharing,2025-04-11,2025-04-11 17:00:00,2025-04-11 18:00:00,bicycle,F Francois-Mitterrand-Platz,250,10,3
synthetic_bikesharing,2025-04-11,2025-04-11 17:00:00,2025-04-11 18:00:00,bicycle,F Francois-Mitterrand-Platz,350,15,4
synthetic_e_scooter,2025-04-11,2025-04-11 17:00:00,2025-04-11 18:00:00,e-scooter,F Francois-Mitterrand-Platz,50,0,1
synthetic_e_scooter,2025-04-11,2025-04-11 17:00:00,2025-04-11 18:00:00,e-scooter,F Francois-Mitterrand-Platz,100,3,4
synthetic_e_scooter,2025-04-11,2025-04-11 17:00:00,2025-04-11 18:00:00,e-scooter,F Francois-Mitterrand-Platz,250,9,6
synthetic_e_scooter,2025-04-11,2025-04-11 17:00:00,2025-04-11 18:00:00,e-scooter,F Francois-Mitterrand-Platz,350,11,8
synthetic_bikesharing,2025-04-11,2025-04-11 17:00:00,2025-04-11 18:00:00,bicycle,F Miquel-/Adickesallee,50,2,3
synthetic_bikesharing,2025-04-11,2025-04-11 17:00:00,2025-04-11 18:00:00,bicycle,F Miquel-/Adickesallee,100,5,4
synthetic_bikesharing,2025-04-11,2025-04-11 17:00:00,2025-04-11 18:00:00,bicycle,F Miquel-/Adickesallee,250,11,11
synthetic_bikesharing,2025-04-11,2025-04-11 17:00:00,2025-04-11 18:00:00,bicycle,F Miquel-/Adickesallee,350,13,15
synthetic_e_scooter,2025-04-11,2025-04-11 17:00:00,2025-04-11 18:00:00,e-scooter,F Miquel-/Adickesallee,50,0,1
synthetic_e_scooter,2025-04-11,2025-04-11 17:00:00,2025-04-11 18:00:00,e-scooter,F Miquel-/Adickesallee,100,3,5
synthetic_e_scooter,2025-04-11,2025-04-11 17:00:00,2025-04-11 18:00:00,e-scooter,F Miquel-/Adickesallee,250,7,11
synthetic_e_scooter,2025-04-11,2025-04-11 17:00:00,2025-04-11 18:00:00,e-scooter,F Miquel-/Adickesallee,350,13,14
synthetic_bikesharing,2025-04-11,2025-04-11 17:00:00,2025-04-11 18:00:00,bicycle,F Plieningerstraße,50,0,0
synthetic_bikesharing,2025-04-11,2025-04-11 17:00:00,2025-04-11 18:00:00,bicycle,F Plieningerstraße,100,2,0
synthetic_bikesharing,2025-04-11,2025-04-11 17:00:00,2025-04-11 18:00:00,bicycle,F Plieningerstraße,250,5,1
synthetic_bikesharing,2025-04-11,2025-04-11 17:00:00,2025-04-11 18:00:00,bicycle,F Plieningerstraße,350,6,2
synthetic_e_scooter,2025-04-11,2025-04-11 17:00:00,2025-04-11 18:00:00,e-scooter,F Plieningerstraße,50,0,0
synthetic_e_scooter,2025-04-11,2025-04-11 17:00:00,2025-04-11 18:00:00,e-scooter,F Plieningerstraße,100,0,0
synthetic_e_scooter,2025-04-11,2025-04-11 17:00:00,2025-04-11 18:00:00,e-scooter,F Plieningerstraße,250,2,2
synthetic_e_scooter,2025-04-11,2025-04-11 17:00:00,2025-04-11 18:00:00,e-scooter,F Plieningerstraße,350,2,3
synthetic_bikesharing,2025-04-11,2025-04-11 17:00:00,2025-04-11 18:00:00,bicycle,F Weser-/Münchener Straße,50,1,2
synthetic_bikesharing,2025-04-11,2025-04-11 17:00:00,2025-04-11 18:00:00,bicycle,F Weser-/Münchener Straße,100,1,9
synthetic_bikesharing,2025-04-11,2025-04-11 17:00:00,2025-04-11 18:00:00,bicycle,F Weser-/Münchener Straße,250,3,20
synthetic_bikesharing,2025-04-11,2025-04-11 17:00:00,2025-04-11 18:00:00,bicycle,F Weser-/Münchener Straße,350,10,25
synthetic_e_scooter,2025-04-11,2025-04-11 17:00:00,2025-04-11 18:00:00,e-scooter,F Weser-/Münchener Straße,50,2,3
synthetic_e_scooter,2025-04-11,2025-04-11 17:00:00,2025-04-11 18:00:00,e-scooter,F Weser-/Münchener Straße,100,2,4
synthetic_e_scooter,2025-04-11,2025-04-11 17:00:00,2025-04-11 18:00:00,e-scooter,F Weser-/Münchener Straße,250,4,13
synthetic_e_scooter,2025-04-11,2025-04-11 17:00:00,2025-04-11 18:00:00,e-scooter,F Weser-/Münchener Straße,350,5,21
synthetic_bikesharing,2025-04-11,2025-04-11 18:00:00,2025-04-11 19:00:00,bicycle,*405 F Dornbusch/Am Grünhof,50,0,2
synthetic_bikesharing,2025-04-11,2025-04-11 18:00:00,2025-04-11 19:00:00,bicycle,*405 F Dornbusch/Am Grünhof,100,2,2
synthetic_bikesharing,2025-04-11,2025-04-11 18:00:00,2025-04-11 19:00:00,bicycle,*405 F Dornbusch/Am Grünhof,250,5,5
synthetic_bikesharing,2025-04-11,2025-04-11 18:00:00,2025-04-11 19:00:00,bicycle,*405 F Dornbusch/Am Grünhof,350,6,5
synthetic_e_scooter,2025-04-11,2025-04-11 18:00:00,2025-04-11 19:00:00,e-scooter,*405 F Dornbusch/Am Grünhof,50,0,3
synthetic_e_scooter,2025-04-11,2025-04-11 18:00:00,2025-04-11 19:00:00,e-scooter,*405 F Dornbusch/Am Grünhof,100,1,7
synthetic_e_scooter,2025-04-11,2025-04-11 18:00:00,2025-04-11 19:00:00,e-scooter,*405 F Dornbusch/Am Grünhof,250,2,15
synthetic_e_scooter,2025-04-11,2025-04-11 18:00:00,2025-04-11 19:00:00,e-scooter,*405 F Dornbusch/Am Grünhof,350,2,19
synthetic_bikesharing,2025-04-11,2025-04-11 18:00:00,2025-04-11 19:00:00,bicycle,F Francois-Mitterrand-Platz,50,0,2
synthetic_bikesharing,2025-04-11,2025-04-11 18:00:00,2025-04-11 19:00:00,bicycle,F Francois-Mitterrand-Platz,100,3,4
synthetic_bikesharing,2025-04-11,2025-04-11 18:00:00,2025-04-11 19:00:00,bicycle,F Francois-Mitterrand-Platz,250,9,5
synthetic_bikesharing,2025-04-11,2025-04-11 18:00:00,2025-04-11 19:00:00,bicycle,F Francois-Mitterrand-Platz,350,13,6
synthetic_e_scooter,2025-04-11,2025-04-11 18:00:00,2025-04-11 19:00:00,e-scooter,F Francois-Mitterrand-Platz,50,0,2
synthetic_e_scooter,2025-04-11,2025-04-11 18:00:00,2025-04-11 19:00:00,e-scooter,F Francois-Mitterrand-Platz,100,5,2
synthetic_e_scooter,2025-04-11,2025-04-11 18:00:00,2025-04-11 19:00:00,e-scooter,F Francois-Mitterrand-Platz,250,12,6
synthetic_e_scooter,2025-04-11,2025-04-11 18:00:00,2025-04-11 19:00:00,e-scooter,F Francois-Mitterrand-Platz,350,16,10
synthetic_bikesharing,2025-04-11,2025-04-11 18:00:00,2025-04-11 19:00:00,bicycle,F Miquel-/Adickesallee,50,2,1
synthetic_bikesharing,2025-04-11,2025-04-11 18:00:00,2025-04-11 19:00:00,bicycle,F Miquel-/Adickesallee,100,2,5
synthetic_bikesharing,2025-04-11,2025-04-11 18:00:00,2025-04-11 19:00:00,bicycle,F Miquel-/Adickesallee,250,5,12
synthetic_bikesharing,2025-04-11,2025-04-11 18:00:00,2025-04-11 19:00:00,bicycle,F Miquel-/Adickesallee,350,8,18
synthetic_e_scooter,2025-04-11,2025-04-11 18:00:00,2025-04-11 19:00:00,e-scooter,F Miquel-/Adickesallee,50,1,1
synthetic_e_scooter,2025-04-11,2025-04-11 18:00:00,2025-04-11 19:00:00,e-scooter,F Miquel-/Adickesallee,100,3,5
synthetic_e_scooter,2025-04-11,2025-04-11 18:00:00,2025-04-11 19:00:00,e-scooter,F Miquel-/Adickesallee,250,11,13
synthetic_e_scooter,2025-04-11,2025-04-11 18:00:00,2025-04-11 19:00:00,e-scooter,F Miquel-/Adickesallee,350,15,16
synthetic_bikesharing,2025-04-11,2025-04-11 18:00:00,2025-04-11 19:00:00,bicycle,F Plieningerstraße,50,0,0
synthetic_bikesharing,2025-04-11,2025-04-11 18:00:00,2025-04-11 19:00:00,bicycle,F Plieningerstraße,100,1,0
synthetic_bikesharing,2025-04-11,2025-04-11 18:00:00,2025-04-11 19:00:00,bicycle,F Plieningerstraße,250,6,0
synthetic_bikesharing,2025-04-11,2025-04-11 18:00:00,2025-04-11 19:00:00,bicycle,F Plieningerstraße,350,8,1
synthetic_e_scooter,2025-04-11,2025-04-11 18:00:00,2025-04-11 19:00:00,e-scooter,F Plieningerstraße,50,2,0
synthetic_e_scooter,2025-04-11,2025-04-11 18:00:00,2025-04-11 19:00:00,e-scooter,F Plieningerstraße,100,8,3
synthetic_e_scooter,2025-04-11,2025-04-11 18:00:00,2025-04-11 19:00:00,e-scooter,F Plieningerstraße,250,9,4
synthetic_e_scooter,2025-04-11,2025-04-11 18:00:00,2025-04-11 19:00:00,e-scooter,F Plieningerstraße,350,10,5
synthetic_bikesharing,2025-04-11,2025-04-11 18:00:00,2025-04-11 19:00:00,bicycle,F Weser-/Münchener Straße,50,1,1
synthetic_bikesharing,2025-04-11,2025-04-11 18:00:00,2025-04-11 19:00:00,bicycle,F Weser-/Münchener Straße,100,2,3
synthetic_bikesharing,2025-04-11,2025-04-11 18:00:00,2025-04-11 19:00:00,bicycle,F Weser-/Münchener Straße,250,5,9
synthetic_bikesharing,2025-04-11,2025-04-11 18:00:00,2025-04-11 19:00:00,bicycle,F Weser-/Münchener Straße,350,9,16
synthetic_e_scooter,2025-04-11,2025-04-11 18:00:00,2025-04-11 19:00:00,e-scooter,F Weser-/Münchener Straße,50,1,3
synthetic_e_scooter,2025-04-11,2025-04-11 18:00:00,2025-04-11 19:00:00,e-scooter,F Weser-/Münchener Straße,100,7,5
synthetic_e_scooter,2025-04-11,2025-04-11 18:00:00,2025-04-11 19:00:00,e-scooter,F Weser-/Münchener Straße,250,13,17
synthetic_e_scooter,2025-04-11,2025-04-11 18:00:00,2025-04-11 19:00:00,e-scooter,F Weser-/Münchener Straße,350,20,23
synthetic_bikesharing,2025-04-11,2025-04-11 19:00:00,2025-04-11 20:00:00,bicycle,*405 F Dornbusch/Am Grünhof,50,0,0
synthetic_bikesharing,2025-04-11,2025-04-11 19:00:00,2025-04-11 20:00:00,bicycle,*405 F Dornbusch/Am Grünhof,100,2,0
synthetic_bikesharing,2025-04-11,2025-04-11 19:00:00,2025-04-11 20:00:00,bicycle,*405 F Dornbusch/Am Grünhof,250,3,3
synthetic_bikesharing,2025-04-11,2025-04-11 19:00:00,2025-04-11 20:00:00,bicycle,*405 F Dornbusch/Am Grünhof,350,3,3
synthetic_e_scooter,2025-04-11,2025-04-11 19:00:00,2025-04-11 20:00:00,e-scooter,*405 F Dornbusch/Am Grünhof,50,2,1
synthetic_e_scooter,2025-04-11,2025-04-11 19:00:00,2025-04-11 20:00:00,e-scooter,*405 F Dornbusch/Am Grünhof,100,4,3
synthetic_e_scooter,2025-04-11,2025-04-11 19:00:00,2025-04-11 20:00:00,e-scooter,*405 F Dornbusch/Am Grünhof,250,6,3
synthetic_e_scooter,2025-04-11,2025-04-11 19:00:00,2025-04-11 20:00:00,e-scooter,*405 F Dornbusch/Am Grünhof,350,8,7
synthetic_bikesharing,2025-04-11,2025-04-11 19:00:00,2025-04-11 20:00:00,bicycle,F Francois-Mitterrand-Platz,50,2,0
synthetic_bikesharing,2025-04-11,2025-04-11 19:00:00,2025-04-11 20:00:00,bicycle,F Francois-Mitterrand-Platz,100,3,0
synthetic_bikesharing,2025-04-11,2025-04-11 19:00:00,2025-04-11 20:00:00,bicycle,F Francois-Mitterrand-Platz,250,10,4
synthetic_bikesharing,2025-04-11,2025-04-11 19:00:00,2025-04-11 20:00:00,bicycle,F Francois-Mitterrand-Platz,350,11,5
synthetic_e_scooter,2025-04-11,2025-04-11 19:00:00,2025-04-11 20:00:00,e-scooter,F Francois-Mitterrand-Platz,50,2,3
synthetic_e_scooter,2025-04-11,2025-04-11 19:00:00,2025-04-11 20:00:00,e-scooter,F Francois-Mitterrand-Platz,100,7,6
synthetic_e_scooter,2025-04-11,2025-04-11 19:00:00,2025-04-11 20:00:00,e-scooter,F Francois-Mitterrand-Platz,250,13,10
synthetic_e_scooter,2025-04-11,2025-04-11 19:00:00,2025-04-11 20:00:00,e-scooter,F Francois-Mitterrand-Platz,350,17,10
synthetic_bikesharing,2025-04-11,2025-04-11 19:00:00,2025-04-11 20:00:00,bicycle,F Miquel-/Adickesallee,50,0,0
synthetic_bikesharing,2025-04-11,2025-04-11 19:00:00,2025-04-11 20:00:00,bicycle,F Miquel-/Adickesallee,100,1,1
synthetic_bikesharing,2025-04-11,2025-04-11 19:00:00,2025-04-11 20:00:00,bicycle,F Miquel-/Adickesallee,250,2,8
synthetic_bikesharing,2025-04-11,2025-04-11 19:00:00,2025-04-11 20:00:00,bicycle,F Miquel-/Adickesallee,350,2,10
synthetic_e_scooter,2025-04-11,2025-04-11 19:00:00,2025-04-11 20:00:00,e-scooter,F Miquel-/Adickesallee,50,2,2
synthetic_e_scooter,2025-04-11,2025-04-11 19:00:00,2025-04-11 20:00:00,e-scooter,F Miquel-/Adickesallee,100,2,6
synthetic_e_scooter,2025-04-11,2025-04-11 19:00:00,2025-04-11 20:00:00,e-scooter,F Miquel-/Adickesallee,250,6,11
synthetic_e_scooter,2025-04-11,2025-04-11 19:00:00,2025-04-11 20:00:00,e-scooter,F Miquel-/Adickesallee,350,9,14
synthetic_bikesharing,2025-04-11,2025-04-11 19:00:00,2025-04-11 20:00:00,bicycle,F Plieningerstraße,50,0,0
synthetic_bikesharing,2025-04-11,2025-04-11 19:00:00,2025-04-11 20:00:00,bicycle,F Plieningerstraße,100,0,2
synthetic_bikesharing,2025-04-11,2025-04-11 19:00:00,2025-04-11 20:00:00,bicycle,F Plieningerstraße,250,2,2
synthetic_bikesharing,2025-04-11,2025-04-11 19:00:00,2025-04-11 20:00:00,bicycle,F Plieningerstraße,350,5,2
synthetic_e_scooter,2025-04-11,2025-04-11 19:00:00,2025-04-11 20:00:00,e-scooter,F Plieningerstraße,50,2,1
synthetic_e_scooter,2025-04-11,2025-04-11 19:00:00,2025-04-11 20:00:00,e-scooter,F Plieningerstraße,100,2,2
synthetic_e_scooter,2025-04-11,2025-04-11 19:00:00,2025-04-11 20:00:00,e-scooter,F Plieningerstraße,250,4,4
synthetic_e_scooter,2025-04-11,2025-04-11 19:00:00,2025-04-11 20:00:00,e-scooter,F Plieningerstraße,350,8,4
synthetic_bikesharing,2025-04-11,2025-04-11 19:00:00,2025-04-11 20:00:00,bicycle,F Weser-/Münchener Straße,50,0,2
synthetic_bikesharing,2025-04-11,2025-04-11 19:00:00,2025-04-11 20:00:00,bicycle,F Weser-/Münchener Straße,100,3,6
synthetic_bikesharing,2025-04-11,2025-04-11 19:00:00,2025-04-11 20:00:00,bicycle,F Weser-/Münchener Straße,250,4,15
synthetic_bikesharing,2025-04-11,2025-04-11 19:00:00,2025-04-11 20:00:00,bicycle,F Weser-/Münchener Straße,350,8,15
synthetic_e_scooter,2025-04-11,2025-04-11 19:00:00,2025-04-11 20:00:00,e-scooter,F Weser-/Münchener Straße,50,0,2
synthetic_e_scooter,2025-04-11,2025-04-11 19:00:00,2025-04-11 20:00:00,e-scooter,F Weser-/Münchener Straße,100,2,9
synthetic_e_scooter,2025-04-11,2025-04-11 19:00:00,2025-04-11 20:00:00,e-scooter,F Weser-/Münchener Straße,250,6,23
synthetic_e_scooter,2025-04-11,2025-04-11 19:00:00,2025-04-11 20:00:00,e-scooter,F Weser-/Münchener Straße,350,7,31
synthetic_bikesharing,2025-04-11,2025-04-11 20:00:00,2025-04-11 21:00:00,bicycle,*405 F Dornbusch/Am Grünhof,50,0,0
synthetic_bikesharing,2025-04-11,2025-04-11 20:00:00,2025-04-11 21:00:00,bicycle,*405 F Dornbusch/Am Grünhof,100,1,0
synthetic_bikesharing,2025-04-11,2025-04-11 20:00:00,2025-04-11 21:00:00,bicycle,*405 F Dornbusch/Am Grünhof,250,3,0
synthetic_bikesharing,2025-04-11,2025-04-11 20:00:00,2025-04-11 21:00:00,bicycle,*405 F Dornbusch/Am Grünhof,350,4,0
synthetic_e_scooter,2025-04-11,2025-04-11 20:00:00,2025-04-11 21:00:00,e-scooter,*405 F Dornbusch/Am Grünhof,50,0,0
synthetic_e_scooter,2025-04-11,2025-04-11 20:00:00,2025-04-11 21:00:00,e-scooter,*405 F Dornbusch/Am Grünhof,100,1,0
synthetic_e_scooter,2025-04-11,2025-04-11 20:00:00,2025-04-11 21:00:00,e-scooter,*405 F Dornbusch/Am Grünhof,250,1,3
synthetic_e_scooter,2025-04-11,2025-04-11 20:00:00,2025-04-11 21:00:00,e-scooter,*405 F Dornbusch/Am Grünhof,350,3,7
synthetic_bikesharing,2025-04-11,2025-04-11 20:00:00,2025-04-11 21:00:00,bicycle,F Francois-Mitterrand-Platz,50,1,1
synthetic_bikesharing,2025-04-11,2025-04-11 20:00:00,2025-04-11 21:00:00,bicycle,F Francois-Mitterrand-Platz,100,2,3
synthetic_bikesharing,2025-04-11,2025-04-11 20:00:00,2025-04-11 21:00:00,bicycle,F Francois-Mitterrand-Platz,250,3,5
synthetic_bikesharing,2025-04-11,2025-04-11 20:00:00,2025-04-11 21:00:00,bicycle,F Francois-Mitterrand-Platz,350,4,5
synthetic_e_scooter,2025-04-11,2025-04-11 20:00:00,2025-04-11 21:00:00,e-scooter,F Francois-Mitterrand-Platz,50,0,0
synthetic_e_scooter,2025-04-11,2025-04-11 20:00:00,2025-04-11 21:00:00,e-scooter,F Francois-Mitterrand-Platz,100,0,1
synthetic_e_scooter,2025-04-11,2025-04-11 20:00:00,2025-04-11 21:00:00,e-scooter,F Francois-Mitterrand-Platz,250,3,7
synthetic_e_scooter,2025-04-11,2025-04-11 20:00:00,2025-04-11 21:00:00,e-scooter,F Francois-Mitterrand-Platz,350,6,8
synthetic_bikesharing,2025-04-11,2025-04-11 20:00:00,2025-04-11 21:00:00,bicycle,F Miquel-/Adickesallee,50,0,0
synthetic_bikesharing,2025-04-11,2025-04-11 20:00:00,2025-04-11 21:00:00,bicycle,F Miquel-/Adickesallee,100,0,0
synthetic_bikesharing,2025-04-11,2025-04-11 20:00:00,2025-04-11 21:00:00,bicycle,F Miquel-/Adickesallee,250,1,2
synthetic_bikesharing,2025-04-11,2025-04-11 20:00:00,2025-04-11 21:00:00,bicycle,F Miquel-/Adickesallee,350,2,4
synthetic_e_scooter,2025-04-11,2025-04-11 20:00:00,2025-04-11 21:00:00,e-scooter,F Miquel-/Adickesallee,50,1,0
synthetic_e_scooter,2025-04-11,2025-04-11 20:00:00,2025-04-11 21:00:00,e-scooter,F Miquel-/Adickesallee,100,6,1
synthetic_e_scooter,2025-04-11,2025-04-11 20:00:00,2025-04-11 21:00:00,e-scooter,F Miquel-/Adickesallee,250,12,4
synthetic_e_scooter,2025-04-11,2025-04-11 20:00:00,2025-04-11 21:00:00,e-scooter,F Miquel-/Adickesallee,350,16,9
synthetic_bikesharing,2025-04-11,2025-04-11 20:00:00,2025-04-11 21:00:00,bicycle,F Plieningerstraße,50,0,0
synthetic_bikesharing,2025-04-11,2025-04-11 20:00:00,2025-04-11 21:00:00,bicycle,F Plieningerstraße,100,0,0
synthetic_bikesharing,2025-04-11,2025-04-11 20:00:00,2025-04-11 21:00:00,bicycle,F Plieningerstraße,250,2,2
synthetic_bikesharing,2025-04-11,2025-04-11 20:00:00,2025-04-11 21:00:00,bicycle,F Plieningerstraße,350,3,3
synthetic_e_scooter,2025-04-11,2025-04-11 20:00:00,2025-04-11 21:00:00,e-scooter,F Plieningerstraße,50,0,1
synthetic_e_scooter,2025-04-11,2025-04-11 20:00:00,2025-04-11 21:00:00,e-scooter,F Plieningerstraße,100,0,1
synthetic_e_scooter,2025-04-11,2025-04-11 20:00:00,2025-04-11 21:00:00,e-scooter,F Plieningerstraße,250,2,4
synthetic_e_scooter,2025-04-11,2025-04-11 20:00:00,2025-04-11 21:00:00,e-scooter,F Plieningerstraße,350,3,7
synthetic_bikesharing,2025-04-11,2025-04-11 20:00:00,2025-04-11 21:00:00,bicycle,F Weser-/Münchener Straße,50,0,2
synthetic_bikesharing,2025-04-11,2025-04-11 20:00:00,2025-04-11 21:00:00,bicycle,F Weser-/Münchener Straße,100,2,2
synthetic_bikesharing,2025-04-11,2025-04-11 20:00:00,2025-04-11 21:00:00,bicycle,F Weser-/Münchener Straße,250,3,6
synthetic_bikesharing,2025-04-11,2025-04-11 20:00:00,2025-04-11 21:00:00,bicycle,F Weser-/Münchener Straße,350,5,7
synthetic_e_scooter,2025-04-11,2025-04-11 20:00:00,2025-04-11 21:00:00,e-scooter,F Weser-/Münchener Straße,50,3,6
synthetic_e_scooter,2025-04-11,2025-04-11 20:00:00,2025-04-11 21:00:00,e-scooter,F Weser-/Münchener Straße,100,6,8
synthetic_e_scooter,2025-04-11,2025-04-11 20:00:00,2025-04-11 21:00:00,e-scooter,F Weser-/Münchener Straße,250,16,18
synthetic_e_scooter,2025-04-11,2025-04-11 20:00:00,2025-04-11 21:00:00,e-scooter,F Weser-/Münchener Straße,350,25,21
synthetic_bikesharing,2025-04-11,2025-04-11 21:00:00,2025-04-11 22:00:00,bicycle,*405 F Dornbusch/Am Grünhof,50,0,1
synthetic_bikesharing,2025-04-11,2025-04-11 21:00:00,2025-04-11 22:00:00,bicycle,*405 F Dornbusch/Am Grünhof,100,0,1
synthetic_bikesharing,2025-04-11,2025-04-11 21:00:00,2025-04-11 22:00:00,bicycle,*405 F Dornbusch/Am Grünhof,250,0,2
synthetic_bikesharing,2025-04-11,2025-04-11 21:00:00,2025-04-11 22:00:00,bicycle,*405 F Dornbusch/Am Grünhof,350,1,3
synthetic_e_scooter,2025-04-11,2025-04-11 21:00:00,2025-04-11 22:00:00,e-scooter,*405 F Dornbusch/Am Grünhof,50,1,0
synthetic_e_scooter,2025-04-11,2025-04-11 21:00:00,2025-04-11 22:00:00,e-scooter,*405 F Dornbusch/Am Grünhof,100,2,1
synthetic_e_scooter,2025-04-11,2025-04-11 21:00:00,2025-04-11 22:00:00,e-scooter,*405 F Dornbusch/Am Grünhof,250,6,3
synthetic_e_scooter,2025-04-11,2025-04-11 21:00:00,2025-04-11 22:00:00,e-scooter,*405 F Dornbusch/Am Grünhof,350,8,5
synthetic_bikesharing,2025-04-11,2025-04-11 21:00:00,2025-04-11 22:00:00,bicycle,F Francois-Mitterrand-Platz,50,1,1
synthetic_bikesharing,2025-04-11,2025-04-11 21:00:00,2025-04-11 22:00:00,bicycle,F Francois-Mitterrand-Platz,100,1,1
synthetic_bikesharing,2025-04-11,2025-04-11 21:00:00,2025-04-11 22:00:00,bicycle,F Francois-Mitterrand-Platz,250,1,4
synthetic_bikesharing,2025-04-11,2025-04-11 21:00:00,2025-04-11 22:00:00,bicycle,F Francois-Mitterrand-Platz,350,1,4
synthetic_e_scooter,2025-04-11,2025-04-11 21:00:00,2025-04-11 22:00:00,e-scooter,F Francois-Mitterrand-Platz,50,1,0
synthetic_e_scooter,2025-04-11,2025-04-11 21:00:00,2025-04-11 22:00:00,e-scooter,F Francois-Mitterrand-Platz,100,2,2
synthetic_e_scooter,2025-04-11,2025-04-11 21:00:00,2025-04-11 22:00:00,e-scooter,F Francois-Mitterrand-Platz,250,5,5
synthetic_e_scooter,2025-04-11,2025-04-11 21:00:00,2025-04-11 22:00:00,e-scooter,F Francois-Mitterrand-Platz,350,5,8
synthetic_bikesharing,2025-04-11,2025-04-11 21:00:00,2025-04-11 22:00:00,bicycle,F Miquel-/Adickesallee,50,0,0
synthetic_bikesharing,2025-04-11,2025-04-11 21:00:00,2025-04-11 22:00:00,bicycle,F Miquel-/Adickesallee,100,1,0
synthetic_bikesharing,2025-04-11,2025-04-11 21:00:00,2025-04-11 22:00:00,bicycle,F Miquel-/Adickesallee,250,4,1
synthetic_bikesharing,2025-04-11,2025-04-11 21:00:00,2025-04-11 22:00:00,bicycle,F Miquel-/Adickesallee,350,5,3
synthetic_e_scooter,2025-04-11,2025-04-11 21:00:00,2025-04-11 22:00:00,e-scooter,F Miquel-/Adickesallee,50,0,2
synthetic_e_scooter,2025-04-11,2025-04-11 21:00:00,2025-04-11 22:00:00,e-scooter,F Miquel-/Adickesallee,100,1,2
synthetic_e_scooter,2025-04-11,2025-04-11 21:00:00,2025-04-11 22:00:00,e-scooter,F Miquel-/Adickesallee,250,6,5
synthetic_e_scooter,2025-04-11,2025-04-11 21:00:00,2025-04-11 22:00:00,e-scooter,F Miquel-/Adickesallee,350,8,8
synthetic_bikesharing,2025-04-11,2025-04-11 21:00:00,2025-04-11 22:00:00,bicycle,F Plieningerstraße,50,0,0
synthetic_bikesharing,2025-04-11,2025-04-11 21:00:00,2025-04-11 22:00:00,bicycle,F Plieningerstraße,100,0,1
synthetic_bikesharing,2025-04-11,2025-04-11 21:00:00,2025-04-11 22:00:00,bicycle,F Plieningerstraße,250,0,1
synthetic_bikesharing,2025-04-11,2025-04-11 21:00:00,2025-04-11 22:00:00,bicycle,F Plieningerstraße,350,0,2
synthetic_e_scooter,2025-04-11,2025-04-11 21:00:00,2025-04-11 22:00:00,e-scooter,F Plieningerstraße,50,0,1
synthetic_e_scooter,2025-04-11,2025-04-11 21:00:00,2025-04-11 22:00:00,e-scooter,F Plieningerstraße,100,0,1
synthetic_e_scooter,2025-04-11,2025-04-11 21:00:00,2025-04-11 22:00:00,e-scooter,F Plieningerstraße,250,3,2
synthetic_e_scooter,2025-04-11,2025-04-11 21:00:00,2025-04-11 22:00:00,e-scooter,F Plieningerstraße,350,3,2
synthetic_bikesharing,2025-04-11,2025-04-11 21:00:00,2025-04-11 22:00:00,bicycle,F Weser-/Münchener Straße,50,1,1
synthetic_bikesharing,2025-04-11,2025-04-11 21:00:00,2025-04-11 22:00:00,bicycle,F Weser-/Münchener Straße,100,1,2
synthetic_bikesharing,2025-04-11,2025-04-11 21:00:00,2025-04-11 22:00:00,bicycle,F Weser-/Münchener Straße,250,1,3
synthetic_bikesharing,2025-04-11,2025-04-11 21:00:00,2025-04-11 22:00:00,bicycle,F Weser-/Münchener Straße,350,1,3
synthetic_e_scooter,2025-04-11,2025-04-11 21:00:00,2025-04-11 22:00:00,e-scooter,F Weser-/Münchener Straße,50,3,1
synthetic_e_scooter,2025-04-11,2025-04-11 21:00:00,2025-04-11 22:00:00,e-scooter,F Weser-/Münchener Straße,100,7,1
synthetic_e_scooter,2025-04-11,2025-04-11 21:00:00,2025-04-11 22:00:00,e-scooter,F Weser-/Münchener Straße,250,17,5
synthetic_e_scooter,2025-04-11,2025-04-11 21:00:00,2025-04-11 22:00:00,e-scooter,F Weser-/Münchener Straße,350,23,8
synthetic_bikesharing,2025-04-11,2025-04-11 22:00:00,2025-04-11 23:00:00,bicycle,*405 F Dornbusch/Am Grünhof,50,0,0
synthetic_bikesharing,2025-04-11,2025-04-11 22:00:00,2025-04-11 23:00:00,bicycle,*405 F Dornbusch/Am Grünhof,100,0,1
synthetic_bikesharing,2025-04-11,2025-04-11 22:00:00,2025-04-11 23:00:00,bicycle,*405 F Dornbusch/Am Grünhof,250,0,1
synthetic_bikesharing,2025-04-11,2025-04-11 22:00:00,2025-04-11 23:00:00,bicycle,*405 F Dornbusch/Am Grünhof,350,0,2
synthetic_e_scooter,2025-04-11,2025-04-11 22:00:00,2025-04-11 23:00:00,e-scooter,*405 F Dornbusch/Am Grünhof,50,2,2
synthetic_e_scooter,2025-04-11,2025-04-11 22:00:00,2025-04-11 23:00:00,e-scooter,*405 F Dornbusch/Am Grünhof,100,2,3
synthetic_e_scooter,2025-04-11,2025-04-11 22:00:00,2025-04-11 23:00:00,e-scooter,*405 F Dornbusch/Am Grünhof,250,2,7
synthetic_e_scooter,2025-04-11,2025-04-11 22:00:00,2025-04-11 23:00:00,e-scooter,*405 F Dornbusch/Am Grünhof,350,2,7
synthetic_bikesharing,2025-04-11,2025-04-11 22:00:00,2025-04-11 23:00:00,bicycle,F Francois-Mitterrand-Platz,50,1,0
synthetic_bikesharing,2025-04-11,2025-04-11 22:00:00,2025-04-11 23:00:00,bicycle,F Francois-Mitterrand-Platz,100,1,0
synthetic_bikesharing,2025-04-11,2025-04-11 22:00:00,2025-04-11 23:00:00,bicycle,F Francois-Mitterrand-Platz,250,3,0
synthetic_bikesharing,2025-04-11,2025-04-11 22:00:00,2025-04-11 23:00:00,bicycle,F Francois-Mitterrand-Platz,350,4,0
synthetic_e_scooter,2025-04-11,2025-04-11 22:00:00,2025-04-11 23:00:00,e-scooter,F Francois-Mitterrand-Platz,50,1,2
synthetic_e_scooter,2025-04-11,2025-04-11 22:00:00,2025-04-11 23:00:00,e-scooter,F Francois-Mitterrand-Platz,100,1,2
synthetic_e_scooter,2025-04-11,2025-04-11 22:00:00,2025-04-11 23:00:00,e-scooter,F Francois-Mitterrand-Platz,250,6,4
synthetic_e_scooter,2025-04-11,2025-04-11 22:00:00,2025-04-11 23:00:00,e-scooter,F Francois-Mitterrand-Platz,350,8,4
synthetic_bikesharing,2025-04-11,2025-04-11 22:00:00,2025-04-11 23:00:00,bicycle,F Miquel-/Adickesallee,50,0,1
synthetic_bikesharing,2025-04-11,2025-04-11 22:00:00,2025-04-11 23:00:00,bicycle,F Miquel-/Adickesallee,100,0,1
synthetic_bikesharing,2025-04-11,2025-04-11 22:00:00,2025-04-11 23:00:00,bicycle,F Miquel-/Adickesallee,250,0,2
synthetic_bikesharing,2025-04-11,2025-04-11 22:00:00,2025-04-11 23:00:00,bicycle,F Miquel-/Adickesallee,350,0,3
synthetic_e_scooter,2025-04-11,2025-04-11 22:00:00,2025-04-11 23:00:00,e-scooter,F Miquel-/Adickesallee,50,0,0
synthetic_e_scooter,2025-04-11,2025-04-11 22:00:00,2025-04-11 23:00:00,e-scooter,F Miquel-/Adickesallee,100,2,0
synthetic_e_scooter,2025-04-11,2025-04-11 22:00:00,2025-04-11 23:00:00,e-scooter,F Miquel-/Adickesallee,250,4,2
synthetic_e_scooter,2025-04-11,2025-04-11 22:00:00,2025-04-11 23:00:00,e-scooter,F Miquel-/Adickesallee,350,6,4
synthetic_bikesharing,2025-04-11,2025-04-11 22:00:00,2025-04-11 23:00:00,bicycle,F Plieningerstraße,50,0,1
synthetic_bikesharing,2025-04-11,2025-04-11 22:00:00,2025-04-11 23:00:00,bicycle,F Plieningerstraße,100,0,1
synthetic_bikesharing,2025-04-11,2025-04-11 22:00:00,2025-04-11 23:00:00,bicycle,F Plieningerstraße,250,1,2
synthetic_bikesharing,2025-04-11,2025-04-11 22:00:00,2025-04-11 23:00:00,bicycle,F Plieningerstraße,350,1,2
synthetic_e_scooter,2025-04-11,2025-04-11 22:00:00,2025-04-11 23:00:00,e-scooter,F Plieningerstraße,50,0,0
synthetic_e_scooter,2025-04-11,2025-04-11 22:00:00,2025-04-11 23:00:00,e-scooter,F Plieningerstraße,100,0,0
synthetic_e_scooter,2025-04-11,2025-04-11 22:00:00,2025-04-11 23:00:00,e-scooter,F Plieningerstraße,250,1,0
synthetic_e_scooter,2025-04-11,2025-04-11 22:00:00,2025-04-11 23:00:00,e-scooter,F Plieningerstraße,350,1,1
synthetic_bikesharing,2025-04-11,2025-04-11 22:00:00,2025-04-11 23:00:00,bicycle,F Weser-/Münchener Straße,50,0,0
synthetic_bikesharing,2025-04-11,2025-04-11 22:00:00,2025-04-11 23:00:00,bicycle,F Weser-/Münchener Straße,100,1,0
synthetic_bikesharing,2025-04-11,2025-04-11 22:00:00,2025-04-11 23:00:00,bicycle,F Weser-/Münchener Straße,250,2,1
synthetic_bikesharing,2025-04-11,2025-04-11 22:00:00,2025-04-11 23:00:00,bicycle,F Weser-/Münchener Straße,350,5,2
synthetic_e_scooter,2025-04-11,2025-04-11 22:00:00,2025-04-11 23:00:00,e-scooter,F Weser-/Münchener Straße,50,0,0
synthetic_e_scooter,2025-04-11,2025-04-11 22:00:00,2025-04-11 23:00:00,e-scooter,F Weser-/Münchener Straße,100,2,0
synthetic_e_scooter,2025-04-11,2025-04-11 22:00:00,2025-04-11 23:00:00,e-scooter,F Weser-/Münchener Straße,250,6,2
synthetic_e_scooter,2025-04-11,2025-04-11 22:00:00,2025-04-11 23:00:00,e-scooter,F Weser-/Münchener Straße,350,9,2
synthetic_bikesharing,2025-04-12,2025-04-11 23:00:00,2025-04-12 00:00:00,bicycle,*405 F Dornbusch/Am Grünhof,50,0,0
synthetic_bikesharing,2025-04-12,2025-04-11 23:00:00,2025-04-12 00:00:00,bicycle,*405 F Dornbusch/Am Grünhof,100,0,0
synthetic_bikesharing,2025-04-12,2025-04-11 23:00:00,2025-04-12 00:00:00,bicycle,*405 F Dornbusch/Am Grünhof,250,2,2
synthetic_bikesharing,2025-04-12,2025-04-11 23:00:00,2025-04-12 00:00:00,bicycle,*405 F Dornbusch/Am Grünhof,350,2,2
synthetic_e_scooter,2025-04-12,2025-04-11 23:00:00,2025-04-12 00:00:00,e-scooter,*405 F Dornbusch/Am Grünhof,50,0,0
synthetic_e_scooter,2025-04-12,2025-04-11 23:00:00,2025-04-12 00:00:00,e-scooter,*405 F Dornbusch/Am Grünhof,100,0,0
synthetic_e_scooter,2025-04-12,2025-04-11 23:00:00,2025-04-12 00:00:00,e-scooter,*405 F Dornbusch/Am Grünhof,250,0,0
synthetic_e_scooter,2025-04-12,2025-04-11 23:00:00,2025-04-12 00:00:00,e-scooter,*405 F Dornbusch/Am Grünhof,350,0,0
synthetic_bikesharing,2025-04-12,2025-04-11 23:00:00,2025-04-12 00:00:00,bicycle,F Francois-Mitterrand-Platz,50,0,0
synthetic_bikesharing,2025-04-12,2025-04-11 23:00:00,2025-04-12 00:00:00,bicycle,F Francois-Mitterrand-Platz,100,0,0
synthetic_bikesharing,2025-04-12,2025-04-11 23:00:00,2025-04-12 00:00:00,bicycle,F Francois-Mitterrand-Platz,250,1,0
synthetic_bikesharing,2025-04-12,2025-04-11 23:00:00,2025-04-12 00:00:00,bicycle,F Francois-Mitterrand-Platz,350,1,1
synthetic_e_scooter,2025-04-12,2025-04-11 23:00:00,2025-04-12 00:00:00,e-scooter,F Francois-Mitterrand-Platz,50,0,0
synthetic_e_scooter,2025-04-12,2025-04-11 23:00:00,2025-04-12 00:00:00,e-scooter,F Francois-Mitterrand-Platz,100,0,0
synthetic_e_scooter,2025-04-12,2025-04-11 23:00:00,2025-04-12 00:00:00,e-scooter,F Francois-Mitterrand-Platz,250,0,0
synthetic_e_scooter,2025-04-12,2025-04-11 23:00:00,2025-04-12 00:00:00,e-scooter,F Francois-Mitterrand-Platz,350,0,1
synthetic_bikesharing,2025-04-12,2025-04-11 23:00:00,2025-04-12 00:00:00,bicycle,F Miquel-/Adickesallee,50,0,0
synthetic_bikesharing,2025-04-12,2025-04-11 23:00:00,2025-04-12 00:00:00,bicycle,F Miquel-/Adickesallee,100,1,0
synthetic_bikesharing,2025-04-12,2025-04-11 23:00:00,2025-04-12 00:00:00,bicycle,F Miquel-/Adickesallee,250,1,1
synthetic_bikesharing,2025-04-12,2025-04-11 23:00:00,2025-04-12 00:00:00,bicycle,F Miquel-/Adickesallee,350,1,1
synthetic_e_scooter,2025-04-12,2025-04-11 23:00:00,2025-04-12 00:00:00,e-scooter,F Miquel-/Adickesallee,50,0,1
synthetic_e_scooter,2025-04-12,2025-04-11 23:00:00,2025-04-12 00:00:00,e-scooter,F Miquel-/Adickesallee,100,2,1
synthetic_e_scooter,2025-04-12,2025-04-11 23:00:00,2025-04-12 00:00:00,e-scooter,F Miquel-/Adickesallee,250,4,3
synthetic_e_scooter,2025-04-12,2025-04-11 23:00:00,2025-04-12 00:00:00,e-scooter,F Miquel-/Adickesallee,350,6,5
synthetic_bikesharing,2025-04-12,2025-04-11 23:00:00,2025-04-12 00:00:00,bicycle,F Plieningerstraße,50,0,0
synthetic_bikesharing,2025-04-12,2025-04-11 23:00:00,2025-04-12 00:00:00,bicycle,F Plieningerstraße,100,0,0
synthetic_bikesharing,2025-04-12,2025-04-11 23:00:00,2025-04-12 00:00:00,bicycle,F Plieningerstraße,250,0,0
synthetic_bikesharing,2025-04-12,2025-04-11 23:00:00,2025-04-12 00:00:00,bicycle,F Plieningerstraße,350,0,0
synthetic_e_scooter,2025-04-12,2025-04-11 23:00:00,2025-04-12 00:00:00,e-scooter,F Plieningerstraße,50,1,0
synthetic_e_scooter,2025-04-12,2025-04-11 23:00:00,2025-04-12 00:00:00,e-scooter,F Plieningerstraße,100,2,1
synthetic_e_scooter,2025-04-12,2025-04-11 23:00:00,2025-04-12 00:00:00,e-scooter,F Plieningerstraße,250,5,2
synthetic_e_scooter,2025-04-12,2025-04-11 23:00:00,2025-04-12 00:00:00,e-scooter,F Plieningerstraße,350,7,2
synthetic_bikesharing,2025-04-12,2025-04-11 23:00:00,2025-04-12 00:00:00,bicycle,F Weser-/Münchener Straße,50,0,0
synthetic_bikesharing,2025-04-12,2025-04-11 23:00:00,2025-04-12 00:00:00,bicycle,F Weser-/Münchener Straße,100,1,0
synthetic_bikesharing,2025-04-12,2025-04-11 23:00:00,2025-04-12 00:00:00,bicycle,F Weser-/Münchener Straße,250,3,1
synthetic_bikesharing,2025-04-12,2025-04-11 23:00:00,2025-04-12 00:00:00,bicycle,F Weser-/Münchener Straße,350,3,1
synthetic_e_scooter,2025-04-12,2025-04-11 23:00:00,2025-04-12 00:00:00,e-scooter,F Weser-/Münchener Straße,50,0,0
synthetic_e_scooter,2025-04-12,2025-04-11 23:00:00,2025-04-12 00:00:00,e-scooter,F Weser-/Münchener Straße,100,2,0
synthetic_e_scooter,2025-04-12,2025-04-11 23:00:00,2025-04-12 00:00:00,e-scooter,F Weser-/Münchener Straße,250,3,0
synthetic_e_scooter,2025-04-12,2025-04-11 23:00:00,2025-04-12 00:00:00,e-scooter,F Weser-/Münchener Straße,350,3,0
synthetic_bikesharing,2025-04-12,2025-04-12 00:00:00,2025-04-12 01:00:00,bicycle,*405 F Dornbusch/Am Grünhof,50,0,0
synthetic_bikesharing,2025-04-12,2025-04-12 00:00:00,2025-04-12 01:00:00,bicycle,*405 F Dornbusch/Am Grünhof,100,0,0
synthetic_bikesharing,2025-04-12,2025-04-12 00:00:00,2025-04-12 01:00:00,bicycle,*405 F Dornbusch/Am Grünhof,250,0,1
synthetic_bikesharing,2025-04-12,2025-04-12 00:00:00,2025-04-12 01:00:00,bicycle,*405 F Dornbusch/Am Grünhof,350,0,1
synthetic_e_scooter,2025-04-12,2025-04-12 00:00:00,2025-04-12 01:00:00,e-scooter,*405 F Dornbusch/Am Grünhof,50,0,0
synthetic_e_scooter,2025-04-12,2025-04-12 00:00:00,2025-04-12 01:00:00,e-scooter,*405 F Dornbusch/Am Grünhof,100,0,0
synthetic_e_scooter,2025-04-12,2025-04-12 00:00:00,2025-04-12 01:00:00,e-scooter,*405 F Dornbusch/Am Grünhof,250,1,0
synthetic_e_scooter,2025-04-12,2025-04-12 00:00:00,2025-04-12 01:00:00,e-scooter,*405 F Dornbusch/Am Grünhof,350,2,0
synthetic_bikesharing,2025-04-12,2025-04-12 00:00:00,2025-04-12 01:00:00,bicycle,F Francois-Mitterrand-Platz,50,0,0
synthetic_bikesharing,2025-04-12,2025-04-12 00:00:00,2025-04-12 01:00:00,bicycle,F Francois-Mitterrand-Platz,100,0,0
synthetic_bikesharing,2025-04-12,2025-04-12 00:00:00,2025-04-12 01:00:00,bicycle,F Francois-Mitterrand-Platz,250,0,1
synthetic_bikesharing,2025-04-12,2025-04-12 00:00:00,2025-04-12 01:00:00,bicycle,F Francois-Mitterrand-Platz,350,0,1
synthetic_e_scooter,2025-04-12,2025-04-12 00:00:00,2025-04-12 01:00:00,e-scooter,F Francois-Mitterrand-Platz,50,0,1
synthetic_e_scooter,2025-04-12,2025-04-12 00:00:00,2025-04-12 01:00:00,e-scooter,F Francois-Mitterrand-Platz,100,1,3
synthetic_e_scooter,2025-04-12,2025-04-12 00:00:00,2025-04-12 01:00:00,e-scooter,F Francois-Mitterrand-Platz,250,1,3
synthetic_e_scooter,2025-04-12,2025-04-12 00:00:00,2025-04-12 01:00:00,e-scooter,F Francois-Mitterrand-Platz,350,1,4
synthetic_bikesharing,2025-04-12,2025-04-12 00:00:00,2025-04-12 01:00:00,bicycle,F Miquel-/Adickesallee,50,0,0
synthetic_bikesharing,2025-04-12,2025-04-12 00:00:00,2025-04-12 01:00:00,bicycle,F Miquel-/Adickesallee,100,0,0
synthetic_bikesharing,2025-04-12,2025-04-12 00:00:00,2025-04-12 01:00:00,bicycle,F Miquel-/Adickesallee,250,1,0
synthetic_bikesharing,2025-04-12,2025-04-12 00:00:00,2025-04-12 01:00:00,bicycle,F Miquel-/Adickesallee,350,1,0
synthetic_e_scooter,2025-04-12,2025-04-12 00:00:00,2025-04-12 01:00:00,e-scooter,F Miquel-/Adickesallee,50,0,0
synthetic_e_scooter,2025-04-12,2025-04-12 00:00:00,2025-04-12 01:00:00,e-scooter,F Miquel-/Adickesallee,100,0,0
synthetic_e_scooter,2025-04-12,2025-04-12 00:00:00,2025-04-12 01:00:00,e-scooter,F Miquel-/Adickesallee,250,1,0
synthetic_e_scooter,2025-04-12,2025-04-12 00:00:00,2025-04-12 01:00:00,e-scooter,F Miquel-/Adickesallee,350,1,1
synthetic_bikesharing,2025-04-12,2025-04-12 00:00:00,2025-04-12 01:00:00,bicycle,F Plieningerstraße,50,0,0
synthetic_bikesharing,2025-04-12,2025-04-12 00:00:00,2025-04-12 01:00:00,bicycle,F Plieningerstraße,100,0,0
synthetic_bikesharing,2025-04-12,2025-04-12 00:00:00,2025-04-12 01:00:00,bicycle,F Plieningerstraße,250,1,0
synthetic_bikesharing,2025-04-12,2025-04-12 00:00:00,2025-04-12 01:00:00,bicycle,F Plieningerstraße,350,1,0
synthetic_e_scooter,2025-04-12,2025-04-12 00:00:00,2025-04-12 01:00:00,e-scooter,F Plieningerstraße,50,0,0
synthetic_e_scooter,2025-04-12,2025-04-12 00:00:00,2025-04-12 01:00:00,e-scooter,F Plieningerstraße,100,0,0
synthetic_e_scooter,2025-04-12,2025-04-12 00:00:00,2025-04-12 01:00:00,e-scooter,F Plieningerstraße,250,0,0
synthetic_e_scooter,2025-04-12,2025-04-12 00:00:00,2025-04-12 01:00:00,e-scooter,F Plieningerstraße,350,0,0
synthetic_bikesharing,2025-04-12,2025-04-12 00:00:00,2025-04-12 01:00:00,bicycle,F Weser-/Münchener Straße,50,0,0
synthetic_bikesharing,2025-04-12,2025-04-12 00:00:00,2025-04-12 01:00:00,bicycle,F Weser-/Münchener Straße,100,0,0
synthetic_bikesharing,2025-04-12,2025-04-12 00:00:00,2025-04-12 01:00:00,bicycle,F Weser-/Münchener Straße,250,0,0
synthetic_bikesharing,2025-04-12,2025-04-12 00:00:00,2025-04-12 01:00:00,bicycle,F Weser-/Münchener Straße,350,0,0
synthetic_e_scooter,2025-04-12,2025-04-12 00:00:00,2025-04-12 01:00:00,e-scooter,F Weser-/Münchener Straße,50,1,0
synthetic_e_scooter,2025-04-12,2025-04-12 00:00:00,2025-04-12 01:00:00,e-scooter,F Weser-/Münchener Straße,100,3,0
synthetic_e_scooter,2025-04-12,2025-04-12 00:00:00,2025-04-12 01:00:00,e-scooter,F Weser-/Münchener Straße,250,7,0
synthetic_e_scooter,2025-04-12,2025-04-12 00:00:00,2025-04-12 01:00:00,e-scooter,F Weser-/Münchener Straße,350,8,1
synthetic_bikesharing,2025-04-12,2025-04-12 01:00:00,2025-04-12 02:00:00,bicycle,*405 F Dornbusch/Am Grünhof,50,1,0
synthetic_bikesharing,2025-04-12,2025-04-12 01:00:00,2025-04-12 02:00:00,bicycle,*405 F Dornbusch/Am Grünhof,100,2,0
synthetic_bikesharing,2025-04-12,2025-04-12 01:00:00,2025-04-12 02:00:00,bicycle,*405 F Dornbusch/Am Grünhof,250,2,0
synthetic_bikesharing,2025-04-12,2025-04-12 01:00:00,2025-04-12 02:00:00,bicycle,*405 F Dornbusch/Am Grünhof,350,2,0
synthetic_e_scooter,2025-04-12,2025-04-12 01:00:00,2025-04-12 02:00:00,e-scooter,*405 F Dornbusch/Am Grünhof,50,0,0
synthetic_e_scooter,2025-04-12,2025-04-12 01:00:00,2025-04-12 02:00:00,e-scooter,*405 F Dornbusch/Am Grünhof,100,0,0
synthetic_e_scooter,2025-04-12,2025-04-12 01:00:00,2025-04-12 02:00:00,e-scooter,*405 F Dornbusch/Am Grünhof,250,0,0
synthetic_e_scooter,2025-04-12,2025-04-12 01:00:00,2025-04-12 02:00:00,e-scooter,*405 F Dornbusch/Am Grünhof,350,0,0
synthetic_bikesharing,2025-04-12,2025-04-12 01:00:00,2025-04-12 02:00:00,bicycle,F Francois-Mitterrand-Platz,50,0,0
synthetic_bikesharing,2025-04-12,2025-04-12 01:00:00,2025-04-12 02:00:00,bicycle,F Francois-Mitterrand-Platz,100,0,0
synthetic_bikesharing,2025-04-12,2025-04-12 01:00:00,2025-04-12 02:00:00,bicycle,F Francois-Mitterrand-Platz,250,0,0
synthetic_bikesharing,2025-04-12,2025-04-12 01:00:00,2025-04-12 02:00:00,bicycle,F Francois-Mitterrand-Platz,350,0,0
synthetic_e_scooter,2025-04-12,2025-04-12 01:00:00,2025-04-12 02:00:00,e-scooter,F Francois-Mitterrand-Platz,50,0,1
synthetic_e_scooter,2025-04-12,2025-04-12 01:00:00,2025-04-12 02:00:00,e-scooter,F Francois-Mitterrand-Platz,100,2,2
synthetic_e_scooter,2025-04-12,2025-04-12 01:00:00,2025-04-12 02:00:00,e-scooter,F Francois-Mitterrand-Platz,250,3,2
synthetic_e_scooter,2025-04-12,2025-04-12 01:00:00,2025-04-12 02:00:00,e-scooter,F Francois-Mitterrand-Platz,350,3,3
synthetic_bikesharing,2025-04-12,2025-04-12 01:00:00,2025-04-12 02:00:00,bicycle,F Miquel-/Adickesallee,50,0,0
synthetic_bikesharing,2025-04-12,2025-04-12 01:00:00,2025-04-12 02:00:00,bicycle,F Miquel-/Adickesallee,100,0,0
synthetic_bikesharing,2025-04-12,2025-04-12 01:00:00,2025-04-12 02:00:00,bicycle,F Miquel-/Adickesallee,250,0,0
synthetic_bikesharing,2025-04-12,2025-04-12 01:00:00,2025-04-12 02:00:00,bicycle,F Miquel-/Adickesallee,350,0,0
synthetic_e_scooter,2025-04-12,2025-04-12 01:00:00,2025-04-12 02:00:00,e-scooter,F Miquel-/Adickesallee,50,1,0
synthetic_e_scooter,2025-04-12,2025-04-12 01:00:00,2025-04-12 02:00:00,e-scooter,F Miquel-/Adickesallee,100,2,0
synthetic_e_scooter,2025-04-12,2025-04-12 01:00:00,2025-04-12 02:00:00,e-scooter,F Miquel-/Adickesallee,250,3,0
synthetic_e_scooter,2025-04-12,2025-04-12 01:00:00,2025-04-12 02:00:00,e-scooter,F Miquel-/Adickesallee,350,4,0
synthetic_bikesharing,2025-04-12,2025-04-12 01:00:00,2025-04-12 02:00:00,bicycle,F Plieningerstraße,50,0,0
synthetic_bikesharing,2025-04-12,2025-04-12 01:00:00,2025-04-12 02:00:00,bicycle,F Plieningerstraße,100,0,0
synthetic_bikesharing,2025-04-12,2025-04-12 01:00:00,2025-04-12 02:00:00,bicycle,F Plieningerstraße,250,0,0
synthetic_bikesharing,2025-04-12,2025-04-12 01:00:00,2025-04-12 02:00:00,bicycle,F Plieningerstraße,350,0,0
synthetic_e_scooter,2025-04-12,2025-04-12 01:00:00,2025-04-12 02:00:00,e-scooter,F Plieningerstraße,50,0,0
synthetic_e_scooter,2025-04-12,2025-04-12 01:00:00,2025-04-12 02:00:00,e-scooter,F Plieningerstraße,100,0,0
synthetic_e_scooter,2025-04-12,2025-04-12 01:00:00,2025-04-12 02:00:00,e-scooter,F Plieningerstraße,250,1,0
synthetic_e_scooter,2025-04-12,2025-04-12 01:00:00,2025-04-12 02:00:00,e-scooter,F Plieningerstraße,350,1,0
synthetic_bikesharing,2025-04-12,2025-04-12 01:00:00,2025-04-12 02:00:00,bicycle,F Weser-/Münchener Straße,50,0,0
synthetic_bikesharing,2025-04-12,2025-04-12 01:00:00,2025-04-12 02:00:00,bicycle,F Weser-/Münchener Straße,100,0,0
synthetic_bikesharing,2025-04-12,2025-04-12 01:00:00,2025-04-12 02:00:00,bicycle,F Weser-/Münchener Straße,250,0,0
synthetic_bikesharing,2025-04-12,2025-04-12 01:00:00,2025-04-12 02:00:00,bicycle,F Weser-/Münchener Straße,350,0,0
synthetic_e_scooter,2025-04-12,2025-04-12 01:00:00,2025-04-12 02:00:00,e-scooter,F Weser-/Münchener Straße,50,0,0
synthetic_e_scooter,2025-04-12,2025-04-12 01:00:00,2025-04-12 02:00:00,e-scooter,F Weser-/Münchener Straße,100,0,0
synthetic_e_scooter,2025-04-12,2025-04-12 01:00:00,2025-04-12 02:00:00,e-scooter,F Weser-/Münchener Straße,250,1,1
synthetic_e_scooter,2025-04-12,2025-04-12 01:00:00,2025-04-12 02:00:00,e-scooter,F Weser-/Münchener Straße,350,2,1
synthetic_bikesharing,2025-04-12,2025-04-12 02:00:00,2025-04-12 03:00:00,bicycle,*405 F Dornbusch/Am Grünhof,50,0,0
synthetic_bikesharing,2025-04-12,2025-04-12 02:00:00,2025-04-12 03:00:00,bicycle,*405 F Dornbusch/Am Grünhof,100,0,0
synthetic_bikesharing,2025-04-12,2025-04-12 02:00:00,2025-04-12 03:00:00,bicycle,*405 F Dornbusch/Am Grünhof,250,0,0
synthetic_bikesharing,2025-04-12,2025-04-12 02:00:00,2025-04-12 03:00:00,bicycle,*405 F Dornbusch/Am Grünhof,350,0,0
synthetic_e_scooter,2025-04-12,2025-04-12 02:00:00,2025-04-12 03:00:00,e-scooter,*405 F Dornbusch/Am Grünhof,50,0,0
synthetic_e_scooter,2025-04-12,2025-04-12 02:00:00,2025-04-12 03:00:00,e-scooter,*405 F Dornbusch/Am Grünhof,100,0,0
synthetic_e_scooter,2025-04-12,2025-04-12 02:00:00,2025-04-12 03:00:00,e-scooter,*405 F Dornbusch/Am Grünhof,250,0,1
synthetic_e_scooter,2025-04-12,2025-04-12 02:00:00,2025-04-12 03:00:00,e-scooter,*405 F Dornbusch/Am Grünhof,350,0,1
synthetic_bikesharing,2025-04-12,2025-04-12 02:00:00,2025-04-12 03:00:00,bicycle,F Francois-Mitterrand-Platz,50,0,0
synthetic_bikesharing,2025-04-12,2025-04-12 02:00:00,2025-04-12 03:00:00,bicycle,F Francois-Mitterrand-Platz,100,0,0
synthetic_bikesharing,2025-04-12,2025-04-12 02:00:00,2025-04-12 03:00:00,bicycle,F Francois-Mitterrand-Platz,250,0,0
synthetic_bikesharing,2025-04-12,2025-04-12 02:00:00,2025-04-12 03:00:00,bicycle,F Francois-Mitterrand-Platz,350,0,0
synthetic_e_scooter,2025-04-12,2025-04-12 02:00:00,2025-04-12 03:00:00,e-scooter,F Francois-Mitterrand-Platz,50,0,1
synthetic_e_scooter,2025-04-12,2025-04-12 02:00:00,2025-04-12 03:00:00,e-scooter,F Francois-Mitterrand-Platz,100,0,1
synthetic_e_scooter,2025-04-12,2025-04-12 02:00:00,2025-04-12 03:00:00,e-scooter,F Francois-Mitterrand-Platz,250,0,1
synthetic_e_scooter,2025-04-12,2025-04-12 02:00:00,2025-04-12 03:00:00,e-scooter,F Francois-Mitterrand-Platz,350,0,2
synthetic_bikesharing,2025-04-12,2025-04-12 02:00:00,2025-04-12 03:00:00,bicycle,F Miquel-/Adickesallee,50,0,0
synthetic_bikesharing,2025-04-12,2025-04-12 02:00:00,2025-04-12 03:00:00,bicycle,F Miquel-/Adickesallee,100,0,0
synthetic_bikesharing,2025-04-12,2025-04-12 02:00:00,2025-04-12 03:00:00,bicycle,F Miquel-/Adickesallee,250,0,0
synthetic_bikesharing,2025-04-12,2025-04-12 02:00:00,2025-04-12 03:00:00,bicycle,F Miquel-/Adickesallee,350,0,0
synthetic_e_scooter,2025-04-12,2025-04-12 02:00:00,2025-04-12 03:00:00,e-scooter,F Miquel-/Adickesallee,50,0,0
synthetic_e_scooter,2025-04-12,2025-04-12 02:00:00,2025-04-12 03:00:00,e-scooter,F Miquel-/Adickesallee,100,0,0
synthetic_e_scooter,2025-04-12,2025-04-12 02:00:00,2025-04-12 03:00:00,e-scooter,F Miquel-/Adickesallee,250,0,0
synthetic_e_scooter,2025-04-12,2025-04-12 02:00:00,2025-04-12 03:00:00,e-scooter,F Miquel-/Adickesallee,350,1,0
synthetic_bikesharing,2025-04-12,2025-04-12 02:00:00,2025-04-12 03:00:00,bicycle,F Plieningerstraße,50,0,0
synthetic_bikesharing,2025-04-12,2025-04-12 02:00:00,2025-04-12 03:00:00,bicycle,F Plieningerstraße,100,0,0
synthetic_bikesharing,2025-04-12,2025-04-12 02:00:00,2025-04-12 03:00:00,bicycle,F Plieningerstraße,250,0,0
synthetic_bikesharing,2025-04-12,2025-04-12 02:00:00,2025-04-12 03:00:00,bicycle,F Plieningerstraße,350,0,0
synthetic_e_scooter,2025-04-12,2025-04-12 02:00:00,2025-04-12 03:00:00,e-scooter,F Plieningerstraße,50,0,0
synthetic_e_scooter,2025-04-12,2025-04-12 02:00:00,2025-04-12 03:00:00,e-scooter,F Plieningerstraße,100,0,0
synthetic_e_scooter,2025-04-12,2025-04-12 02:00:00,2025-04-12 03:00:00,e-scooter,F Plieningerstraße,250,0,0
synthetic_e_scooter,2025-04-12,2025-04-12 02:00:00,2025-04-12 03:00:00,e-scooter,F Plieningerstraße,350,1,0
synthetic_bikesharing,2025-04-12,2025-04-12 02:00:00,2025-04-12 03:00:00,bicycle,F Weser-/Münchener Straße,50,0,0
synthetic_bikesharing,2025-04-12,2025-04-12 02:00:00,2025-04-12 03:00:00,bicycle,F Weser-/Münchener Straße,100,0,0
synthetic_bikesharing,2025-04-12,2025-04-12 02:00:00,2025-04-12 03:00:00,bicycle,F Weser-/Münchener Straße,250,0,0
synthetic_bikesharing,2025-04-12,2025-04-12 02:00:00,2025-04-12 03:00:00,bicycle,F Weser-/Münchener Straße,350,0,0
synthetic_e_scooter,2025-04-12,2025-04-12 02:00:00,2025-04-12 03:00:00,e-scooter,F Weser-/Münchener Straße,50,0,0
synthetic_e_scooter,2025-04-12,2025-04-12 02:00:00,2025-04-12 03:00:00,e-scooter,F Weser-/Münchener Straße,100,0,0
synthetic_e_scooter,2025-04-12,2025-04-12 02:00:00,2025-04-12 03:00:00,e-scooter,F Weser-/Münchener Straße,250,3,2
synthetic_e_scooter,2025-04-12,2025-04-12 02:00:00,2025-04-12 03:00:00,e-scooter,F Weser-/Münchener Straße,350,5,2
synthetic_bikesharing,2025-04-12,2025-04-12 03:00:00,2025-04-12 04:00:00,bicycle,*405 F Dornbusch/Am Grünhof,50,0,0
synthetic_bikesharing,2025-04-12,2025-04-12 03:00:00,2025-04-12 04:00:00,bicycle,*405 F Dornbusch/Am Grünhof,100,0,0
synthetic_bikesharing,2025-04-12,2025-04-12 03:00:00,2025-04-12 04:00:00,bicycle,*405 F Dornbusch/Am Grünhof,250,0,0
synthetic_bikesharing,2025-04-12,2025-04-12 03:00:00,2025-04-12 04:00:00,bicycle,*405 F Dornbusch/Am Grünhof,350,0,0
synthetic_e_scooter,2025-04-12,2025-04-12 03:00:00,2025-04-12 04:00:00,e-scooter,*405 F Dornbusch/Am Grünhof,50,0,0
synthetic_e_scooter,2025-04-12,2025-04-12 03:00:00,2025-04-12 04:00:00,e-scooter,*405 F Dornbusch/Am Grünhof,100,0,0
synthetic_e_scooter,2025-04-12,2025-04-12 03:00:00,2025-04-12 04:00:00,e-scooter,*405 F Dornbusch/Am Grünhof,250,0,0
synthetic_e_scooter,2025-04-12,2025-04-12 03:00:00,2025-04-12 04:00:00,e-scooter,*405 F Dornbusch/Am Grünhof,350,0,1
synthetic_bikesharing,2025-04-12,2025-04-12 03:00:00,2025-04-12 04:00:00,bicycle,F Francois-Mitterrand-Platz,50,0,0
synthetic_bikesharing,2025-04-12,2025-04-12 03:00:00,2025-04-12 04:00:00,bicycle,F Francois-Mitterrand-Platz,100,0,0
synthetic_bikesharing,2025-04-12,2025-04-12 03:00:00,2025-04-12 04:00:00,bicycle,F Francois-Mitterrand-Platz,250,1,0
synthetic_bikesharing,2025-04-12,2025-04-12 03:00:00,2025-04-12 04:00:00,bicycle,F Francois-Mitterrand-Platz,350,1,0
synthetic_e_scooter,2025-04-12,2025-04-12 03:00:00,2025-04-12 04:00:00,e-scooter,F Francois-Mitterrand-Platz,50,0,0
synthetic_e_scooter,2025-04-12,2025-04-12 03:00:00,2025-04-12 04:00:00,e-scooter,F Francois-Mitterrand-Platz,100,0,1
synthetic_e_scooter,2025-04-12,2025-04-12 03:00:00,2025-04-12 04:00:00,e-scooter,F Francois-Mitterrand-Platz,250,0,2
synthetic_e_scooter,2025-04-12,2025-04-12 03:00:00,2025-04-12 04:00:00,e-scooter,F Francois-Mitterrand-Platz,350,0,2
synthetic_bikesharing,2025-04-12,2025-04-12 03:00:00,2025-04-12 04:00:00,bicycle,F Miquel-/Adickesallee,50,0,0
synthetic_bikesharing,2025-04-12,2025-04-12 03:00:00,2025-04-12 04:00:00,bicycle,F Miquel-/Adickesallee,100,0,0
synthetic_bikesharing,2025-04-12,2025-04-12 03:00:00,2025-04-12 04:00:00,bicycle,F Miquel-/Adickesallee,250,0,0
synthetic_bikesharing,2025-04-12,2025-04-12 03:00:00,2025-04-12 04:00:00,bicycle,F Miquel-/Adickesallee,350,0,0
synthetic_e_scooter,2025-04-12,2025-04-12 03:00:00,2025-04-12 04:00:00,e-scooter,F Miquel-/Adickesallee,50,1,0
synthetic_e_scooter,2025-04-12,2025-04-12 03:00:00,2025-04-12 04:00:00,e-scooter,F Miquel-/Adickesallee,100,1,0
synthetic_e_scooter,2025-04-12,2025-04-12 03:00:00,2025-04-12 04:00:00,e-scooter,F Miquel-/Adickesallee,250,1,0
synthetic_e_scooter,2025-04-12,2025-04-12 03:00:00,2025-04-12 04:00:00,e-scooter,F Miquel-/Adickesallee,350,2,0
synthetic_bikesharing,2025-04-12,2025-04-12 03:00:00,2025-04-12 04:00:00,bicycle,F Plieningerstraße,50,0,0
synthetic_bikesharing,2025-04-12,2025-04-12 03:00:00,2025-04-12 04:00:00,bicycle,F Plieningerstraße,100,0,0
synthetic_bikesharing,2025-04-12,2025-04-12 03:00:00,2025-04-12 04:00:00,bicycle,F Plieningerstraße,250,0,0
synthetic_bikesharing,2025-04-12,2025-04-12 03:00:00,2025-04-12 04:00:00,bicycle,F Plieningerstraße,350,0,0
synthetic_e_scooter,2025-04-12,2025-04-12 03:00:00,2025-04-12 04:00:00,e-scooter,F Plieningerstraße,50,0,0
synthetic_e_scooter,2025-04-12,2025-04-12 03:00:00,2025-04-12 04:00:00,e-scooter,F Plieningerstraße,100,1,0
synthetic_e_scooter,2025-04-12,2025-04-12 03:00:00,2025-04-12 04:00:00,e-scooter,F Plieningerstraße,250,1,0
synthetic_e_scooter,2025-04-12,2025-04-12 03:00:00,2025-04-12 04:00:00,e-scooter,F Plieningerstraße,350,1,0
synthetic_bikesharing,2025-04-12,2025-04-12 03:00:00,2025-04-12 04:00:00,bicycle,F Weser-/Münchener Straße,50,0,0
synthetic_bikesharing,2025-04-12,2025-04-12 03:00:00,2025-04-12 04:00:00,bicycle,F Weser-/Münchener Straße,100,0,0
synthetic_bikesharing,2025-04-12,2025-04-12 03:00:00,2025-04-12 04:00:00,bicycle,F Weser-/Münchener Straße,250,0,0
synthetic_bikesharing,2025-04-12,2025-04-12 03:00:00,2025-04-12 04:00:00,bicycle,F Weser-/Münchener Straße,350,0,0
synthetic_e_scooter,2025-04-12,2025-04-12 03:00:00,2025-04-12 04:00:00,e-scooter,F Weser-/Münchener Straße,50,0,0
synthetic_e_scooter,2025-04-12,2025-04-12 03:00:00,2025-04-12 04:00:00,e-scooter,F Weser-/Münchener Straße,100,0,0
synthetic_e_scooter,2025-04-12,2025-04-12 03:00:00,2025-04-12 04:00:00,e-scooter,F Weser-/Münchener Straße,250,0,3
synthetic_e_scooter,2025-04-12,2025-04-12 03:00:00,2025-04-12 04:00:00,e-scooter,F Weser-/Münchener Straße,350,0,3
synthetic_bikesharing,2025-04-12,2025-04-12 04:00:00,2025-04-12 05:00:00,bicycle,*405 F Dornbusch/Am Grünhof,50,0,0
synthetic_bikesharing,2025-04-12,2025-04-12 04:00:00,2025-04-12 05:00:00,bicycle,*405 F Dornbusch/Am Grünhof,100,1,0
synthetic_bikesharing,2025-04-12,2025-04-12 04:00:00,2025-04-12 05:00:00,bicycle,*405 F Dornbusch/Am Grünhof,250,1,1
synthetic_bikesharing,2025-04-12,2025-04-12 04:00:00,2025-04-12 05:00:00,bicycle,*405 F Dornbusch/Am Grünhof,350,1,1
synthetic_e_scooter,2025-04-12,2025-04-12 04:00:00,2025-04-12 05:00:00,e-scooter,*405 F Dornbusch/Am Grünhof,50,0,0
synthetic_e_scooter,2025-04-12,2025-04-12 04:00:00,2025-04-12 05:00:00,e-scooter,*405 F Dornbusch/Am Grünhof,100,0,0
synthetic_e_scooter,2025-04-12,2025-04-12 04:00:00,2025-04-12 05:00:00,e-scooter,*405 F Dornbusch/Am Grünhof,250,0,0
synthetic_e_scooter,2025-04-12,2025-04-12 04:00:00,2025-04-12 05:00:00,e-scooter,*405 F Dornbusch/Am Grünhof,350,0,0
synthetic_bikesharing,2025-04-12,2025-04-12 04:00:00,2025-04-12 05:00:00,bicycle,F Francois-Mitterrand-Platz,50,0,0
synthetic_bikesharing,2025-04-12,2025-04-12 04:00:00,2025-04-12 05:00:00,bicycle,F Francois-Mitterrand-Platz,100,0,0
synthetic_bikesharing,2025-04-12,2025-04-12 04:00:00,2025-04-12 05:00:00,bicycle,F Francois-Mitterrand-Platz,250,0,0
synthetic_bikesharing,2025-04-12,2025-04-12 04:00:00,2025-04-12 05:00:00,bicycle,F Francois-Mitterrand-Platz,350,0,0
synthetic_e_scooter,2025-04-12,2025-04-12 04:00:00,2025-04-12 05:00:00,e-scooter,F Francois-Mitterrand-Platz,50,0,0
synthetic_e_scooter,2025-04-12,2025-04-12 04:00:00,2025-04-12 05:00:00,e-scooter,F Francois-Mitterrand-Platz,100,0,0
synthetic_e_scooter,2025-04-12,2025-04-12 04:00:00,2025-04-12 05:00:00,e-scooter,F Francois-Mitterrand-Platz,250,0,0
synthetic_e_scooter,2025-04-12,2025-04-12 04:00:00,2025-04-12 05:00:00,e-scooter,F Francois-Mitterrand-Platz,350,0,0
synthetic_bikesharing,2025-04-12,2025-04-12 04:00:00,2025-04-12 05:00:00,bicycle,F Miquel-/Adickesallee,50,0,0
synthetic_bikesharing,2025-04-12,2025-04-12 04:00:00,2025-04-12 05:00:00,bicycle,F Miquel-/Adickesallee,100,0,0
synthetic_bikesharing,2025-04-12,2025-04-12 04:00:00,2025-04-12 05:00:00,bicycle,F Miquel-/Adickesallee,250,1,0
synthetic_bikesharing,2025-04-12,2025-04-12 04:00:00,2025-04-12 05:00:00,bicycle,F Miquel-/Adickesallee,350,1,0
synthetic_e_scooter,2025-04-12,2025-04-12 04:00:00,2025-04-12 05:00:00,e-scooter,F Miquel-/Adickesallee,50,0,0
synthetic_e_scooter,2025-04-12,2025-04-12 04:00:00,2025-04-12 05:00:00,e-scooter,F Miquel-/Adickesallee,100,0,0
synthetic_e_scooter,2025-04-12,2025-04-12 04:00:00,2025-04-12 05:00:00,e-scooter,F Miquel-/Adickesallee,250,0,0
synthetic_e_scooter,2025-04-12,2025-04-12 04:00:00,2025-04-12 05:00:00,e-scooter,F Miquel-/Adickesallee,350,0,1
synthetic_bikesharing,2025-04-12,2025-04-12 04:00:00,2025-04-12 05:00:00,bicycle,F Plieningerstraße,50,0,0
synthetic_bikesharing,2025-04-12,2025-04-12 04:00:00,2025-04-12 05:00:00,bicycle,F Plieningerstraße,100,0,0
synthetic_bikesharing,2025-04-12,2025-04-12 04:00:00,2025-04-12 05:00:00,bicycle,F Plieningerstraße,250,0,0
synthetic_bikesharing,2025-04-12,2025-04-12 04:00:00,2025-04-12 05:00:00,bicycle,F Plieningerstraße,350,0,0
synthetic_e_scooter,2025-04-12,2025-04-12 04:00:00,2025-04-12 05:00:00,e-scooter,F Plieningerstraße,50,0,0
synthetic_e_scooter,2025-04-12,2025-04-12 04:00:00,2025-04-12 05:00:00,e-scooter,F Plieningerstraße,100,0,0
synthetic_e_scooter,2025-04-12,2025-04-12 04:00:00,2025-04-12 05:00:00,e-scooter,F Plieningerstraße,250,0,0
synthetic_e_scooter,2025-04-12,2025-04-12 04:00:00,2025-04-12 05:00:00,e-scooter,F Plieningerstraße,350,0,0
synthetic_bikesharing,2025-04-12,2025-04-12 04:00:00,2025-04-12 05:00:00,bicycle,F Weser-/Münchener Straße,50,0,0
synthetic_bikesharing,2025-04-12,2025-04-12 04:00:00,2025-04-12 05:00:00,bicycle,F Weser-/Münchener Straße,100,0,0
synthetic_bikesharing,2025-04-12,2025-04-12 04:00:00,2025-04-12 05:00:00,bicycle,F Weser-/Münchener Straße,250,0,0
synthetic_bikesharing,2025-04-12,2025-04-12 04:00:00,2025-04-12 05:00:00,bicycle,F Weser-/Münchener Straße,350,1,0
synthetic_e_scooter,2025-04-12,2025-04-12 04:00:00,2025-04-12 05:00:00,e-scooter,F Weser-/Münchener Straße,50,0,0
synthetic_e_scooter,2025-04-12,2025-04-12 04:00:00,2025-04-12 05:00:00,e-scooter,F Weser-/Münchener Straße,100,0,1
synthetic_e_scooter,2025-04-12,2025-04-12 04:00:00,2025-04-12 05:00:00,e-scooter,F Weser-/Münchener Straße,250,1,1
synthetic_e_scooter,2025-04-12,2025-04-12 04:00:00,2025-04-12 05:00:00,e-scooter,F Weser-/Münchener Straße,350,1,1
synthetic_bikesharing,2025-04-12,2025-04-12 05:00:00,2025-04-12 06:00:00,bicycle,*405 F Dornbusch/Am Grünhof,50,0,0
synthetic_bikesharing,2025-04-12,2025-04-12 05:00:00,2025-04-12 06:00:00,bicycle,*405 F Dornbusch/Am Grünhof,100,0,1
synthetic_bikesharing,2025-04-12,2025-04-12 05:00:00,2025-04-12 06:00:00,bicycle,*405 F Dornbusch/Am Grünhof,250,0,1
synthetic_bikesharing,2025-04-12,2025-04-12 05:00:00,2025-04-12 06:00:00,bicycle,*405 F Dornbusch/Am Grünhof,350,0,1
synthetic_e_scooter,2025-04-12,2025-04-12 05:00:00,2025-04-12 06:00:00,e-scooter,*405 F Dornbusch/Am Grünhof,50,0,0
synthetic_e_scooter,2025-04-12,2025-04-12 05:00:00,2025-04-12 06:00:00,e-scooter,*405 F Dornbusch/Am Grünhof,100,0,0
synthetic_e_scooter,2025-04-12,2025-04-12 05:00:00,2025-04-12 06:00:00,e-scooter,*405 F Dornbusch/Am Grünhof,250,0,0
synthetic_e_scooter,2025-04-12,2025-04-12 05:00:00,2025-04-12 06:00:00,e-scooter,*405 F Dornbusch/Am Grünhof,350,0,0
synthetic_bikesharing,2025-04-12,2025-04-12 05:00:00,2025-04-12 06:00:00,bicycle,F Francois-Mitterrand-Platz,50,1,0
synthetic_bikesharing,2025-04-12,2025-04-12 05:00:00,2025-04-12 06:00:00,bicycle,F Francois-Mitterrand-Platz,100,1,0
synthetic_bikesharing,2025-04-12,2025-04-12 05:00:00,2025-04-12 06:00:00,bicycle,F Francois-Mitterrand-Platz,250,2,0
synthetic_bikesharing,2025-04-12,2025-04-12 05:00:00,2025-04-12 06:00:00,bicycle,F Francois-Mitterrand-Platz,350,4,1
synthetic_e_scooter,2025-04-12,2025-04-12 05:00:00,2025-04-12 06:00:00,e-scooter,F Francois-Mitterrand-Platz,50,1,0
synthetic_e_scooter,2025-04-12,2025-04-12 05:00:00,2025-04-12 06:00:00,e-scooter,F Francois-Mitterrand-Platz,100,1,0
synthetic_e_scooter,2025-04-12,2025-04-12 05:00:00,2025-04-12 06:00:00,e-scooter,F Francois-Mitterrand-Platz,250,2,0
synthetic_e_scooter,2025-04-12,2025-04-12 05:00:00,2025-04-12 06:00:00,e-scooter,F Francois-Mitterrand-Platz,350,2,0
synthetic_bikesharing,2025-04-12,2025-04-12 05:00:00,2025-04-12 06:00:00,bicycle,F Miquel-/Adickesallee,50,0,0
synthetic_bikesharing,2025-04-12,2025-04-12 05:00:00,2025-04-12 06:00:00,bicycle,F Miquel-/Adickesallee,100,0,0
synthetic_bikesharing,2025-04-12,2025-04-12 05:00:00,2025-04-12 06:00:00,bicycle,F Miquel-/Adickesallee,250,0,2
synthetic_bikesharing,2025-04-12,2025-04-12 05:00:00,2025-04-12 06:00:00,bicycle,F Miquel-/Adickesallee,350,0,2
synthetic_e_scooter,2025-04-12,2025-04-12 05:00:00,2025-04-12 06:00:00,e-scooter,F Miquel-/Adickesallee,50,0,0
synthetic_e_scooter,2025-04-12,2025-04-12 05:00:00,2025-04-12 06:00:00,e-scooter,F Miquel-/Adickesallee,100,0,0
synthetic_e_scooter,2025-04-12,2025-04-12 05:00:00,2025-04-12 06:00:00,e-scooter,F Miquel-/Adickesallee,250,1,1
synthetic_e_scooter,2025-04-12,2025-04-12 05:00:00,2025-04-12 06:00:00,e-scooter,F Miquel-/Adickesallee,350,1,1
synthetic_bikesharing,2025-04-12,2025-04-12 05:00:00,2025-04-12 06:00:00,bicycle,F Plieningerstraße,50,0,0
synthetic_bikesharing,2025-04-12,2025-04-12 05:00:00,2025-04-12 06:00:00,bicycle,F Plieningerstraße,100,0,0
synthetic_bikesharing,2025-04-12,2025-04-12 05:00:00,2025-04-12 06:00:00,bicycle,F Plieningerstraße,250,0,0
synthetic_bikesharing,2025-04-12,2025-04-12 05:00:00,2025-04-12 06:00:00,bicycle,F Plieningerstraße,350,1,0
synthetic_e_scooter,2025-04-12,2025-04-12 05:00:00,2025-04-12 06:00:00,e-scooter,F Plieningerstraße,50,0,0
synthetic_e_scooter,2025-04-12,2025-04-12 05:00:00,2025-04-12 06:00:00,e-scooter,F Plieningerstraße,100,0,0
synthetic_e_scooter,2025-04-12,2025-04-12 05:00:00,2025-04-12 06:00:00,e-scooter,F Plieningerstraße,250,0,0
synthetic_e_scooter,2025-04-12,2025-04-12 05:00:00,2025-04-12 06:00:00,e-scooter,F Plieningerstraße,350,0,0
synthetic_bikesharing,2025-04-12,2025-04-12 05:00:00,2025-04-12 06:00:00,bicycle,F Weser-/Münchener Straße,50,0,0
synthetic_bikesharing,2025-04-12,2025-04-12 05:00:00,2025-04-12 06:00:00,bicycle,F Weser-/Münchener Straße,100,0,1
synthetic_bikesharing,2025-04-12,2025-04-12 05:00:00,2025-04-12 06:00:00,bicycle,F Weser-/Münchener Straße,250,1,1
synthetic_bikesharing,2025-04-12,2025-04-12 05:00:00,2025-04-12 06:00:00,bicycle,F Weser-/Münchener Straße,350,1,1
synthetic_e_scooter,2025-04-12,2025-04-12 05:00:00,2025-04-12 06:00:00,e-scooter,F Weser-/Münchener Straße,50,0,0
synthetic_e_scooter,2025-04-12,2025-04-12 05:00:00,2025-04-12 06:00:00,e-scooter,F Weser-/Münchener Straße,100,0,0
synthetic_e_scooter,2025-04-12,2025-04-12 05:00:00,2025-04-12 06:00:00,e-scooter,F Weser-/Münchener Straße,250,0,0
synthetic_e_scooter,2025-04-12,2025-04-12 05:00:00,2025-04-12 06:00:00,e-scooter,F Weser-/Münchener Straße,350,0,0
synthetic_bikesharing,2025-04-12,2025-04-12 06:00:00,2025-04-12 07:00:00,bicycle,*405 F Dornbusch/Am Grünhof,50,0,0
synthetic_bikesharing,2025-04-12,2025-04-12 06:00:00,2025-04-12 07:00:00,bicycle,*405 F Dornbusch/Am Grünhof,100,0,0
synthetic_bikesharing,2025-04-12,2025-04-12 06:00:00,2025-04-12 07:00:00,bicycle,*405 F Dornbusch/Am Grünhof,250,0,2
synthetic_bikesharing,2025-04-12,2025-04-12 06:00:00,2025-04-12 07:00:00,bicycle,*405 F Dornbusch/Am Grünhof,350,0,2
synthetic_e_scooter,2025-04-12,2025-04-12 06:00:00,2025-04-12 07:00:00,e-scooter,*405 F Dornbusch/Am Grünhof,50,0,0
synthetic_e_scooter,2025-04-12,2025-04-12 06:00:00,2025-04-12 07:00:00,e-scooter,*405 F Dornbusch/Am Grünhof,100,0,0
synthetic_e_scooter,2025-04-12,2025-04-12 06:00:00,2025-04-12 07:00:00,e-scooter,*405 F Dornbusch/Am Grünhof,250,0,0
synthetic_e_scooter,2025-04-12,2025-04-12 06:00:00,2025-04-12 07:00:00,e-scooter,*405 F Dornbusch/Am Grünhof,350,1,0
synthetic_bikesharing,2025-04-12,2025-04-12 06:00:00,2025-04-12 07:00:00,bicycle,F Francois-Mitterrand-Platz,50,0,0
synthetic_bikesharing,2025-04-12,2025-04-12 06:00:00,2025-04-12 07:00:00,bicycle,F Francois-Mitterrand-Platz,100,0,0
synthetic_bikesharing,2025-04-12,2025-04-12 06:00:00,2025-04-12 07:00:00,bicycle,F Francois-Mitterrand-Platz,250,1,1
synthetic_bikesharing,2025-04-12,2025-04-12 06:00:00,2025-04-12 07:00:00,bicycle,F Francois-Mitterrand-Platz,350,1,2
synthetic_e_scooter,2025-04-12,2025-04-12 06:00:00,2025-04-12 07:00:00,e-scooter,F Francois-Mitterrand-Platz,50,0,0
synthetic_e_scooter,2025-04-12,2025-04-12 06:00:00,2025-04-12 07:00:00,e-scooter,F Francois-Mitterrand-Platz,100,0,0
synthetic_e_scooter,2025-04-12,2025-04-12 06:00:00,2025-04-12 07:00:00,e-scooter,F Francois-Mitterrand-Platz,250,0,0
synthetic_e_scooter,2025-04-12,2025-04-12 06:00:00,2025-04-12 07:00:00,e-scooter,F Francois-Mitterrand-Platz,350,0,0
synthetic_bikesharing,2025-04-12,2025-04-12 06:00:00,2025-04-12 07:00:00,bicycle,F Miquel-/Adickesallee,50,0,0
synthetic_bikesharing,2025-04-12,2025-04-12 06:00:00,2025-04-12 07:00:00,bicycle,F Miquel-/Adickesallee,100,1,0
synthetic_bikesharing,2025-04-12,2025-04-12 06:00:00,2025-04-12 07:00:00,bicycle,F Miquel-/Adickesallee,250,1,2
synthetic_bikesharing,2025-04-12,2025-04-12 06:00:00,2025-04-12 07:00:00,bicycle,F Miquel-/Adickesallee,350,1,2
synthetic_e_scooter,2025-04-12,2025-04-12 06:00:00,2025-04-12 07:00:00,e-scooter,F Miquel-/Adickesallee,50,0,0
synthetic_e_scooter,2025-04-12,2025-04-12 06:00:00,2025-04-12 07:00:00,e-scooter,F Miquel-/Adickesallee,100,1,0
synthetic_e_scooter,2025-04-12,2025-04-12 06:00:00,2025-04-12 07:00:00,e-scooter,F Miquel-/Adickesallee,250,5,0
synthetic_e_scooter,2025-04-12,2025-04-12 06:00:00,2025-04-12 07:00:00,e-scooter,F Miquel-/Adickesallee,350,5,0
synthetic_bikesharing,2025-04-12,2025-04-12 06:00:00,2025-04-12 07:00:00,bicycle,F Plieningerstraße,50,0,0
synthetic_bikesharing,2025-04-12,2025-04-12 06:00:00,2025-04-12 07:00:00,bicycle,F Plieningerstraße,100,0,0
synthetic_bikesharing,2025-04-12,2025-04-12 06:00:00,2025-04-12 07:00:00,bicycle,F Plieningerstraße,250,1,1
synthetic_bikesharing,2025-04-12,2025-04-12 06:00:00,2025-04-12 07:00:00,bicycle,F Plieningerstraße,350,1,1
synthetic_e_scooter,2025-04-12,2025-04-12 06:00:00,2025-04-12 07:00:00,e-scooter,F Plieningerstraße,50,0,0
synthetic_e_scooter,2025-04-12,2025-04-12 06:00:00,2025-04-12 07:00:00,e-scooter,F Plieningerstraße,100,0,0
synthetic_e_scooter,2025-04-12,2025-04-12 06:00:00,2025-04-12 07:00:00,e-scooter,F Plieningerstraße,250,0,1
synthetic_e_scooter,2025-04-12,2025-04-12 06:00:00,2025-04-12 07:00:00,e-scooter,F Plieningerstraße,350,0,1
synthetic_bikesharing,2025-04-12,2025-04-12 06:00:00,2025-04-12 07:00:00,bicycle,F Weser-/Münchener Straße,50,0,0
synthetic_bikesharing,2025-04-12,2025-04-12 06:00:00,2025-04-12 07:00:00,bicycle,F Weser-/Münchener Straße,100,0,0
synthetic_bikesharing,2025-04-12,2025-04-12 06:00:00,2025-04-12 07:00:00,bicycle,F Weser-/Münchener Straße,250,0,1
synthetic_bikesharing,2025-04-12,2025-04-12 06:00:00,2025-04-12 07:00:00,bicycle,F Weser-/Münchener Straße,350,0,1
synthetic_e_scooter,2025-04-12,2025-04-12 06:00:00,2025-04-12 07:00:00,e-scooter,F Weser-/Münchener Straße,50,0,0
synthetic_e_scooter,2025-04-12,2025-04-12 06:00:00,2025-04-12 07:00:00,e-scooter,F Weser-/Münchener Straße,100,1,0
synthetic_e_scooter,2025-04-12,2025-04-12 06:00:00,2025-04-12 07:00:00,e-scooter,F Weser-/Münchener Straße,250,1,0
synthetic_e_scooter,2025-04-12,2025-04-12 06:00:00,2025-04-12 07:00:00,e-scooter,F Weser-/Münchener Straße,350,1,1
synthetic_bikesharing,2025-04-12,2025-04-12 07:00:00,2025-04-12 08:00:00,bicycle,*405 F Dornbusch/Am Grünhof,50,0,0
synthetic_bikesharing,2025-04-12,2025-04-12 07:00:00,2025-04-12 08:00:00,bicycle,*405 F Dornbusch/Am Grünhof,100,1,0
synthetic_bikesharing,2025-04-12,2025-04-12 07:00:00,2025-04-12 08:00:00,bicycle,*405 F Dornbusch/Am Grünhof,250,5,0
synthetic_bikesharing,2025-04-12,2025-04-12 07:00:00,2025-04-12 08:00:00,bicycle,*405 F Dornbusch/Am Grünhof,350,8,0
synthetic_e_scooter,2025-04-12,2025-04-12 07:00:00,2025-04-12 08:00:00,e-scooter,*405 F Dornbusch/Am Grünhof,50,0,0
synthetic_e_scooter,2025-04-12,2025-04-12 07:00:00,2025-04-12 08:00:00,e-scooter,*405 F Dornbusch/Am Grünhof,100,0,0
synthetic_e_scooter,2025-04-12,2025-04-12 07:00:00,2025-04-12 08:00:00,e-scooter,*405 F Dornbusch/Am Grünhof,250,0,0
synthetic_e_scooter,2025-04-12,2025-04-12 07:00:00,2025-04-12 08:00:00,e-scooter,*405 F Dornbusch/Am Grünhof,350,0,0
synthetic_bikesharing,2025-04-12,2025-04-12 07:00:00,2025-04-12 08:00:00,bicycle,F Francois-Mitterrand-Platz,50,0,1
synthetic_bikesharing,2025-04-12,2025-04-12 07:00:00,2025-04-12 08:00:00,bicycle,F Francois-Mitterrand-Platz,100,0,5
synthetic_bikesharing,2025-04-12,2025-04-12 07:00:00,2025-04-12 08:00:00,bicycle,F Francois-Mitterrand-Platz,250,1,6
synthetic_bikesharing,2025-04-12,2025-04-12 07:00:00,2025-04-12 08:00:00,bicycle,F Francois-Mitterrand-Platz,350,1,7
synthetic_e_scooter,2025-04-12,2025-04-12 07:00:00,2025-04-12 08:00:00,e-scooter,F Francois-Mitterrand-Platz,50,0,0
synthetic_e_scooter,2025-04-12,2025-04-12 07:00:00,2025-04-12 08:00:00,e-scooter,F Francois-Mitterrand-Platz,100,0,2
synthetic_e_scooter,2025-04-12,2025-04-12 07:00:00,2025-04-12 08:00:00,e-scooter,F Francois-Mitterrand-Platz,250,1,3
synthetic_e_scooter,2025-04-12,2025-04-12 07:00:00,2025-04-12 08:00:00,e-scooter,F Francois-Mitterrand-Platz,350,1,3
synthetic_bikesharing,2025-04-12,2025-04-12 07:00:00,2025-04-12 08:00:00,bicycle,F Miquel-/Adickesallee,50,0,0
synthetic_bikesharing,2025-04-12,2025-04-12 07:00:00,2025-04-12 08:00:00,bicycle,F Miquel-/Adickesallee,100,1,0
synthetic_bikesharing,2025-04-12,2025-04-12 07:00:00,2025-04-12 08:00:00,bicycle,F Miquel-/Adickesallee,250,2,2
synthetic_bikesharing,2025-04-12,2025-04-12 07:00:00,2025-04-12 08:00:00,bicycle,F Miquel-/Adickesallee,350,6,2
synthetic_e_scooter,2025-04-12,2025-04-12 07:00:00,2025-04-12 08:00:00,e-scooter,F Miquel-/Adickesallee,50,1,0
synthetic_e_scooter,2025-04-12,2025-04-12 07:00:00,2025-04-12 08:00:00,e-scooter,F Miquel-/Adickesallee,100,2,0
synthetic_e_scooter,2025-04-12,2025-04-12 07:00:00,2025-04-12 08:00:00,e-scooter,F Miquel-/Adickesallee,250,2,0
synthetic_e_scooter,2025-04-12,2025-04-12 07:00:00,2025-04-12 08:00:00,e-scooter,F Miquel-/Adickesallee,350,3,0
synthetic_bikesharing,2025-04-12,2025-04-12 07:00:00,2025-04-12 08:00:00,bicycle,F Plieningerstraße,50,0,1
synthetic_bikesharing,2025-04-12,2025-04-12 07:00:00,2025-04-12 08:00:00,bicycle,F Plieningerstraße,100,0,1
synthetic_bikesharing,2025-04-12,2025-04-12 07:00:00,2025-04-12 08:00:00,bicycle,F Plieningerstraße,250,0,2
synthetic_bikesharing,2025-04-12,2025-04-12 07:00:00,2025-04-12 08:00:00,bicycle,F Plieningerstraße,350,0,3
synthetic_e_scooter,2025-04-12,2025-04-12 07:00:00,2025-04-12 08:00:00,e-scooter,F Plieningerstraße,50,0,0
synthetic_e_scooter,2025-04-12,2025-04-12 07:00:00,2025-04-12 08:00:00,e-scooter,F Plieningerstraße,100,0,0
synthetic_e_scooter,2025-04-12,2025-04-12 07:00:00,2025-04-12 08:00:00,e-scooter,F Plieningerstraße,250,1,0
synthetic_e_scooter,2025-04-12,2025-04-12 07:00:00,2025-04-12 08:00:00,e-scooter,F Plieningerstraße,350,1,0
synthetic_bikesharing,2025-04-12,2025-04-12 07:00:00,2025-04-12 08:00:00,bicycle,F Weser-/Münchener Straße,50,0,0
synthetic_bikesharing,2025-04-12,2025-04-12 07:00:00,2025-04-12 08:00:00,bicycle,F Weser-/Münchener Straße,100,3,2
synthetic_bikesharing,2025-04-12,2025-04-12 07:00:00,2025-04-12 08:00:00,bicycle,F Weser-/Münchener Straße,250,9,4
synthetic_bikesharing,2025-04-12,2025-04-12 07:00:00,2025-04-12 08:00:00,bicycle,F Weser-/Münchener Straße,350,14,4
synthetic_e_scooter,2025-04-12,2025-04-12 07:00:00,2025-04-12 08:00:00,e-scooter,F Weser-/Münchener Straße,50,0,0
synthetic_e_scooter,2025-04-12,2025-04-12 07:00:00,2025-04-12 08:00:00,e-scooter,F Weser-/Münchener Straße,100,0,0
synthetic_e_scooter,2025-04-12,2025-04-12 07:00:00,2025-04-12 08:00:00,e-scooter,F Weser-/Münchener Straße,250,1,0
synthetic_e_scooter,2025-04-12,2025-04-12 07:00:00,2025-04-12 08:00:00,e-scooter,F Weser-/Münchener Straße,350,1,0
synthetic_bikesharing,2025-04-12,2025-04-12 08:00:00,2025-04-12 09:00:00,bicycle,*405 F Dornbusch/Am Grünhof,50,0,0
synthetic_bikesharing,2025-04-12,2025-04-12 08:00:00,2025-04-12 09:00:00,bicycle,*405 F Dornbusch/Am Grünhof,100,0,1
synthetic_bikesharing,2025-04-12,2025-04-12 08:00:00,2025-04-12 09:00:00,bicycle,*405 F Dornbusch/Am Grünhof,250,0,1
synthetic_bikesharing,2025-04-12,2025-04-12 08:00:00,2025-04-12 09:00:00,bicycle,*405 F Dornbusch/Am Grünhof,350,1,2
synthetic_e_scooter,2025-04-12,2025-04-12 08:00:00,2025-04-12 09:00:00,e-scooter,*405 F Dornbusch/Am Grünhof,50,1,1
synthetic_e_scooter,2025-04-12,2025-04-12 08:00:00,2025-04-12 09:00:00,e-scooter,*405 F Dornbusch/Am Grünhof,100,1,1
synthetic_e_scooter,2025-04-12,2025-04-12 08:00:00,2025-04-12 09:00:00,e-scooter,*405 F Dornbusch/Am Grünhof,250,3,2
synthetic_e_scooter,2025-04-12,2025-04-12 08:00:00,2025-04-12 09:00:00,e-scooter,*405 F Dornbusch/Am Grünhof,350,4,2
synthetic_bikesharing,2025-04-12,2025-04-12 08:00:00,2025-04-12 09:00:00,bicycle,F Francois-Mitterrand-Platz,50,0,0
synthetic_bikesharing,2025-04-12,2025-04-12 08:00:00,2025-04-12 09:00:00,bicycle,F Francois-Mitterrand-Platz,100,0,1
synthetic_bikesharing,2025-04-12,2025-04-12 08:00:00,2025-04-12 09:00:00,bicycle,F Francois-Mitterrand-Platz,250,3,2
synthetic_bikesharing,2025-04-12,2025-04-12 08:00:00,2025-04-12 09:00:00,bicycle,F Francois-Mitterrand-Platz,350,4,6
synthetic_e_scooter,2025-04-12,2025-04-12 08:00:00,2025-04-12 09:00:00,e-scooter,F Francois-Mitterrand-Platz,50,0,0
synthetic_e_scooter,2025-04-12,2025-04-12 08:00:00,2025-04-12 09:00:00,e-scooter,F Francois-Mitterrand-Platz,100,0,0
synthetic_e_scooter,2025-04-12,2025-04-12 08:00:00,2025-04-12 09:00:00,e-scooter,F Francois-Mitterrand-Platz,250,0,0
synthetic_e_scooter,2025-04-12,2025-04-12 08:00:00,2025-04-12 09:00:00,e-scooter,F Francois-Mitterrand-Platz,350,0,0
synthetic_bikesharing,2025-04-12,2025-04-12 08:00:00,2025-04-12 09:00:00,bicycle,F Miquel-/Adickesallee,50,2,0
synthetic_bikesharing,2025-04-12,2025-04-12 08:00:00,2025-04-12 09:00:00,bicycle,F Miquel-/Adickesallee,100,3,2
synthetic_bikesharing,2025-04-12,2025-04-12 08:00:00,2025-04-12 09:00:00,bicycle,F Miquel-/Adickesallee,250,9,3
synthetic_bikesharing,2025-04-12,2025-04-12 08:00:00,2025-04-12 09:00:00,bicycle,F Miquel-/Adickesallee,350,11,5
synthetic_e_scooter,2025-04-12,2025-04-12 08:00:00,2025-04-12 09:00:00,e-scooter,F Miquel-/Adickesallee,50,0,1
synthetic_e_scooter,2025-04-12,2025-04-12 08:00:00,2025-04-12 09:00:00,e-scooter,F Miquel-/Adickesallee,100,1,3
synthetic_e_scooter,2025-04-12,2025-04-12 08:00:00,2025-04-12 09:00:00,e-scooter,F Miquel-/Adickesallee,250,2,3
synthetic_e_scooter,2025-04-12,2025-04-12 08:00:00,2025-04-12 09:00:00,e-scooter,F Miquel-/Adickesallee,350,2,4
synthetic_bikesharing,2025-04-12,2025-04-12 08:00:00,2025-04-12 09:00:00,bicycle,F Plieningerstraße,50,0,1
synthetic_bikesharing,2025-04-12,2025-04-12 08:00:00,2025-04-12 09:00:00,bicycle,F Plieningerstraße,100,0,1
synthetic_bikesharing,2025-04-12,2025-04-12 08:00:00,2025-04-12 09:00:00,bicycle,F Plieningerstraße,250,1,2
synthetic_bikesharing,2025-04-12,2025-04-12 08:00:00,2025-04-12 09:00:00,bicycle,F Plieningerstraße,350,1,2
synthetic_e_scooter,2025-04-12,2025-04-12 08:00:00,2025-04-12 09:00:00,e-scooter,F Plieningerstraße,50,0,0
synthetic_e_scooter,2025-04-12,2025-04-12 08:00:00,2025-04-12 09:00:00,e-scooter,F Plieningerstraße,100,0,1
synthetic_e_scooter,2025-04-12,2025-04-12 08:00:00,2025-04-12 09:00:00,e-scooter,F Plieningerstraße,250,0,1
synthetic_e_scooter,2025-04-12,2025-04-12 08:00:00,2025-04-12 09:00:00,e-scooter,F Plieningerstraße,350,0,2
synthetic_bikesharing,2025-04-12,2025-04-12 08:00:00,2025-04-12 09:00:00,bicycle,F Weser-/Münchener Straße,50,0,1
synthetic_bikesharing,2025-04-12,2025-04-12 08:00:00,2025-04-12 09:00:00,bicycle,F Weser-/Münchener Straße,100,0,1
synthetic_bikesharing,2025-04-12,2025-04-12 08:00:00,2025-04-12 09:00:00,bicycle,F Weser-/Münchener Straße,250,3,1
synthetic_bikesharing,2025-04-12,2025-04-12 08:00:00,2025-04-12 09:00:00,bicycle,F Weser-/Münchener Straße,350,6,3
synthetic_e_scooter,2025-04-12,2025-04-12 08:00:00,2025-04-12 09:00:00,e-scooter,F Weser-/Münchener Straße,50,2,0
synthetic_e_scooter,2025-04-12,2025-04-12 08:00:00,2025-04-12 09:00:00,e-scooter,F Weser-/Münchener Straße,100,2,1
synthetic_e_scooter,2025-04-12,2025-04-12 08:00:00,2025-04-12 09:00:00,e-scooter,F Weser-/Münchener Straße,250,3,2
synthetic_e_scooter,2025-04-12,2025-04-12 08:00:00,2025-04-12 09:00:00,e-scooter,F Weser-/Münchener Straße,350,5,3
synthetic_bikesharing,2025-04-12,2025-04-12 09:00:00,2025-04-12 10:00:00,bicycle,*405 F Dornbusch/Am Grünhof,50,0,0
synthetic_bikesharing,2025-04-12,2025-04-12 09:00:00,2025-04-12 10:00:00,bicycle,*405 F Dornbusch/Am Grünhof,100,0,0
synthetic_bikesharing,2025-04-12,2025-04-12 09:00:00,2025-04-12 10:00:00,bicycle,*405 F Dornbusch/Am Grünhof,250,0,0
synthetic_bikesharing,2025-04-12,2025-04-12 09:00:00,2025-04-12 10:00:00,bicycle,*405 F Dornbusch/Am Grünhof,350,0,0
synthetic_e_scooter,2025-04-12,2025-04-12 09:00:00,2025-04-12 10:00:00,e-scooter,*405 F Dornbusch/Am Grünhof,50,0,0
synthetic_e_scooter,2025-04-12,2025-04-12 09:00:00,2025-04-12 10:00:00,e-scooter,*405 F Dornbusch/Am Grünhof,100,0,0
synthetic_e_scooter,2025-04-12,2025-04-12 09:00:00,2025-04-12 10:00:00,e-scooter,*405 F Dornbusch/Am Grünhof,250,0,0
synthetic_e_scooter,2025-04-12,2025-04-12 09:00:00,2025-04-12 10:00:00,e-scooter,*405 F Dornbusch/Am Grünhof,350,0,0
synthetic_bikesharing,2025-04-12,2025-04-12 09:00:00,2025-04-12 10:00:00,bicycle,F Francois-Mitterrand-Platz,50,0,0
synthetic_bikesharing,2025-04-12,2025-04-12 09:00:00,2025-04-12 10:00:00,bicycle,F Francois-Mitterrand-Platz,100,0,2
synthetic_bikesharing,2025-04-12,2025-04-12 09:00:00,2025-04-12 10:00:00,bicycle,F Francois-Mitterrand-Platz,250,1,2
synthetic_bikesharing,2025-04-12,2025-04-12 09:00:00,2025-04-12 10:00:00,bicycle,F Francois-Mitterrand-Platz,350,3,4
synthetic_e_scooter,2025-04-12,2025-04-12 09:00:00,2025-04-12 10:00:00,e-scooter,F Francois-Mitterrand-Platz,50,1,1
synthetic_e_scooter,2025-04-12,2025-04-12 09:00:00,2025-04-12 10:00:00,e-scooter,F Francois-Mitterrand-Platz,100,2,1
synthetic_e_scooter,2025-04-12,2025-04-12 09:00:00,2025-04-12 10:00:00,e-scooter,F Francois-Mitterrand-Platz,250,2,1
synthetic_e_scooter,2025-04-12,2025-04-12 09:00:00,2025-04-12 10:00:00,e-scooter,F Francois-Mitterrand-Platz,350,2,2
synthetic_bikesharing,2025-04-12,2025-04-12 09:00:00,2025-04-12 10:00:00,bicycle,F Miquel-/Adickesallee,50,0,1
synthetic_bikesharing,2025-04-12,2025-04-12 09:00:00,2025-04-12 10:00:00,bicycle,F Miquel-/Adickesallee,100,0,2
synthetic_bikesharing,2025-04-12,2025-04-12 09:00:00,2025-04-12 10:00:00,bicycle,F Miquel-/Adickesallee,250,2,3
synthetic_bikesharing,2025-04-12,2025-04-12 09:00:00,2025-04-12 10:00:00,bicycle,F Miquel-/Adickesallee,350,4,3
synthetic_e_scooter,2025-04-12,2025-04-12 09:00:00,2025-04-12 10:00:00,e-scooter,F Miquel-/Adickesallee,50,0,0
synthetic_e_scooter,2025-04-12,2025-04-12 09:00:00,2025-04-12 10:00:00,e-scooter,F Miquel-/Adickesallee,100,0,0
synthetic_e_scooter,2025-04-12,2025-04-12 09:00:00,2025-04-12 10:00:00,e-scooter,F Miquel-/Adickesallee,250,1,1
synthetic_e_scooter,2025-04-12,2025-04-12 09:00:00,2025-04-12 10:00:00,e-scooter,F Miquel-/Adickesallee,350,2,1
synthetic_bikesharing,2025-04-12,2025-04-12 09:00:00,2025-04-12 10:00:00,bicycle,F Plieningerstraße,50,0,0
synthetic_bikesharing,2025-04-12,2025-04-12 09:00:00,2025-04-12 10:00:00,bicycle,F Plieningerstraße,100,0,0
synthetic_bikesharing,2025-04-12,2025-04-12 09:00:00,2025-04-12 10:00:00,bicycle,F Plieningerstraße,250,0,2
synthetic_bikesharing,2025-04-12,2025-04-12 09:00:00,2025-04-12 10:00:00,bicycle,F Plieningerstraße,350,0,3
synthetic_e_scooter,2025-04-12,2025-04-12 09:00:00,2025-04-12 10:00:00,e-scooter,F Plieningerstraße,50,0,1
synthetic_e_scooter,2025-04-12,2025-04-12 09:00:00,2025-04-12 10:00:00,e-scooter,F Plieningerstraße,100,0,1
synthetic_e_scooter,2025-04-12,2025-04-12 09:00:00,2025-04-12 10:00:00,e-scooter,F Plieningerstraße,250,1,2
synthetic_e_scooter,2025-04-12,2025-04-12 09:00:00,2025-04-12 10:00:00,e-scooter,F Plieningerstraße,350,1,3
synthetic_bikesharing,2025-04-12,2025-04-12 09:00:00,2025-04-12 10:00:00,bicycle,F Weser-/Münchener Straße,50,0,0
synthetic_bikesharing,2025-04-12,2025-04-12 09:00:00,2025-04-12 10:00:00,bicycle,F Weser-/Münchener Straße,100,0,0
synthetic_bikesharing,2025-04-12,2025-04-12 09:00:00,2025-04-12 10:00:00,bicycle,F Weser-/Münchener Straße,250,4,0
synthetic_bikesharing,2025-04-12,2025-04-12 09:00:00,2025-04-12 10:00:00,bicycle,F Weser-/Münchener Straße,350,4,0
synthetic_e_scooter,2025-04-12,2025-04-12 09:00:00,2025-04-12 10:00:00,e-scooter,F Weser-/Münchener Straße,50,0,0
synthetic_e_scooter,2025-04-12,2025-04-12 09:00:00,2025-04-12 10:00:00,e-scooter,F Weser-/Münchener Straße,100,0,0
synthetic_e_scooter,2025-04-12,2025-04-12 09:00:00,2025-04-12 10:00:00,e-scooter,F Weser-/Münchener Straße,250,1,1
synthetic_e_scooter,2025-04-12,2025-04-12 09:00:00,2025-04-12 10:00:00,e-scooter,F Weser-/Münchener Straße,350,2,1
synthetic_bikesharing,2025-04-12,2025-04-12 10:00:00,2025-04-12 11:00:00,bicycle,*405 F Dornbusch/Am Grünhof,50,1,0
synthetic_bikesharing,2025-04-12,2025-04-12 10:00:00,2025-04-12 11:00:00,bicycle,*405 F Dornbusch/Am Grünhof,100,2,0
synthetic_bikesharing,2025-04-12,2025-04-12 10:00:00,2025-04-12 11:00:00,bicycle,*405 F Dornbusch/Am Grünhof,250,3,1
synthetic_bikesharing,2025-04-12,2025-04-12 10:00:00,2025-04-12 11:00:00,bicycle,*405 F Dornbusch/Am Grünhof,350,5,1
synthetic_e_scooter,2025-04-12,2025-04-12 10:00:00,2025-04-12 11:00:00,e-scooter,*405 F Dornbusch/Am Grünhof,50,0,0
synthetic_e_scooter,2025-04-12,2025-04-12 10:00:00,2025-04-12 11:00:00,e-scooter,*405 F Dornbusch/Am Grünhof,100,0,0
synthetic_e_scooter,2025-04-12,2025-04-12 10:00:00,2025-04-12 11:00:00,e-scooter,*405 F Dornbusch/Am Grünhof,250,3,1
synthetic_e_scooter,2025-04-12,2025-04-12 10:00:00,2025-04-12 11:00:00,e-scooter,*405 F Dornbusch/Am Grünhof,350,5,1
synthetic_bikesharing,2025-04-12,2025-04-12 10:00:00,2025-04-12 11:00:00,bicycle,F Francois-Mitterrand-Platz,50,0,0
synthetic_bikesharing,2025-04-12,2025-04-12 10:00:00,2025-04-12 11:00:00,bicycle,F Francois-Mitterrand-Platz,100,1,2
synthetic_bikesharing,2025-04-12,2025-04-12 10:00:00,2025-04-12 11:00:00,bicycle,F Francois-Mitterrand-Platz,250,3,4
synthetic_bikesharing,2025-04-12,2025-04-12 10:00:00,2025-04-12 11:00:00,bicycle,F Francois-Mitterrand-Platz,350,4,5
synthetic_e_scooter,2025-04-12,2025-04-12 10:00:00,2025-04-12 11:00:00,e-scooter,F Francois-Mitterrand-Platz,50,0,3
synthetic_e_scooter,2025-04-12,2025-04-12 10:00:00,2025-04-12 11:00:00,e-scooter,F Francois-Mitterrand-Platz,100,2,4
synthetic_e_scooter,2025-04-12,2025-04-12 10:00:00,2025-04-12 11:00:00,e-scooter,F Francois-Mitterrand-Platz,250,4,9
synthetic_e_scooter,2025-04-12,2025-04-12 10:00:00,2025-04-12 11:00:00,e-scooter,F Francois-Mitterrand-Platz,350,6,10
synthetic_bikesharing,2025-04-12,2025-04-12 10:00:00,2025-04-12 11:00:00,bicycle,F Miquel-/Adickesallee,50,1,0
synthetic_bikesharing,2025-04-12,2025-04-12 10:00:00,2025-04-12 11:00:00,bicycle,F Miquel-/Adickesallee,100,2,0
synthetic_bikesharing,2025-04-12,2025-04-12 10:00:00,2025-04-12 11:00:00,bicycle,F Miquel-/Adickesallee,250,7,5
synthetic_bikesharing,2025-04-12,2025-04-12 10:00:00,2025-04-12 11:00:00,bicycle,F Miquel-/Adickesallee,350,9,7
synthetic_e_scooter,2025-04-12,2025-04-12 10:00:00,2025-04-12 11:00:00,e-scooter,F Miquel-/Adickesallee,50,0,1
synthetic_e_scooter,2025-04-12,2025-04-12 10:00:00,2025-04-12 11:00:00,e-scooter,F Miquel-/Adickesallee,100,1,2
synthetic_e_scooter,2025-04-12,2025-04-12 10:00:00,2025-04-12 11:00:00,e-scooter,F Miquel-/Adickesallee,250,2,6
synthetic_e_scooter,2025-04-12,2025-04-12 10:00:00,2025-04-12 11:00:00,e-scooter,F Miquel-/Adickesallee,350,3,8
synthetic_bikesharing,2025-04-12,2025-04-12 10:00:00,2025-04-12 11:00:00,bicycle,F Plieningerstraße,50,0,2
synthetic_bikesharing,2025-04-12,2025-04-12 10:00:00,2025-04-12 11:00:00,bicycle,F Plieningerstraße,100,0,2
synthetic_bikesharing,2025-04-12,2025-04-12 10:00:00,2025-04-12 11:00:00,bicycle,F Plieningerstraße,250,1,3
synthetic_bikesharing,2025-04-12,2025-04-12 10:00:00,2025-04-12 11:00:00,bicycle,F Plieningerstraße,350,3,4
synthetic_e_scooter,2025-04-12,2025-04-12 10:00:00,2025-04-12 11:00:00,e-scooter,F Plieningerstraße,50,1,0
synthetic_e_scooter,2025-04-12,2025-04-12 10:00:00,2025-04-12 11:00:00,e-scooter,F Plieningerstraße,100,3,0
synthetic_e_scooter,2025-04-12,2025-04-12 10:00:00,2025-04-12 11:00:00,e-scooter,F Plieningerstraße,250,4,0
synthetic_e_scooter,2025-04-12,2025-04-12 10:00:00,2025-04-12 11:00:00,e-scooter,F Plieningerstraße,350,6,1
synthetic_bikesharing,2025-04-12,2025-04-12 10:00:00,2025-04-12 11:00:00,bicycle,F Weser-/Münchener Straße,50,2,1
synthetic_bikesharing,2025-04-12,2025-04-12 10:00:00,2025-04-12 11:00:00,bicycle,F Weser-/Münchener Straße,100,4,2
synthetic_bikesharing,2025-04-12,2025-04-12 10:00:00,2025-04-12 11:00:00,bicycle,F Weser-/Münchener Straße,250,10,2
synthetic_bikesharing,2025-04-12,2025-04-12 10:00:00,2025-04-12 11:00:00,bicycle,F Weser-/Münchener Straße,350,12,4
synthetic_e_scooter,2025-04-12,2025-04-12 10:00:00,2025-04-12 11:00:00,e-scooter,F Weser-/Münchener Straße,50,0,1
synthetic_e_scooter,2025-04-12,2025-04-12 10:00:00,2025-04-12 11:00:00,e-scooter,F Weser-/Münchener Straße,100,1,5
synthetic_e_scooter,2025-04-12,2025-04-12 10:00:00,2025-04-12 11:00:00,e-scooter,F Weser-/Münchener Straße,250,4,13
synthetic_e_scooter,2025-04-12,2025-04-12 10:00:00,2025-04-12 11:00:00,e-scooter,F Weser-/Münchener Straße,350,4,17
synthetic_bikesharing,2025-04-12,2025-04-12 11:00:00,2025-04-12 12:00:00,bicycle,*405 F Dornbusch/Am Grünhof,50,1,1
synthetic_bikesharing,2025-04-12,2025-04-12 11:00:00,2025-04-12 12:00:00,bicycle,*405 F Dornbusch/Am Grünhof,100,1,2
synthetic_bikesharing,2025-04-12,2025-04-12 11:00:00,2025-04-12 12:00:00,bicycle,*405 F Dornbusch/Am Grünhof,250,1,3
synthetic_bikesharing,2025-04-12,2025-04-12 11:00:00,2025-04-12 12:00:00,bicycle,*405 F Dornbusch/Am Grünhof,350,2,5
synthetic_e_scooter,2025-04-12,2025-04-12 11:00:00,2025-04-12 12:00:00,e-scooter,*405 F Dornbusch/Am Grünhof,50,0,1
synthetic_e_scooter,2025-04-12,2025-04-12 11:00:00,2025-04-12 12:00:00,e-scooter,*405 F Dornbusch/Am Grünhof,100,2,1
synthetic_e_scooter,2025-04-12,2025-04-12 11:00:00,2025-04-12 12:00:00,e-scooter,*405 F Dornbusch/Am Grünhof,250,2,3
synthetic_e_scooter,2025-04-12,2025-04-12 11:00:00,2025-04-12 12:00:00,e-scooter,*405 F Dornbusch/Am Grünhof,350,2,3
synthetic_bikesharing,2025-04-12,2025-04-12 11:00:00,2025-04-12 12:00:00,bicycle,F Francois-Mitterrand-Platz,50,1,0
synthetic_bikesharing,2025-04-12,2025-04-12 11:00:00,2025-04-12 12:00:00,bicycle,F Francois-Mitterrand-Platz,100,1,1
synthetic_bikesharing,2025-04-12,2025-04-12 11:00:00,2025-04-12 12:00:00,bicycle,F Francois-Mitterrand-Platz,250,4,2
synthetic_bikesharing,2025-04-12,2025-04-12 11:00:00,2025-04-12 12:00:00,bicycle,F Francois-Mitterrand-Platz,350,5,3
synthetic_e_scooter,2025-04-12,2025-04-12 11:00:00,2025-04-12 12:00:00,e-scooter,F Francois-Mitterrand-Platz,50,0,1
synthetic_e_scooter,2025-04-12,2025-04-12 11:00:00,2025-04-12 12:00:00,e-scooter,F Francois-Mitterrand-Platz,100,0,3
synthetic_e_scooter,2025-04-12,2025-04-12 11:00:00,2025-04-12 12:00:00,e-scooter,F Francois-Mitterrand-Platz,250,2,6
synthetic_e_scooter,2025-04-12,2025-04-12 11:00:00,2025-04-12 12:00:00,e-scooter,F Francois-Mitterrand-Platz,350,3,8
synthetic_bikesharing,2025-04-12,2025-04-12 11:00:00,2025-04-12 12:00:00,bicycle,F Miquel-/Adickesallee,50,0,2
synthetic_bikesharing,2025-04-12,2025-04-12 11:00:00,2025-04-12 12:00:00,bicycle,F Miquel-/Adickesallee,100,0,3
synthetic_bikesharing,2025-04-12,2025-04-12 11:00:00,2025-04-12 12:00:00,bicycle,F Miquel-/Adickesallee,250,3,8
synthetic_bikesharing,2025-04-12,2025-04-12 11:00:00,2025-04-12 12:00:00,bicycle,F Miquel-/Adickesallee,350,4,9
synthetic_e_scooter,2025-04-12,2025-04-12 11:00:00,2025-04-12 12:00:00,e-scooter,F Miquel-/Adickesallee,50,0,1
synthetic_e_scooter,2025-04-12,2025-04-12 11:00:00,2025-04-12 12:00:00,e-scooter,F Miquel-/Adickesallee,100,2,2
synthetic_e_scooter,2025-04-12,2025-04-12 11:00:00,2025-04-12 12:00:00,e-scooter,F Miquel-/Adickesallee,250,6,11
synthetic_e_scooter,2025-04-12,2025-04-12 11:00:00,2025-04-12 12:00:00,e-scooter,F Miquel-/Adickesallee,350,6,15
synthetic_bikesharing,2025-04-12,2025-04-12 11:00:00,2025-04-12 12:00:00,bicycle,F Plieningerstraße,50,0,0
synthetic_bikesharing,2025-04-12,2025-04-12 11:00:00,2025-04-12 12:00:00,bicycle,F Plieningerstraße,100,0,0
synthetic_bikesharing,2025-04-12,2025-04-12 11:00:00,2025-04-12 12:00:00,bicycle,F Plieningerstraße,250,0,2
synthetic_bikesharing,2025-04-12,2025-04-12 11:00:00,2025-04-12 12:00:00,bicycle,F Plieningerstraße,350,0,4
synthetic_e_scooter,2025-04-12,2025-04-12 11:00:00,2025-04-12 12:00:00,e-scooter,F Plieningerstraße,50,0,0
synthetic_e_scooter,2025-04-12,2025-04-12 11:00:00,2025-04-12 12:00:00,e-scooter,F Plieningerstraße,100,0,0
synthetic_e_scooter,2025-04-12,2025-04-12 11:00:00,2025-04-12 12:00:00,e-scooter,F Plieningerstraße,250,4,0
synthetic_e_scooter,2025-04-12,2025-04-12 11:00:00,2025-04-12 12:00:00,e-scooter,F Plieningerstraße,350,5,0
synthetic_bikesharing,2025-04-12,2025-04-12 11:00:00,2025-04-12 12:00:00,bicycle,F Weser-/Münchener Straße,50,1,1
synthetic_bikesharing,2025-04-12,2025-04-12 11:00:00,2025-04-12 12:00:00,bicycle,F Weser-/Münchener Straße,100,2,2
synthetic_bikesharing,2025-04-12,2025-04-12 11:00:00,2025-04-12 12:00:00,bicycle,F Weser-/Münchener Straße,250,5,2
synthetic_bikesharing,2025-04-12,2025-04-12 11:00:00,2025-04-12 12:00:00,bicycle,F Weser-/Münchener Straße,350,5,2
synthetic_e_scooter,2025-04-12,2025-04-12 11:00:00,2025-04-12 12:00:00,e-scooter,F Weser-/Münchener Straße,50,0,3
synthetic_e_scooter,2025-04-12,2025-04-12 11:00:00,2025-04-12 12:00:00,e-scooter,F Weser-/Münchener Straße,100,1,5
synthetic_e_scooter,2025-04-12,2025-04-12 11:00:00,2025-04-12 12:00:00,e-scooter,F Weser-/Münchener Straße,250,4,9
synthetic_e_scooter,2025-04-12,2025-04-12 11:00:00,2025-04-12 12:00:00,e-scooter,F Weser-/Münchener Straße,350,7,11
synthetic_bikesharing,2025-04-12,2025-04-12 12:00:00,2025-04-12 13:00:00,bicycle,*405 F Dornbusch/Am Grünhof,50,0,0
synthetic_bikesharing,2025-04-12,2025-04-12 12:00:00,2025-04-12 13:00:00,bicycle,*405 F Dornbusch/Am Grünhof,100,1,0
synthetic_bikesharing,2025-04-12,2025-04-12 12:00:00,2025-04-12 13:00:00,bicycle,*405 F Dornbusch/Am Grünhof,250,1,3
synthetic_bikesharing,2025-04-12,2025-04-12 12:00:00,2025-04-12 13:00:00,bicycle,*405 F Dornbusch/Am Grünhof,350,1,5
synthetic_e_scooter,2025-04-12,2025-04-12 12:00:00,2025-04-12 13:00:00,e-scooter,*405 F Dornbusch/Am Grünhof,50,0,0
synthetic_e_scooter,2025-04-12,2025-04-12 12:00:00,2025-04-12 13:00:00,e-scooter,*405 F Dornbusch/Am Grünhof,100,2,0
synthetic_e_scooter,2025-04-12,2025-04-12 12:00:00,2025-04-12 13:00:00,e-scooter,*405 F Dornbusch/Am Grünhof,250,4,3
synthetic_e_scooter,2025-04-12,2025-04-12 12:00:00,2025-04-12 13:00:00,e-scooter,*405 F Dornbusch/Am Grünhof,350,5,3
synthetic_bikesharing,2025-04-12,2025-04-12 12:00:00,2025-04-12 13:00:00,bicycle,F Francois-Mitterrand-Platz,50,0,1
synthetic_bikesharing,2025-04-12,2025-04-12 12:00:00,2025-04-12 13:00:00,bicycle,F Francois-Mitterrand-Platz,100,1,2
synthetic_bikesharing,2025-04-12,2025-04-12 12:00:00,2025-04-12 13:00:00,bicycle,F Francois-Mitterrand-Platz,250,2,4
synthetic_bikesharing,2025-04-12,2025-04-12 12:00:00,2025-04-12 13:00:00,bicycle,F Francois-Mitterrand-Platz,350,3,5
synthetic_e_scooter,2025-04-12,2025-04-12 12:00:00,2025-04-12 13:00:00,e-scooter,F Francois-Mitterrand-Platz,50,1,1
synthetic_e_scooter,2025-04-12,2025-04-12 12:00:00,2025-04-12 13:00:00,e-scooter,F Francois-Mitterrand-Platz,100,1,2
synthetic_e_scooter,2025-04-12,2025-04-12 12:00:00,2025-04-12 13:00:00,e-scooter,F Francois-Mitterrand-Platz,250,2,7
synthetic_e_scooter,2025-04-12,2025-04-12 12:00:00,2025-04-12 13:00:00,e-scooter,F Francois-Mitterrand-Platz,350,3,10
synthetic_bikesharing,2025-04-12,2025-04-12 12:00:00,2025-04-12 13:00:00,bicycle,F Miquel-/Adickesallee,50,2,2
synthetic_bikesharing,2025-04-12,2025-04-12 12:00:00,2025-04-12 13:00:00,bicycle,F Miquel-/Adickesallee,100,4,4
synthetic_bikesharing,2025-04-12,2025-04-12 12:00:00,2025-04-12 13:00:00,bicycle,F Miquel-/Adickesallee,250,5,8
synthetic_bikesharing,2025-04-12,2025-04-12 12:00:00,2025-04-12 13:00:00,bicycle,F Miquel-/Adickesallee,350,5,9
synthetic_e_scooter,2025-04-12,2025-04-12 12:00:00,2025-04-12 13:00:00,e-scooter,F Miquel-/Adickesallee,50,2,0
synthetic_e_scooter,2025-04-12,2025-04-12 12:00:00,2025-04-12 13:00:00,e-scooter,F Miquel-/Adickesallee,100,3,0
synthetic_e_scooter,2025-04-12,2025-04-12 12:00:00,2025-04-12 13:00:00,e-scooter,F Miquel-/Adickesallee,250,13,5
synthetic_e_scooter,2025-04-12,2025-04-12 12:00:00,2025-04-12 13:00:00,e-scooter,F Miquel-/Adickesallee,350,20,10
synthetic_bikesharing,2025-04-12,2025-04-12 12:00:00,2025-04-12 13:00:00,bicycle,F Plieningerstraße,50,0,0
synthetic_bikesharing,2025-04-12,2025-04-12 12:00:00,2025-04-12 13:00:00,bicycle,F Plieningerstraße,100,0,0
synthetic_bikesharing,2025-04-12,2025-04-12 12:00:00,2025-04-12 13:00:00,bicycle,F Plieningerstraße,250,1,0
synthetic_bikesharing,2025-04-12,2025-04-12 12:00:00,2025-04-12 13:00:00,bicycle,F Plieningerstraße,350,2,1
synthetic_e_scooter,2025-04-12,2025-04-12 12:00:00,2025-04-12 13:00:00,e-scooter,F Plieningerstraße,50,0,0
synthetic_e_scooter,2025-04-12,2025-04-12 12:00:00,2025-04-12 13:00:00,e-scooter,F Plieningerstraße,100,1,1
synthetic_e_scooter,2025-04-12,2025-04-12 12:00:00,2025-04-12 13:00:00,e-scooter,F Plieningerstraße,250,1,4
synthetic_e_scooter,2025-04-12,2025-04-12 12:00:00,2025-04-12 13:00:00,e-scooter,F Plieningerstraße,350,1,7
synthetic_bikesharing,2025-04-12,2025-04-12 12:00:00,2025-04-12 13:00:00,bicycle,F Weser-/Münchener Straße,50,0,1
synthetic_bikesharing,2025-04-12,2025-04-12 12:00:00,2025-04-12 13:00:00,bicycle,F Weser-/Münchener Straße,100,0,3
synthetic_bikesharing,2025-04-12,2025-04-12 12:00:00,2025-04-12 13:00:00,bicycle,F Weser-/Münchener Straße,250,4,8
synthetic_bikesharing,2025-04-12,2025-04-12 12:00:00,2025-04-12 13:00:00,bicycle,F Weser-/Münchener Straße,350,7,9
synthetic_e_scooter,2025-04-12,2025-04-12 12:00:00,2025-04-12 13:00:00,e-scooter,F Weser-/Münchener Straße,50,3,1
synthetic_e_scooter,2025-04-12,2025-04-12 12:00:00,2025-04-12 13:00:00,e-scooter,F Weser-/Münchener Straße,100,5,5
synthetic_e_scooter,2025-04-12,2025-04-12 12:00:00,2025-04-12 13:00:00,e-scooter,F Weser-/Münchener Straße,250,13,12
synthetic_e_scooter,2025-04-12,2025-04-12 12:00:00,2025-04-12 13:00:00,e-scooter,F Weser-/Münchener Straße,350,18,15
synthetic_bikesharing,2025-04-12,2025-04-12 13:00:00,2025-04-12 14:00:00,bicycle,*405 F Dornbusch/Am Grünhof,50,0,1
synthetic_bikesharing,2025-04-12,2025-04-12 13:00:00,2025-04-12 14:00:00,bicycle,*405 F Dornbusch/Am Grünhof,100,1,1
synthetic_bikesharing,2025-04-12,2025-04-12 13:00:00,2025-04-12 14:00:00,bicycle,*405 F Dornbusch/Am Grünhof,250,3,3
synthetic_bikesharing,2025-04-12,2025-04-12 13:00:00,2025-04-12 14:00:00,bicycle,*405 F Dornbusch/Am Grünhof,350,4,5
synthetic_e_scooter,2025-04-12,2025-04-12 13:00:00,2025-04-12 14:00:00,e-scooter,*405 F Dornbusch/Am Grünhof,50,0,0
synthetic_e_scooter,2025-04-12,2025-04-12 13:00:00,2025-04-12 14:00:00,e-scooter,*405 F Dornbusch/Am Grünhof,100,0,0
synthetic_e_scooter,2025-04-12,2025-04-12 13:00:00,2025-04-12 14:00:00,e-scooter,*405 F Dornbusch/Am Grünhof,250,5,2
synthetic_e_scooter,2025-04-12,2025-04-12 13:00:00,2025-04-12 14:00:00,e-scooter,*405 F Dornbusch/Am Grünhof,350,8,4
synthetic_bikesharing,2025-04-12,2025-04-12 13:00:00,2025-04-12 14:00:00,bicycle,F Francois-Mitterrand-Platz,50,1,0
synthetic_bikesharing,2025-04-12,2025-04-12 13:00:00,2025-04-12 14:00:00,bicycle,F Francois-Mitterrand-Platz,100,2,1
synthetic_bikesharing,2025-04-12,2025-04-12 13:00:00,2025-04-12 14:00:00,bicycle,F Francois-Mitterrand-Platz,250,6,3
synthetic_bikesharing,2025-04-12,2025-04-12 13:00:00,2025-04-12 14:00:00,bicycle,F Francois-Mitterrand-Platz,350,7,4
synthetic_e_scooter,2025-04-12,2025-04-12 13:00:00,2025-04-12 14:00:00,e-scooter,F Francois-Mitterrand-Platz,50,1,2
synthetic_e_scooter,2025-04-12,2025-04-12 13:00:00,2025-04-12 14:00:00,e-scooter,F Francois-Mitterrand-Platz,100,2,3
synthetic_e_scooter,2025-04-12,2025-04-12 13:00:00,2025-04-12 14:00:00,e-scooter,F Francois-Mitterrand-Platz,250,8,5
synthetic_e_scooter,2025-04-12,2025-04-12 13:00:00,2025-04-12 14:00:00,e-scooter,F Francois-Mitterrand-Platz,350,10,10
synthetic_bikesharing,2025-04-12,2025-04-12 13:00:00,2025-04-12 14:00:00,bicycle,F Miquel-/Adickesallee,50,0,1
synthetic_bikesharing,2025-04-12,2025-04-12 13:00:00,2025-04-12 14:00:00,bicycle,F Miquel-/Adickesallee,100,1,2
synthetic_bikesharing,2025-04-12,2025-04-12 13:00:00,2025-04-12 14:00:00,bicycle,F Miquel-/Adickesallee,250,4,5
synthetic_bikesharing,2025-04-12,2025-04-12 13:00:00,2025-04-12 14:00:00,bicycle,F Miquel-/Adickesallee,350,5,8
synthetic_e_scooter,2025-04-12,2025-04-12 13:00:00,2025-04-12 14:00:00,e-scooter,F Miquel-/Adickesallee,50,3,3
synthetic_e_scooter,2025-04-12,2025-04-12 13:00:00,2025-04-12 14:00:00,e-scooter,F Miquel-/Adickesallee,100,9,5
synthetic_e_scooter,2025-04-12,2025-04-12 13:00:00,2025-04-12 14:00:00,e-scooter,F Miquel-/Adickesallee,250,16,14
synthetic_e_scooter,2025-04-12,2025-04-12 13:00:00,2025-04-12 14:00:00,e-scooter,F Miquel-/Adickesallee,350,26,25
synthetic_bikesharing,2025-04-12,2025-04-12 13:00:00,2025-04-12 14:00:00,bicycle,F Plieningerstraße,50,0,0
synthetic_bikesharing,2025-04-12,2025-04-12 13:00:00,2025-04-12 14:00:00,bicycle,F Plieningerstraße,100,0,0
synthetic_bikesharing,2025-04-12,2025-04-12 13:00:00,2025-04-12 14:00:00,bicycle,F Plieningerstraße,250,0,1
synthetic_bikesharing,2025-04-12,2025-04-12 13:00:00,2025-04-12 14:00:00,bicycle,F Plieningerstraße,350,1,3
synthetic_e_scooter,2025-04-12,2025-04-12 13:00:00,2025-04-12 14:00:00,e-scooter,F Plieningerstraße,50,0,0
synthetic_e_scooter,2025-04-12,2025-04-12 13:00:00,2025-04-12 14:00:00,e-scooter,F Plieningerstraße,100,0,2
synthetic_e_scooter,2025-04-12,2025-04-12 13:00:00,2025-04-12 14:00:00,e-scooter,F Plieningerstraße,250,2,2
synthetic_e_scooter,2025-04-12,2025-04-12 13:00:00,2025-04-12 14:00:00,e-scooter,F Plieningerstraße,350,5,2
synthetic_bikesharing,2025-04-12,2025-04-12 13:00:00,2025-04-12 14:00:00,bicycle,F Weser-/Münchener Straße,50,2,1
synthetic_bikesharing,2025-04-12,2025-04-12 13:00:00,2025-04-12 14:00:00,bicycle,F Weser-/Münchener Straße,100,5,3
synthetic_bikesharing,2025-04-12,2025-04-12 13:00:00,2025-04-12 14:00:00,bicycle,F Weser-/Münchener Straße,250,6,12
synthetic_bikesharing,2025-04-12,2025-04-12 13:00:00,2025-04-12 14:00:00,bicycle,F Weser-/Münchener Straße,350,9,17
synthetic_e_scooter,2025-04-12,2025-04-12 13:00:00,2025-04-12 14:00:00,e-scooter,F Weser-/Münchener Straße,50,0,3
synthetic_e_scooter,2025-04-12,2025-04-12 13:00:00,2025-04-12 14:00:00,e-scooter,F Weser-/Münchener Straße,100,3,3
synthetic_e_scooter,2025-04-12,2025-04-12 13:00:00,2025-04-12 14:00:00,e-scooter,F Weser-/Münchener Straße,250,9,8
synthetic_e_scooter,2025-04-12,2025-04-12 13:00:00,2025-04-12 14:00:00,e-scooter,F Weser-/Münchener Straße,350,12,12
synthetic_bikesharing,2025-04-12,2025-04-12 14:00:00,2025-04-12 15:00:00,bicycle,*405 F Dornbusch/Am Grünhof,50,0,0
synthetic_bikesharing,2025-04-12,2025-04-12 14:00:00,2025-04-12 15:00:00,bicycle,*405 F Dornbusch/Am Grünhof,100,1,1
synthetic_bikesharing,2025-04-12,2025-04-12 14:00:00,2025-04-12 15:00:00,bicycle,*405 F Dornbusch/Am Grünhof,250,1,3
synthetic_bikesharing,2025-04-12,2025-04-12 14:00:00,2025-04-12 15:00:00,bicycle,*405 F Dornbusch/Am Grünhof,350,1,7
synthetic_e_scooter,2025-04-12,2025-04-12 14:00:00,2025-04-12 15:00:00,e-scooter,*405 F Dornbusch/Am Grünhof,50,1,1
synthetic_e_scooter,2025-04-12,2025-04-12 14:00:00,2025-04-12 15:00:00,e-scooter,*405 F Dornbusch/Am Grünhof,100,4,2
synthetic_e_scooter,2025-04-12,2025-04-12 14:00:00,2025-04-12 15:00:00,e-scooter,*405 F Dornbusch/Am Grünhof,250,6,4
synthetic_e_scooter,2025-04-12,2025-04-12 14:00:00,2025-04-12 15:00:00,e-scooter,*405 F Dornbusch/Am Grünhof,350,6,5
synthetic_bikesharing,2025-04-12,2025-04-12 14:00:00,2025-04-12 15:00:00,bicycle,F Francois-Mitterrand-Platz,50,0,0
synthetic_bikesharing,2025-04-12,2025-04-12 14:00:00,2025-04-12 15:00:00,bicycle,F Francois-Mitterrand-Platz,100,1,2
synthetic_bikesharing,2025-04-12,2025-04-12 14:00:00,2025-04-12 15:00:00,bicycle,F Francois-Mitterrand-Platz,250,2,5
synthetic_bikesharing,2025-04-12,2025-04-12 14:00:00,2025-04-12 15:00:00,bicycle,F Francois-Mitterrand-Platz,350,3,6
synthetic_e_scooter,2025-04-12,2025-04-12 14:00:00,2025-04-12 15:00:00,e-scooter,F Francois-Mitterrand-Platz,50,4,0
synthetic_e_scooter,2025-04-12,2025-04-12 14:00:00,2025-04-12 15:00:00,e-scooter,F Francois-Mitterrand-Platz,100,5,1
synthetic_e_scooter,2025-04-12,2025-04-12 14:00:00,2025-04-12 15:00:00,e-scooter,F Francois-Mitterrand-Platz,250,12,10
synthetic_e_scooter,2025-04-12,2025-04-12 14:00:00,2025-04-12 15:00:00,e-scooter,F Francois-Mitterrand-Platz,350,14,16
synthetic_bikesharing,2025-04-12,2025-04-12 14:00:00,2025-04-12 15:00:00,bicycle,F Miquel-/Adickesallee,50,0,1
synthetic_bikesharing,2025-04-12,2025-04-12 14:00:00,2025-04-12 15:00:00,bicycle,F Miquel-/Adickesallee,100,1,4
synthetic_bikesharing,2025-04-12,2025-04-12 14:00:00,2025-04-12 15:00:00,bicycle,F Miquel-/Adickesallee,250,4,5
synthetic_bikesharing,2025-04-12,2025-04-12 14:00:00,2025-04-12 15:00:00,bicycle,F Miquel-/Adickesallee,350,8,6
synthetic_e_scooter,2025-04-12,2025-04-12 14:00:00,2025-04-12 15:00:00,e-scooter,F Miquel-/Adickesallee,50,1,1
synthetic_e_scooter,2025-04-12,2025-04-12 14:00:00,2025-04-12 15:00:00,e-scooter,F Miquel-/Adickesallee,100,6,4
synthetic_e_scooter,2025-04-12,2025-04-12 14:00:00,2025-04-12 15:00:00,e-scooter,F Miquel-/Adickesallee,250,11,9
synthetic_e_scooter,2025-04-12,2025-04-12 14:00:00,2025-04-12 15:00:00,e-scooter,F Miquel-/Adickesallee,350,15,11
synthetic_bikesharing,2025-04-12,2025-04-12 14:00:00,2025-04-12 15:00:00,bicycle,F Plieningerstraße,50,1,1
synthetic_bikesharing,2025-04-12,2025-04-12 14:00:00,2025-04-12 15:00:00,bicycle,F Plieningerstraße,100,4,1
synthetic_bikesharing,2025-04-12,2025-04-12 14:00:00,2025-04-12 15:00:00,bicycle,F Plieningerstraße,250,5,2
synthetic_bikesharing,2025-04-12,2025-04-12 14:00:00,2025-04-12 15:00:00,bicycle,F Plieningerstraße,350,8,3
synthetic_e_scooter,2025-04-12,2025-04-12 14:00:00,2025-04-12 15:00:00,e-scooter,F Plieningerstraße,50,1,0
synthetic_e_scooter,2025-04-12,2025-04-12 14:00:00,2025-04-12 15:00:00,e-scooter,F Plieningerstraße,100,1,2
synthetic_e_scooter,2025-04-12,2025-04-12 14:00:00,2025-04-12 15:00:00,e-scooter,F Plieningerstraße,250,1,5
synthetic_e_scooter,2025-04-12,2025-04-12 14:00:00,2025-04-12 15:00:00,e-scooter,F Plieningerstraße,350,1,6
synthetic_bikesharing,2025-04-12,2025-04-12 14:00:00,2025-04-12 15:00:00,bicycle,F Weser-/Münchener Straße,50,1,0
synthetic_bikesharing,2025-04-12,2025-04-12 14:00:00,2025-04-12 15:00:00,bicycle,F Weser-/Münchener Straße,100,4,1
synthetic_bikesharing,2025-04-12,2025-04-12 14:00:00,2025-04-12 15:00:00,bicycle,F Weser-/Münchener Straße,250,10,2
synthetic_bikesharing,2025-04-12,2025-04-12 14:00:00,2025-04-12 15:00:00,bicycle,F Weser-/Münchener Straße,350,11,5
synthetic_e_scooter,2025-04-12,2025-04-12 14:00:00,2025-04-12 15:00:00,e-scooter,F Weser-/Münchener Straße,50,5,1
synthetic_e_scooter,2025-04-12,2025-04-12 14:00:00,2025-04-12 15:00:00,e-scooter,F Weser-/Münchener Straße,100,8,5
synthetic_e_scooter,2025-04-12,2025-04-12 14:00:00,2025-04-12 15:00:00,e-scooter,F Weser-/Münchener Straße,250,14,11
synthetic_e_scooter,2025-04-12,2025-04-12 14:00:00,2025-04-12 15:00:00,e-scooter,F Weser-/Münchener Straße,350,16,15
synthetic_bikesharing,2025-04-12,2025-04-12 15:00:00,2025-04-12 16:00:00,bicycle,*405 F Dornbusch/Am Grünhof,50,0,0
synthetic_bikesharing,2025-04-12,2025-04-12 15:00:00,2025-04-12 16:00:00,bicycle,*405 F Dornbusch/Am Grünhof,100,4,2
synthetic_bikesharing,2025-04-12,2025-04-12 15:00:00,2025-04-12 16:00:00,bicycle,*405 F Dornbusch/Am Grünhof,250,7,6
synthetic_bikesharing,2025-04-12,2025-04-12 15:00:00,2025-04-12 16:00:00,bicycle,*405 F Dornbusch/Am Grünhof,350,10,8
synthetic_e_scooter,2025-04-12,2025-04-12 15:00:00,2025-04-12 16:00:00,e-scooter,*405 F Dornbusch/Am Grünhof,50,0,2
synthetic_e_scooter,2025-04-12,2025-04-12 15:00:00,2025-04-12 16:00:00,e-scooter,*405 F Dornbusch/Am Grünhof,100,1,5
synthetic_e_scooter,2025-04-12,2025-04-12 15:00:00,2025-04-12 16:00:00,e-scooter,*405 F Dornbusch/Am Grünhof,250,4,8
synthetic_e_scooter,2025-04-12,2025-04-12 15:00:00,2025-04-12 16:00:00,e-scooter,*405 F Dornbusch/Am Grünhof,350,6,9
synthetic_bikesharing,2025-04-12,2025-04-12 15:00:00,2025-04-12 16:00:00,bicycle,F Francois-Mitterrand-Platz,50,0,1
synthetic_bikesharing,2025-04-12,2025-04-12 15:00:00,2025-04-12 16:00:00,bicycle,F Francois-Mitterrand-Platz,100,0,3
synthetic_bikesharing,2025-04-12,2025-04-12 15:00:00,2025-04-12 16:00:00,bicycle,F Francois-Mitterrand-Platz,250,0,4
synthetic_bikesharing,2025-04-12,2025-04-12 15:00:00,2025-04-12 16:00:00,bicycle,F Francois-Mitterrand-Platz,350,2,5
synthetic_e_scooter,2025-04-12,2025-04-12 15:00:00,2025-04-12 16:00:00,e-scooter,F Francois-Mitterrand-Platz,50,1,0
synthetic_e_scooter,2025-04-12,2025-04-12 15:00:00,2025-04-12 16:00:00,e-scooter,F Francois-Mitterrand-Platz,100,4,3
synthetic_e_scooter,2025-04-12,2025-04-12 15:00:00,2025-04-12 16:00:00,e-scooter,F Francois-Mitterrand-Platz,250,8,5
synthetic_e_scooter,2025-04-12,2025-04-12 15:00:00,2025-04-12 16:00:00,e-scooter,F Francois-Mitterrand-Platz,350,11,9
synthetic_bikesharing,2025-04-12,2025-04-12 15:00:00,2025-04-12 16:00:00,bicycle,F Miquel-/Adickesallee,50,0,0
synthetic_bikesharing,2025-04-12,2025-04-12 15:00:00,2025-04-12 16:00:00,bicycle,F Miquel-/Adickesallee,100,1,4
synthetic_bikesharing,2025-04-12,2025-04-12 15:00:00,2025-04-12 16:00:00,bicycle,F Miquel-/Adickesallee,250,4,10
synthetic_bikesharing,2025-04-12,2025-04-12 15:00:00,2025-04-12 16:00:00,bicycle,F Miquel-/Adickesallee,350,7,12
synthetic_e_scooter,2025-04-12,2025-04-12 15:00:00,2025-04-12 16:00:00,e-scooter,F Miquel-/Adickesallee,50,0,0
synthetic_e_scooter,2025-04-12,2025-04-12 15:00:00,2025-04-12 16:00:00,e-scooter,F Miquel-/Adickesallee,100,2,1
synthetic_e_scooter,2025-04-12,2025-04-12 15:00:00,2025-04-12 16:00:00,e-scooter,F Miquel-/Adickesallee,250,10,8
synthetic_e_scooter,2025-04-12,2025-04-12 15:00:00,2025-04-12 16:00:00,e-scooter,F Miquel-/Adickesallee,350,13,11
synthetic_bikesharing,2025-04-12,2025-04-12 15:00:00,2025-04-12 16:00:00,bicycle,F Plieningerstraße,50,0,0
synthetic_bikesharing,2025-04-12,2025-04-12 15:00:00,2025-04-12 16:00:00,bicycle,F Plieningerstraße,100,0,2
synthetic_bikesharing,2025-04-12,2025-04-12 15:00:00,2025-04-12 16:00:00,bicycle,F Plieningerstraße,250,1,4
synthetic_bikesharing,2025-04-12,2025-04-12 15:00:00,2025-04-12 16:00:00,bicycle,F Plieningerstraße,350,2,6
synthetic_e_scooter,2025-04-12,2025-04-12 15:00:00,2025-04-12 16:00:00,e-scooter,F Plieningerstraße,50,1,0
synthetic_e_scooter,2025-04-12,2025-04-12 15:00:00,2025-04-12 16:00:00,e-scooter,F Plieningerstraße,100,3,1
synthetic_e_scooter,2025-04-12,2025-04-12 15:00:00,2025-04-12 16:00:00,e-scooter,F Plieningerstraße,250,3,3
synthetic_e_scooter,2025-04-12,2025-04-12 15:00:00,2025-04-12 16:00:00,e-scooter,F Plieningerstraße,350,5,5
synthetic_bikesharing,2025-04-12,2025-04-12 15:00:00,2025-04-12 16:00:00,bicycle,F Weser-/Münchener Straße,50,3,2
synthetic_bikesharing,2025-04-12,2025-04-12 15:00:00,2025-04-12 16:00:00,bicycle,F Weser-/Münchener Straße,100,7,5
synthetic_bikesharing,2025-04-12,2025-04-12 15:00:00,2025-04-12 16:00:00,bicycle,F Weser-/Münchener Straße,250,11,7
synthetic_bikesharing,2025-04-12,2025-04-12 15:00:00,2025-04-12 16:00:00,bicycle,F Weser-/Münchener Straße,350,13,12
synthetic_e_scooter,2025-04-12,2025-04-12 15:00:00,2025-04-12 16:00:00,e-scooter,F Weser-/Münchener Straße,50,2,2
synthetic_e_scooter,2025-04-12,2025-04-12 15:00:00,2025-04-12 16:00:00,e-scooter,F Weser-/Münchener Straße,100,7,6
synthetic_e_scooter,2025-04-12,2025-04-12 15:00:00,2025-04-12 16:00:00,e-scooter,F Weser-/Münchener Straße,250,14,15
synthetic_e_scooter,2025-04-12,2025-04-12 15:00:00,2025-04-12 16:00:00,e-scooter,F Weser-/Münchener Straße,350,19,19
synthetic_bikesharing,2025-04-12,2025-04-12 16:00:00,2025-04-12 17:00:00,bicycle,*405 F Dornbusch/Am Grünhof,50,2,0
synthetic_bikesharing,2025-04-12,2025-04-12 16:00:00,2025-04-12 17:00:00,bicycle,*405 F Dornbusch/Am Grünhof,100,8,3
synthetic_bikesharing,2025-04-12,2025-04-12 16:00:00,2025-04-12 17:00:00,bicycle,*405 F Dornbusch/Am Grünhof,250,11,10
synthetic_bikesharing,2025-04-12,2025-04-12 16:00:00,2025-04-12 17:00:00,bicycle,*405 F Dornbusch/Am Grünhof,350,13,15
synthetic_e_scooter,2025-04-12,2025-04-12 16:00:00,2025-04-12 17:00:00,e-scooter,*405 F Dornbusch/Am Grünhof,50,2,1
synthetic_e_scooter,2025-04-12,2025-04-12 16:00:00,2025-04-12 17:00:00,e-scooter,*405 F Dornbusch/Am Grünhof,100,4,2
synthetic_e_scooter,2025-04-12,2025-04-12 16:00:00,2025-04-12 17:00:00,e-scooter,*405 F Dornbusch/Am Grünhof,250,7,3
synthetic_e_scooter,2025-04-12,2025-04-12 16:00:00,2025-04-12 17:00:00,e-scooter,*405 F Dornbusch/Am Grünhof,350,8,5
synthetic_bikesharing,2025-04-12,2025-04-12 16:00:00,2025-04-12 17:00:00,bicycle,F Francois-Mitterrand-Platz,50,3,1
synthetic_bikesharing,2025-04-12,2025-04-12 16:00:00,2025-04-12 17:00:00,bicycle,F Francois-Mitterrand-Platz,100,4,4
synthetic_bikesharing,2025-04-12,2025-04-12 16:00:00,2025-04-12 17:00:00,bicycle,F Francois-Mitterrand-Platz,250,10,6
synthetic_bikesharing,2025-04-12,2025-04-12 16:00:00,2025-04-12 17:00:00,bicycle,F Francois-Mitterrand-Platz,350,12,6
synthetic_e_scooter,2025-04-12,2025-04-12 16:00:00,2025-04-12 17:00:00,e-scooter,F Francois-Mitterrand-Platz,50,1,0
synthetic_e_scooter,2025-04-12,2025-04-12 16:00:00,2025-04-12 17:00:00,e-scooter,F Francois-Mitterrand-Platz,100,8,0
synthetic_e_scooter,2025-04-12,2025-04-12 16:00:00,2025-04-12 17:00:00,e-scooter,F Francois-Mitterrand-Platz,250,14,5
synthetic_e_scooter,2025-04-12,2025-04-12 16:00:00,2025-04-12 17:00:00,e-scooter,F Francois-Mitterrand-Platz,350,18,7
synthetic_bikesharing,2025-04-12,2025-04-12 16:00:00,2025-04-12 17:00:00,bicycle,F Miquel-/Adickesallee,50,3,1
synthetic_bikesharing,2025-04-12,2025-04-12 16:00:00,2025-04-12 17:00:00,bicycle,F Miquel-/Adickesallee,100,3,5
synthetic_bikesharing,2025-04-12,2025-04-12 16:00:00,2025-04-12 17:00:00,bicycle,F Miquel-/Adickesallee,250,9,7
synthetic_bikesharing,2025-04-12,2025-04-12 16:00:00,2025-04-12 17:00:00,bicycle,F Miquel-/Adickesallee,350,14,9
synthetic_e_scooter,2025-04-12,2025-04-12 16:00:00,2025-04-12 17:00:00,e-scooter,F Miquel-/Adickesallee,50,3,3
synthetic_e_scooter,2025-04-12,2025-04-12 16:00:00,2025-04-12 17:00:00,e-scooter,F Miquel-/Adickesallee,100,7,11
synthetic_e_scooter,2025-04-12,2025-04-12 16:00:00,2025-04-12 17:00:00,e-scooter,F Miquel-/Adickesallee,250,16,28
synthetic_e_scooter,2025-04-12,2025-04-12 16:00:00,2025-04-12 17:00:00,e-scooter,F Miquel-/Adickesallee,350,22,31
synthetic_bikesharing,2025-04-12,2025-04-12 16:00:00,2025-04-12 17:00:00,bicycle,F Plieningerstraße,50,0,0
synthetic_bikesharing,2025-04-12,2025-04-12 16:00:00,2025-04-12 17:00:00,bicycle,F Plieningerstraße,100,1,0
synthetic_bikesharing,2025-04-12,2025-04-12 16:00:00,2025-04-12 17:00:00,bicycle,F Plieningerstraße,250,6,1
synthetic_bikesharing,2025-04-12,2025-04-12 16:00:00,2025-04-12 17:00:00,bicycle,F Plieningerstraße,350,8,5
synthetic_e_scooter,2025-04-12,2025-04-12 16:00:00,2025-04-12 17:00:00,e-scooter,F Plieningerstraße,50,1,0
synthetic_e_scooter,2025-04-12,2025-04-12 16:00:00,2025-04-12 17:00:00,e-scooter,F Plieningerstraße,100,1,0
synthetic_e_scooter,2025-04-12,2025-04-12 16:00:00,2025-04-12 17:00:00,e-scooter,F Plieningerstraße,250,5,5
synthetic_e_scooter,2025-04-12,2025-04-12 16:00:00,2025-04-12 17:00:00,e-scooter,F Plieningerstraße,350,8,6
synthetic_bikesharing,2025-04-12,2025-04-12 16:00:00,2025-04-12 17:00:00,bicycle,F Weser-/Münchener Straße,50,1,2
synthetic_bikesharing,2025-04-12,2025-04-12 16:00:00,2025-04-12 17:00:00,bicycle,F Weser-/Münchener Straße,100,4,4
synthetic_bikesharing,2025-04-12,2025-04-12 16:00:00,2025-04-12 17:00:00,bicycle,F Weser-/Münchener Straße,250,5,14
synthetic_bikesharing,2025-04-12,2025-04-12 16:00:00,2025-04-12 17:00:00,bicycle,F Weser-/Münchener Straße,350,7,20
synthetic_e_scooter,2025-04-12,2025-04-12 16:00:00,2025-04-12 17:00:00,e-scooter,F Weser-/Münchener Straße,50,7,2
synthetic_e_scooter,2025-04-12,2025-04-12 16:00:00,2025-04-12 17:00:00,e-scooter,F Weser-/Münchener Straße,100,11,8
synthetic_e_scooter,2025-04-12,2025-04-12 16:00:00,2025-04-12 17:00:00,e-scooter,F Weser-/Münchener Straße,250,20,30
synthetic_e_scooter,2025-04-12,2025-04-12 16:00:00,2025-04-12 17:00:00,e-scooter,F Weser-/Münchener Straße,350,26,45
synthetic_bikesharing,2025-04-12,2025-04-12 17:00:00,2025-04-12 18:00:00,bicycle,*405 F Dornbusch/Am Grünhof,50,0,0
synthetic_bikesharing,2025-04-12,2025-04-12 17:00:00,2025-04-12 18:00:00,bicycle,*405 F Dornbusch/Am Grünhof,100,2,2
synthetic_bikesharing,2025-04-12,2025-04-12 17:00:00,2025-04-12 18:00:00,bicycle,*405 F Dornbusch/Am Grünhof,250,6,5
synthetic_bikesharing,2025-04-12,2025-04-12 17:00:00,2025-04-12 18:00:00,bicycle,*405 F Dornbusch/Am Grünhof,350,10,8
synthetic_e_scooter,2025-04-12,2025-04-12 17:00:00,2025-04-12 18:00:00,e-scooter,*405 F Dornbusch/Am Grünhof,50,0,2
synthetic_e_scooter,2025-04-12,2025-04-12 17:00:00,2025-04-12 18:00:00,e-scooter,*405 F Dornbusch/Am Grünhof,100,0,3
synthetic_e_scooter,2025-04-12,2025-04-12 17:00:00,2025-04-12 18:00:00,e-scooter,*405 F Dornbusch/Am Grünhof,250,3,10
synthetic_e_scooter,2025-04-12,2025-04-12 17:00:00,2025-04-12 18:00:00,e-scooter,*405 F Dornbusch/Am Grünhof,350,5,14
synthetic_bikesharing,2025-04-12,2025-04-12 17:00:00,2025-04-12 18:00:00,bicycle,F Francois-Mitterrand-Platz,50,3,0
synthetic_bikesharing,2025-04-12,2025-04-12 17:00:00,2025-04-12 18:00:00,bicycle,F Francois-Mitterrand-Platz,100,5,1
synthetic_bikesharing,2025-04-12,2025-04-12 17:00:00,2025-04-12 18:00:00,bicycle,F Francois-Mitterrand-Platz,250,9,6
synthetic_bikesharing,2025-04-12,2025-04-12 17:00:00,2025-04-12 18:00:00,bicycle,F Francois-Mitterrand-Platz,350,11,7
synthetic_e_scooter,2025-04-12,2025-04-12 17:00:00,2025-04-12 18:00:00,e-scooter,F Francois-Mitterrand-Platz,50,2,1
synthetic_e_scooter,2025-04-12,2025-04-12 17:00:00,2025-04-12 18:00:00,e-scooter,F Francois-Mitterrand-Platz,100,7,6
synthetic_e_scooter,2025-04-12,2025-04-12 17:00:00,2025-04-12 18:00:00,e-scooter,F Francois-Mitterrand-Platz,250,10,10
synthetic_e_scooter,2025-04-12,2025-04-12 17:00:00,2025-04-12 18:00:00,e-scooter,F Francois-Mitterrand-Platz,350,16,12
synthetic_bikesharing,2025-04-12,2025-04-12 17:00:00,2025-04-12 18:00:00,bicycle,F Miquel-/Adickesallee,50,5,1
synthetic_bikesharing,2025-04-12,2025-04-12 17:00:00,2025-04-12 18:00:00,bicycle,F Miquel-/Adickesallee,100,5,2
synthetic_bikesharing,2025-04-12,2025-04-12 17:00:00,2025-04-12 18:00:00,bicycle,F Miquel-/Adickesallee,250,9,8
synthetic_bikesharing,2025-04-12,2025-04-12 17:00:00,2025-04-12 18:00:00,bicycle,F Miquel-/Adickesallee,350,16,15
synthetic_e_scooter,2025-04-12,2025-04-12 17:00:00,2025-04-12 18:00:00,e-scooter,F Miquel-/Adickesallee,50,1,6
synthetic_e_scooter,2025-04-12,2025-04-12 17:00:00,2025-04-12 18:00:00,e-scooter,F Miquel-/Adickesallee,100,2,7
synthetic_e_scooter,2025-04-12,2025-04-12 17:00:00,2025-04-12 18:00:00,e-scooter,F Miquel-/Adickesallee,250,8,17
synthetic_e_scooter,2025-04-12,2025-04-12 17:00:00,2025-04-12 18:00:00,e-scooter,F Miquel-/Adickesallee,350,12,21
synthetic_bikesharing,2025-04-12,2025-04-12 17:00:00,2025-04-12 18:00:00,bicycle,F Plieningerstraße,50,0,1
synthetic_bikesharing,2025-04-12,2025-04-12 17:00:00,2025-04-12 18:00:00,bicycle,F Plieningerstraße,100,1,1
synthetic_bikesharing,2025-04-12,2025-04-12 17:00:00,2025-04-12 18:00:00,bicycle,F Plieningerstraße,250,4,3
synthetic_bikesharing,2025-04-12,2025-04-12 17:00:00,2025-04-12 18:00:00,bicycle,F Plieningerstraße,350,6,3
synthetic_e_scooter,2025-04-12,2025-04-12 17:00:00,2025-04-12 18:00:00,e-scooter,F Plieningerstraße,50,1,2
synthetic_e_scooter,2025-04-12,2025-04-12 17:00:00,2025-04-12 18:00:00,e-scooter,F Plieningerstraße,100,5,3
synthetic_e_scooter,2025-04-12,2025-04-12 17:00:00,2025-04-12 18:00:00,e-scooter,F Plieningerstraße,250,7,3
synthetic_e_scooter,2025-04-12,2025-04-12 17:00:00,2025-04-12 18:00:00,e-scooter,F Plieningerstraße,350,15,4
synthetic_bikesharing,2025-04-12,2025-04-12 17:00:00,2025-04-12 18:00:00,bicycle,F Weser-/Münchener Straße,50,2,1
synthetic_bikesharing,2025-04-12,2025-04-12 17:00:00,2025-04-12 18:00:00,bicycle,F Weser-/Münchener Straße,100,2,5
synthetic_bikesharing,2025-04-12,2025-04-12 17:00:00,2025-04-12 18:00:00,bicycle,F Weser-/Münchener Straße,250,12,14
synthetic_bikesharing,2025-04-12,2025-04-12 17:00:00,2025-04-12 18:00:00,bicycle,F Weser-/Münchener Straße,350,14,19
synthetic_e_scooter,2025-04-12,2025-04-12 17:00:00,2025-04-12 18:00:00,e-scooter,F Weser-/Münchener Straße,50,2,5
synthetic_e_scooter,2025-04-12,2025-04-12 17:00:00,2025-04-12 18:00:00,e-scooter,F Weser-/Münchener Straße,100,9,19
synthetic_e_scooter,2025-04-12,2025-04-12 17:00:00,2025-04-12 18:00:00,e-scooter,F Weser-/Münchener Straße,250,22,39
synthetic_e_scooter,2025-04-12,2025-04-12 17:00:00,2025-04-12 18:00:00,e-scooter,F Weser-/Münchener Straße,350,29,51
synthetic_bikesharing,2025-04-12,2025-04-12 18:00:00,2025-04-12 19:00:00,bicycle,*405 F Dornbusch/Am Grünhof,50,0,0
synthetic_bikesharing,2025-04-12,2025-04-12 18:00:00,2025-04-12 19:00:00,bicycle,*405 F Dornbusch/Am Grünhof,100,1,1
synthetic_bikesharing,2025-04-12,2025-04-12 18:00:00,2025-04-12 19:00:00,bicycle,*405 F Dornbusch/Am Grünhof,250,3,4
synthetic_bikesharing,2025-04-12,2025-04-12 18:00:00,2025-04-12 19:00:00,bicycle,*405 F Dornbusch/Am Grünhof,350,7,7
synthetic_e_scooter,2025-04-12,2025-04-12 18:00:00,2025-04-12 19:00:00,e-scooter,*405 F Dornbusch/Am Grünhof,50,2,2
synthetic_e_scooter,2025-04-12,2025-04-12 18:00:00,2025-04-12 19:00:00,e-scooter,*405 F Dornbusch/Am Grünhof,100,2,4
synthetic_e_scooter,2025-04-12,2025-04-12 18:00:00,2025-04-12 19:00:00,e-scooter,*405 F Dornbusch/Am Grünhof,250,7,22
synthetic_e_scooter,2025-04-12,2025-04-12 18:00:00,2025-04-12 19:00:00,e-scooter,*405 F Dornbusch/Am Grünhof,350,12,28
synthetic_bikesharing,2025-04-12,2025-04-12 18:00:00,2025-04-12 19:00:00,bicycle,F Francois-Mitterrand-Platz,50,2,1
synthetic_bikesharing,2025-04-12,2025-04-12 18:00:00,2025-04-12 19:00:00,bicycle,F Francois-Mitterrand-Platz,100,6,2
synthetic_bikesharing,2025-04-12,2025-04-12 18:00:00,2025-04-12 19:00:00,bicycle,F Francois-Mitterrand-Platz,250,9,4
synthetic_bikesharing,2025-04-12,2025-04-12 18:00:00,2025-04-12 19:00:00,bicycle,F Francois-Mitterrand-Platz,350,14,6
synthetic_e_scooter,2025-04-12,2025-04-12 18:00:00,2025-04-12 19:00:00,e-scooter,F Francois-Mitterrand-Platz,50,0,0
synthetic_e_scooter,2025-04-12,2025-04-12 18:00:00,2025-04-12 19:00:00,e-scooter,F Francois-Mitterrand-Platz,100,2,4
synthetic_e_scooter,2025-04-12,2025-04-12 18:00:00,2025-04-12 19:00:00,e-scooter,F Francois-Mitterrand-Platz,250,11,8
synthetic_e_scooter,2025-04-12,2025-04-12 18:00:00,2025-04-12 19:00:00,e-scooter,F Francois-Mitterrand-Platz,350,12,9
synthetic_bikesharing,2025-04-12,2025-04-12 18:00:00,2025-04-12 19:00:00,bicycle,F Miquel-/Adickesallee,50,1,2
synthetic_bikesharing,2025-04-12,2025-04-12 18:00:00,2025-04-12 19:00:00,bicycle,F Miquel-/Adickesallee,100,2,5
synthetic_bikesharing,2025-04-12,2025-04-12 18:00:00,2025-04-12 19:00:00,bicycle,F Miquel-/Adickesallee,250,5,13
synthetic_bikesharing,2025-04-12,2025-04-12 18:00:00,2025-04-12 19:00:00,bicycle,F Miquel-/Adickesallee,350,8,19
synthetic_e_scooter,2025-04-12,2025-04-12 18:00:00,2025-04-12 19:00:00,e-scooter,F Miquel-/Adickesallee,50,1,1
synthetic_e_scooter,2025-04-12,2025-04-12 18:00:00,2025-04-12 19:00:00,e-scooter,F Miquel-/Adickesallee,100,6,7
synthetic_e_scooter,2025-04-12,2025-04-12 18:00:00,2025-04-12 19:00:00,e-scooter,F Miquel-/Adickesallee,250,11,20
synthetic_e_scooter,2025-04-12,2025-04-12 18:00:00,2025-04-12 19:00:00,e-scooter,F Miquel-/Adickesallee,350,16,27
synthetic_bikesharing,2025-04-12,2025-04-12 18:00:00,2025-04-12 19:00:00,bicycle,F Plieningerstraße,50,0,0
synthetic_bikesharing,2025-04-12,2025-04-12 18:00:00,2025-04-12 19:00:00,bicycle,F Plieningerstraße,100,0,1
synthetic_bikesharing,2025-04-12,2025-04-12 18:00:00,2025-04-12 19:00:00,bicycle,F Plieningerstraße,250,6,1
synthetic_bikesharing,2025-04-12,2025-04-12 18:00:00,2025-04-12 19:00:00,bicycle,F Plieningerstraße,350,8,1
synthetic_e_scooter,2025-04-12,2025-04-12 18:00:00,2025-04-12 19:00:00,e-scooter,F Plieningerstraße,50,1,1
synthetic_e_scooter,2025-04-12,2025-04-12 18:00:00,2025-04-12 19:00:00,e-scooter,F Plieningerstraße,100,1,2
synthetic_e_scooter,2025-04-12,2025-04-12 18:00:00,2025-04-12 19:00:00,e-scooter,F Plieningerstraße,250,4,2
synthetic_e_scooter,2025-04-12,2025-04-12 18:00:00,2025-04-12 19:00:00,e-scooter,F Plieningerstraße,350,5,3
synthetic_bikesharing,2025-04-12,2025-04-12 18:00:00,2025-04-12 19:00:00,bicycle,F Weser-/Münchener Straße,50,0,0
synthetic_bikesharing,2025-04-12,2025-04-12 18:00:00,2025-04-12 19:00:00,bicycle,F Weser-/Münchener Straße,100,4,3
synthetic_bikesharing,2025-04-12,2025-04-12 18:00:00,2025-04-12 19:00:00,bicycle,F Weser-/Münchener Straße,250,8,9
synthetic_bikesharing,2025-04-12,2025-04-12 18:00:00,2025-04-12 19:00:00,bicycle,F Weser-/Münchener Straße,350,12,14
synthetic_e_scooter,2025-04-12,2025-04-12 18:00:00,2025-04-12 19:00:00,e-scooter,F Weser-/Münchener Straße,50,3,3
synthetic_e_scooter,2025-04-12,2025-04-12 18:00:00,2025-04-12 19:00:00,e-scooter,F Weser-/Münchener Straße,100,5,9
synthetic_e_scooter,2025-04-12,2025-04-12 18:00:00,2025-04-12 19:00:00,e-scooter,F Weser-/Münchener Straße,250,8,25
synthetic_e_scooter,2025-04-12,2025-04-12 18:00:00,2025-04-12 19:00:00,e-scooter,F Weser-/Münchener Straße,350,10,32
synthetic_bikesharing,2025-04-12,2025-04-12 19:00:00,2025-04-12 20:00:00,bicycle,*405 F Dornbusch/Am Grünhof,50,0,1
synthetic_bikesharing,2025-04-12,2025-04-12 19:00:00,2025-04-12 20:00:00,bicycle,*405 F Dornbusch/Am Grünhof,100,0,3
synthetic_bikesharing,2025-04-12,2025-04-12 19:00:00,2025-04-12 20:00:00,bicycle,*405 F Dornbusch/Am Grünhof,250,2,5
synthetic_bikesharing,2025-04-12,2025-04-12 19:00:00,2025-04-12 20:00:00,bicycle,*405 F Dornbusch/Am Grünhof,350,3,8
synthetic_e_scooter,2025-04-12,2025-04-12 19:00:00,2025-04-12 20:00:00,e-scooter,*405 F Dornbusch/Am Grünhof,50,1,3
synthetic_e_scooter,2025-04-12,2025-04-12 19:00:00,2025-04-12 20:00:00,e-scooter,*405 F Dornbusch/Am Grünhof,100,2,7
synthetic_e_scooter,2025-04-12,2025-04-12 19:00:00,2025-04-12 20:00:00,e-scooter,*405 F Dornbusch/Am Grünhof,250,2,10
synthetic_e_scooter,2025-04-12,2025-04-12 19:00:00,2025-04-12 20:00:00,e-scooter,*405 F Dornbusch/Am Grünhof,350,5,14
synthetic_bikesharing,2025-04-12,2025-04-12 19:00:00,2025-04-12 20:00:00,bicycle,F Francois-Mitterrand-Platz,50,0,2
synthetic_bikesharing,2025-04-12,2025-04-12 19:00:00,2025-04-12 20:00:00,bicycle,F Francois-Mitterrand-Platz,100,1,3
synthetic_bikesharing,2025-04-12,2025-04-12 19:00:00,2025-04-12 20:00:00,bicycle,F Francois-Mitterrand-Platz,250,5,4
synthetic_bikesharing,2025-04-12,2025-04-12 19:00:00,2025-04-12 20:00:00,bicycle,F Francois-Mitterrand-Platz,350,7,6
synthetic_e_scooter,2025-04-12,2025-04-12 19:00:00,2025-04-12 20:00:00,e-scooter,F Francois-Mitterrand-Platz,50,0,1
synthetic_e_scooter,2025-04-12,2025-04-12 19:00:00,2025-04-12 20:00:00,e-scooter,F Francois-Mitterrand-Platz,100,5,1
synthetic_e_scooter,2025-04-12,2025-04-12 19:00:00,2025-04-12 20:00:00,e-scooter,F Francois-Mitterrand-Platz,250,11,10
synthetic_e_scooter,2025-04-12,2025-04-12 19:00:00,2025-04-12 20:00:00,e-scooter,F Francois-Mitterrand-Platz,350,15,13
synthetic_bikesharing,2025-04-12,2025-04-12 19:00:00,2025-04-12 20:00:00,bicycle,F Miquel-/Adickesallee,50,0,1
synthetic_bikesharing,2025-04-12,2025-04-12 19:00:00,2025-04-12 20:00:00,bicycle,F Miquel-/Adickesallee,100,3,3
synthetic_bikesharing,2025-04-12,2025-04-12 19:00:00,2025-04-12 20:00:00,bicycle,F Miquel-/Adickesallee,250,7,7
synthetic_bikesharing,2025-04-12,2025-04-12 19:00:00,2025-04-12 20:00:00,bicycle,F Miquel-/Adickesallee,350,7,8
synthetic_e_scooter,2025-04-12,2025-04-12 19:00:00,2025-04-12 20:00:00,e-scooter,F Miquel-/Adickesallee,50,1,1
synthetic_e_scooter,2025-04-12,2025-04-12 19:00:00,2025-04-12 20:00:00,e-scooter,F Miquel-/Adickesallee,100,4,4
synthetic_e_scooter,2025-04-12,2025-04-12 19:00:00,2025-04-12 20:00:00,e-scooter,F Miquel-/Adickesallee,250,7,13
synthetic_e_scooter,2025-04-12,2025-04-12 19:00:00,2025-04-12 20:00:00,e-scooter,F Miquel-/Adickesallee,350,12,17
synthetic_bikesharing,2025-04-12,2025-04-12 19:00:00,2025-04-12 20:00:00,bicycle,F Plieningerstraße,50,0,0
synthetic_bikesharing,2025-04-12,2025-04-12 19:00:00,2025-04-12 20:00:00,bicycle,F Plieningerstraße,100,1,1
synthetic_bikesharing,2025-04-12,2025-04-12 19:00:00,2025-04-12 20:00:00,bicycle,F Plieningerstraße,250,2,2
synthetic_bikesharing,2025-04-12,2025-04-12 19:00:00,2025-04-12 20:00:00,bicycle,F Plieningerstraße,350,4,2
synthetic_e_scooter,2025-04-12,2025-04-12 19:00:00,2025-04-12 20:00:00,e-scooter,F Plieningerstraße,50,1,1
synthetic_e_scooter,2025-04-12,2025-04-12 19:00:00,2025-04-12 20:00:00,e-scooter,F Plieningerstraße,100,1,1
synthetic_e_scooter,2025-04-12,2025-04-12 19:00:00,2025-04-12 20:00:00,e-scooter,F Plieningerstraße,250,2,5
synthetic_e_scooter,2025-04-12,2025-04-12 19:00:00,2025-04-12 20:00:00,e-scooter,F Plieningerstraße,350,2,7
synthetic_bikesharing,2025-04-12,2025-04-12 19:00:00,2025-04-12 20:00:00,bicycle,F Weser-/Münchener Straße,50,3,0
synthetic_bikesharing,2025-04-12,2025-04-12 19:00:00,2025-04-12 20:00:00,bicycle,F Weser-/Münchener Straße,100,6,2
synthetic_bikesharing,2025-04-12,2025-04-12 19:00:00,2025-04-12 20:00:00,bicycle,F Weser-/Münchener Straße,250,12,4
synthetic_bikesharing,2025-04-12,2025-04-12 19:00:00,2025-04-12 20:00:00,bicycle,F Weser-/Münchener Straße,350,14,8
synthetic_e_scooter,2025-04-12,2025-04-12 19:00:00,2025-04-12 20:00:00,e-scooter,F Weser-/Münchener Straße,50,0,4
synthetic_e_scooter,2025-04-12,2025-04-12 19:00:00,2025-04-12 20:00:00,e-scooter,F Weser-/Münchener Straße,100,4,10
synthetic_e_scooter,2025-04-12,2025-04-12 19:00:00,2025-04-12 20:00:00,e-scooter,F Weser-/Münchener Straße,250,22,27
synthetic_e_scooter,2025-04-12,2025-04-12 19:00:00,2025-04-12 20:00:00,e-scooter,F Weser-/Münchener Straße,350,26,38
synthetic_bikesharing,2025-04-12,2025-04-12 20:00:00,2025-04-12 21:00:00,bicycle,*405 F Dornbusch/Am Grünhof,50,0,0
synthetic_bikesharing,2025-04-12,2025-04-12 20:00:00,2025-04-12 21:00:00,bicycle,*405 F Dornbusch/Am Grünhof,100,1,1
synthetic_bikesharing,2025-04-12,2025-04-12 20:00:00,2025-04-12 21:00:00,bicycle,*405 F Dornbusch/Am Grünhof,250,2,5
synthetic_bikesharing,2025-04-12,2025-04-12 20:00:00,2025-04-12 21:00:00,bicycle,*405 F Dornbusch/Am Grünhof,350,4,6
synthetic_e_scooter,2025-04-12,2025-04-12 20:00:00,2025-04-12 21:00:00,e-scooter,*405 F Dornbusch/Am Grünhof,50,1,0
synthetic_e_scooter,2025-04-12,2025-04-12 20:00:00,2025-04-12 21:00:00,e-scooter,*405 F Dornbusch/Am Grünhof,100,4,1
synthetic_e_scooter,2025-04-12,2025-04-12 20:00:00,2025-04-12 21:00:00,e-scooter,*405 F Dornbusch/Am Grünhof,250,9,10
synthetic_e_scooter,2025-04-12,2025-04-12 20:00:00,2025-04-12 21:00:00,e-scooter,*405 F Dornbusch/Am Grünhof,350,11,15
synthetic_bikesharing,2025-04-12,2025-04-12 20:00:00,2025-04-12 21:00:00,bicycle,F Francois-Mitterrand-Platz,50,0,0
synthetic_bikesharing,2025-04-12,2025-04-12 20:00:00,2025-04-12 21:00:00,bicycle,F Francois-Mitterrand-Platz,100,3,0
synthetic_bikesharing,2025-04-12,2025-04-12 20:00:00,2025-04-12 21:00:00,bicycle,F Francois-Mitterrand-Platz,250,4,3
synthetic_bikesharing,2025-04-12,2025-04-12 20:00:00,2025-04-12 21:00:00,bicycle,F Francois-Mitterrand-Platz,350,6,3
synthetic_e_scooter,2025-04-12,2025-04-12 20:00:00,2025-04-12 21:00:00,e-scooter,F Francois-Mitterrand-Platz,50,2,1
synthetic_e_scooter,2025-04-12,2025-04-12 20:00:00,2025-04-12 21:00:00,e-scooter,F Francois-Mitterrand-Platz,100,4,4
synthetic_e_scooter,2025-04-12,2025-04-12 20:00:00,2025-04-12 21:00:00,e-scooter,F Francois-Mitterrand-Platz,250,9,8
synthetic_e_scooter,2025-04-12,2025-04-12 20:00:00,2025-04-12 21:00:00,e-scooter,F Francois-Mitterrand-Platz,350,12,10
synthetic_bikesharing,2025-04-12,2025-04-12 20:00:00,2025-04-12 21:00:00,bicycle,F Miquel-/Adickesallee,50,0,1
synthetic_bikesharing,2025-04-12,2025-04-12 20:00:00,2025-04-12 21:00:00,bicycle,F Miquel-/Adickesallee,100,1,3
synthetic_bikesharing,2025-04-12,2025-04-12 20:00:00,2025-04-12 21:00:00,bicycle,F Miquel-/Adickesallee,250,2,5
synthetic_bikesharing,2025-04-12,2025-04-12 20:00:00,2025-04-12 21:00:00,bicycle,F Miquel-/Adickesallee,350,6,5
synthetic_e_scooter,2025-04-12,2025-04-12 20:00:00,2025-04-12 21:00:00,e-scooter,F Miquel-/Adickesallee,50,5,2
synthetic_e_scooter,2025-04-12,2025-04-12 20:00:00,2025-04-12 21:00:00,e-scooter,F Miquel-/Adickesallee,100,7,4
synthetic_e_scooter,2025-04-12,2025-04-12 20:00:00,2025-04-12 21:00:00,e-scooter,F Miquel-/Adickesallee,250,11,11
synthetic_e_scooter,2025-04-12,2025-04-12 20:00:00,2025-04-12 21:00:00,e-scooter,F Miquel-/Adickesallee,350,15,16
synthetic_bikesharing,2025-04-12,2025-04-12 20:00:00,2025-04-12 21:00:00,bicycle,F Plieningerstraße,50,0,0
synthetic_bikesharing,2025-04-12,2025-04-12 20:00:00,2025-04-12 21:00:00,bicycle,F Plieningerstraße,100,0,0
synthetic_bikesharing,2025-04-12,2025-04-12 20:00:00,2025-04-12 21:00:00,bicycle,F Plieningerstraße,250,1,0
synthetic_bikesharing,2025-04-12,2025-04-12 20:00:00,2025-04-12 21:00:00,bicycle,F Plieningerstraße,350,2,0
synthetic_e_scooter,2025-04-12,2025-04-12 20:00:00,2025-04-12 21:00:00,e-scooter,F Plieningerstraße,50,0,2
synthetic_e_scooter,2025-04-12,2025-04-12 20:00:00,2025-04-12 21:00:00,e-scooter,F Plieningerstraße,100,1,3
synthetic_e_scooter,2025-04-12,2025-04-12 20:00:00,2025-04-12 21:00:00,e-scooter,F Plieningerstraße,250,4,4
synthetic_e_scooter,2025-04-12,2025-04-12 20:00:00,2025-04-12 21:00:00,e-scooter,F Plieningerstraße,350,8,8
synthetic_bikesharing,2025-04-12,2025-04-12 20:00:00,2025-04-12 21:00:00,bicycle,F Weser-/Münchener Straße,50,1,0
synthetic_bikesharing,2025-04-12,2025-04-12 20:00:00,2025-04-12 21:00:00,bicycle,F Weser-/Münchener Straße,100,3,1
synthetic_bikesharing,2025-04-12,2025-04-12 20:00:00,2025-04-12 21:00:00,bicycle,F Weser-/Münchener Straße,250,4,1
synthetic_bikesharing,2025-04-12,2025-04-12 20:00:00,2025-04-12 21:00:00,bicycle,F Weser-/Münchener Straße,350,5,5
synthetic_e_scooter,2025-04-12,2025-04-12 20:00:00,2025-04-12 21:00:00,e-scooter,F Weser-/Münchener Straße,50,2,3
synthetic_e_scooter,2025-04-12,2025-04-12 20:00:00,2025-04-12 21:00:00,e-scooter,F Weser-/Münchener Straße,100,8,8
synthetic_e_scooter,2025-04-12,2025-04-12 20:00:00,2025-04-12 21:00:00,e-scooter,F Weser-/Münchener Straße,250,16,18
synthetic_e_scooter,2025-04-12,2025-04-12 20:00:00,2025-04-12 21:00:00,e-scooter,F Weser-/Münchener Straße,350,21,25
synthetic_bikesharing,2025-04-12,2025-04-12 21:00:00,2025-04-12 22:00:00,bicycle,*405 F Dornbusch/Am Grünhof,50,0,0
synthetic_bikesharing,2025-04-12,2025-04-12 21:00:00,2025-04-12 22:00:00,bicycle,*405 F Dornbusch/Am Grünhof,100,1,0
synthetic_bikesharing,2025-04-12,2025-04-12 21:00:00,2025-04-12 22:00:00,bicycle,*405 F Dornbusch/Am Grünhof,250,2,2
synthetic_bikesharing,2025-04-12,2025-04-12 21:00:00,2025-04-12 22:00:00,bicycle,*405 F Dornbusch/Am Grünhof,350,2,4
synthetic_e_scooter,2025-04-12,2025-04-12 21:00:00,2025-04-12 22:00:00,e-scooter,*405 F Dornbusch/Am Grünhof,50,1,0
synthetic_e_scooter,2025-04-12,2025-04-12 21:00:00,2025-04-12 22:00:00,e-scooter,*405 F Dornbusch/Am Grünhof,100,2,5
synthetic_e_scooter,2025-04-12,2025-04-12 21:00:00,2025-04-12 22:00:00,e-scooter,*405 F Dornbusch/Am Grünhof,250,4,7
synthetic_e_scooter,2025-04-12,2025-04-12 21:00:00,2025-04-12 22:00:00,e-scooter,*405 F Dornbusch/Am Grünhof,350,7,10
synthetic_bikesharing,2025-04-12,2025-04-12 21:00:00,2025-04-12 22:00:00,bicycle,F Francois-Mitterrand-Platz,50,0,1
synthetic_bikesharing,2025-04-12,2025-04-12 21:00:00,2025-04-12 22:00:00,bicycle,F Francois-Mitterrand-Platz,100,0,2
synthetic_bikesharing,2025-04-12,2025-04-12 21:00:00,2025-04-12 22:00:00,bicycle,F Francois-Mitterrand-Platz,250,3,4
synthetic_bikesharing,2025-04-12,2025-04-12 21:00:00,2025-04-12 22:00:00,bicycle,F Francois-Mitterrand-Platz,350,4,6
synthetic_e_scooter,2025-04-12,2025-04-12 21:00:00,2025-04-12 22:00:00,e-scooter,F Francois-Mitterrand-Platz,50,0,2
synthetic_e_scooter,2025-04-12,2025-04-12 21:00:00,2025-04-12 22:00:00,e-scooter,F Francois-Mitterrand-Platz,100,1,4
synthetic_e_scooter,2025-04-12,2025-04-12 21:00:00,2025-04-12 22:00:00,e-scooter,F Francois-Mitterrand-Platz,250,8,7
synthetic_e_scooter,2025-04-12,2025-04-12 21:00:00,2025-04-12 22:00:00,e-scooter,F Francois-Mitterrand-Platz,350,11,12
synthetic_bikesharing,2025-04-12,2025-04-12 21:00:00,2025-04-12 22:00:00,bicycle,F Miquel-/Adickesallee,50,0,0
synthetic_bikesharing,2025-04-12,2025-04-12 21:00:00,2025-04-12 22:00:00,bicycle,F Miquel-/Adickesallee,100,4,0
synthetic_bikesharing,2025-04-12,2025-04-12 21:00:00,2025-04-12 22:00:00,bicycle,F Miquel-/Adickesallee,250,5,3
synthetic_bikesharing,2025-04-12,2025-04-12 21:00:00,2025-04-12 22:00:00,bicycle,F Miquel-/Adickesallee,350,8,4
synthetic_e_scooter,2025-04-12,2025-04-12 21:00:00,2025-04-12 22:00:00,e-scooter,F Miquel-/Adickesallee,50,1,3
synthetic_e_scooter,2025-04-12,2025-04-12 21:00:00,2025-04-12 22:00:00,e-scooter,F Miquel-/Adickesallee,100,5,5
synthetic_e_scooter,2025-04-12,2025-04-12 21:00:00,2025-04-12 22:00:00,e-scooter,F Miquel-/Adickesallee,250,9,13
synthetic_e_scooter,2025-04-12,2025-04-12 21:00:00,2025-04-12 22:00:00,e-scooter,F Miquel-/Adickesallee,350,12,17
synthetic_bikesharing,2025-04-12,2025-04-12 21:00:00,2025-04-12 22:00:00,bicycle,F Plieningerstraße,50,0,0
synthetic_bikesharing,2025-04-12,2025-04-12 21:00:00,2025-04-12 22:00:00,bicycle,F Plieningerstraße,100,1,0
synthetic_bikesharing,2025-04-12,2025-04-12 21:00:00,2025-04-12 22:00:00,bicycle,F Plieningerstraße,250,3,0
synthetic_bikesharing,2025-04-12,2025-04-12 21:00:00,2025-04-12 22:00:00,bicycle,F Plieningerstraße,350,3,0
synthetic_e_scooter,2025-04-12,2025-04-12 21:00:00,2025-04-12 22:00:00,e-scooter,F Plieningerstraße,50,0,1
synthetic_e_scooter,2025-04-12,2025-04-12 21:00:00,2025-04-12 22:00:00,e-scooter,F Plieningerstraße,100,1,5
synthetic_e_scooter,2025-04-12,2025-04-12 21:00:00,2025-04-12 22:00:00,e-scooter,F Plieningerstraße,250,1,6
synthetic_e_scooter,2025-04-12,2025-04-12 21:00:00,2025-04-12 22:00:00,e-scooter,F Plieningerstraße,350,2,8
synthetic_bikesharing,2025-04-12,2025-04-12 21:00:00,2025-04-12 22:00:00,bicycle,F Weser-/Münchener Straße,50,2,0
synthetic_bikesharing,2025-04-12,2025-04-12 21:00:00,2025-04-12 22:00:00,bicycle,F Weser-/Münchener Straße,100,4,2
synthetic_bikesharing,2025-04-12,2025-04-12 21:00:00,2025-04-12 22:00:00,bicycle,F Weser-/Münchener Straße,250,11,6
synthetic_bikesharing,2025-04-12,2025-04-12 21:00:00,2025-04-12 22:00:00,bicycle,F Weser-/Münchener Straße,350,12,11
synthetic_e_scooter,2025-04-12,2025-04-12 21:00:00,2025-04-12 22:00:00,e-scooter,F Weser-/Münchener Straße,50,3,2
synthetic_e_scooter,2025-04-12,2025-04-12 21:00:00,2025-04-12 22:00:00,e-scooter,F Weser-/Münchener Straße,100,8,5
synthetic_e_scooter,2025-04-12,2025-04-12 21:00:00,2025-04-12 22:00:00,e-scooter,F Weser-/Münchener Straße,250,15,18
synthetic_e_scooter,2025-04-12,2025-04-12 21:00:00,2025-04-12 22:00:00,e-scooter,F Weser-/Münchener Straße,350,19,20
synthetic_bikesharing,2025-04-12,2025-04-12 22:00:00,2025-04-12 23:00:00,bicycle,*405 F Dornbusch/Am Grünhof,50,0,0
synthetic_bikesharing,2025-04-12,2025-04-12 22:00:00,2025-04-12 23:00:00,bicycle,*405 F Dornbusch/Am Grünhof,100,0,2
synthetic_bikesharing,2025-04-12,2025-04-12 22:00:00,2025-04-12 23:00:00,bicycle,*405 F Dornbusch/Am Grünhof,250,1,2
synthetic_bikesharing,2025-04-12,2025-04-12 22:00:00,2025-04-12 23:00:00,bicycle,*405 F Dornbusch/Am Grünhof,350,2,3
synthetic_e_scooter,2025-04-12,2025-04-12 22:00:00,2025-04-12 23:00:00,e-scooter,*405 F Dornbusch/Am Grünhof,50,1,0
synthetic_e_scooter,2025-04-12,2025-04-12 22:00:00,2025-04-12 23:00:00,e-scooter,*405 F Dornbusch/Am Grünhof,100,1,2
synthetic_e_scooter,2025-04-12,2025-04-12 22:00:00,2025-04-12 23:00:00,e-scooter,*405 F Dornbusch/Am Grünhof,250,3,4
synthetic_e_scooter,2025-04-12,2025-04-12 22:00:00,2025-04-12 23:00:00,e-scooter,*405 F Dornbusch/Am Grünhof,350,4,5
synthetic_bikesharing,2025-04-12,2025-04-12 22:00:00,2025-04-12 23:00:00,bicycle,F Francois-Mitterrand-Platz,50,0,0
synthetic_bikesharing,2025-04-12,2025-04-12 22:00:00,2025-04-12 23:00:00,bicycle,F Francois-Mitterrand-Platz,100,0,1
synthetic_bikesharing,2025-04-12,2025-04-12 22:00:00,2025-04-12 23:00:00,bicycle,F Francois-Mitterrand-Platz,250,0,2
synthetic_bikesharing,2025-04-12,2025-04-12 22:00:00,2025-04-12 23:00:00,bicycle,F Francois-Mitterrand-Platz,350,0,3
synthetic_e_scooter,2025-04-12,2025-04-12 22:00:00,2025-04-12 23:00:00,e-scooter,F Francois-Mitterrand-Platz,50,0,1
synthetic_e_scooter,2025-04-12,2025-04-12 22:00:00,2025-04-12 23:00:00,e-scooter,F Francois-Mitterrand-Platz,100,1,2
synthetic_e_scooter,2025-04-12,2025-04-12 22:00:00,2025-04-12 23:00:00,e-scooter,F Francois-Mitterrand-Platz,250,3,6
synthetic_e_scooter,2025-04-12,2025-04-12 22:00:00,2025-04-12 23:00:00,e-scooter,F Francois-Mitterrand-Platz,350,4,7
synthetic_bikesharing,2025-04-12,2025-04-12 22:00:00,2025-04-12 23:00:00,bicycle,F Miquel-/Adickesallee,50,1,0
synthetic_bikesharing,2025-04-12,2025-04-12 22:00:00,2025-04-12 23:00:00,bicycle,F Miquel-/Adickesallee,100,2,0
synthetic_bikesharing,2025-04-12,2025-04-12 22:00:00,2025-04-12 23:00:00,bicycle,F Miquel-/Adickesallee,250,3,2
synthetic_bikesharing,2025-04-12,2025-04-12 22:00:00,2025-04-12 23:00:00,bicycle,F Miquel-/Adickesallee,350,3,3
synthetic_e_scooter,2025-04-12,2025-04-12 22:00:00,2025-04-12 23:00:00,e-scooter,F Miquel-/Adickesallee,50,2,1
synthetic_e_scooter,2025-04-12,2025-04-12 22:00:00,2025-04-12 23:00:00,e-scooter,F Miquel-/Adickesallee,100,3,3
synthetic_e_scooter,2025-04-12,2025-04-12 22:00:00,2025-04-12 23:00:00,e-scooter,F Miquel-/Adickesallee,250,5,7
synthetic_e_scooter,2025-04-12,2025-04-12 22:00:00,2025-04-12 23:00:00,e-scooter,F Miquel-/Adickesallee,350,5,8
synthetic_bikesharing,2025-04-12,2025-04-12 22:00:00,2025-04-12 23:00:00,bicycle,F Plieningerstraße,50,1,0
synthetic_bikesharing,2025-04-12,2025-04-12 22:00:00,2025-04-12 23:00:00,bicycle,F Plieningerstraße,100,1,0
synthetic_bikesharing,2025-04-12,2025-04-12 22:00:00,2025-04-12 23:00:00,bicycle,F Plieningerstraße,250,1,1
synthetic_bikesharing,2025-04-12,2025-04-12 22:00:00,2025-04-12 23:00:00,bicycle,F Plieningerstraße,350,1,1
synthetic_e_scooter,2025-04-12,2025-04-12 22:00:00,2025-04-12 23:00:00,e-scooter,F Plieningerstraße,50,0,1
synthetic_e_scooter,2025-04-12,2025-04-12 22:00:00,2025-04-12 23:00:00,e-scooter,F Plieningerstraße,100,2,1
synthetic_e_scooter,2025-04-12,2025-04-12 22:00:00,2025-04-12 23:00:00,e-scooter,F Plieningerstraße,250,3,1
synthetic_e_scooter,2025-04-12,2025-04-12 22:00:00,2025-04-12 23:00:00,e-scooter,F Plieningerstraße,350,6,1
synthetic_bikesharing,2025-04-12,2025-04-12 22:00:00,2025-04-12 23:00:00,bicycle,F Weser-/Münchener Straße,50,0,1
synthetic_bikesharing,2025-04-12,2025-04-12 22:00:00,2025-04-12 23:00:00,bicycle,F Weser-/Münchener Straße,100,0,2
synthetic_bikesharing,2025-04-12,2025-04-12 22:00:00,2025-04-12 23:00:00,bicycle,F Weser-/Münchener Straße,250,2,4
synthetic_bikesharing,2025-04-12,2025-04-12 22:00:00,2025-04-12 23:00:00,bicycle,F Weser-/Münchener Straße,350,3,4
synthetic_e_scooter,2025-04-12,2025-04-12 22:00:00,2025-04-12 23:00:00,e-scooter,F Weser-/Münchener Straße,50,0,3
synthetic_e_scooter,2025-04-12,2025-04-12 22:00:00,2025-04-12 23:00:00,e-scooter,F Weser-/Münchener Straße,100,0,3
synthetic_e_scooter,2025-04-12,2025-04-12 22:00:00,2025-04-12 23:00:00,e-scooter,F Weser-/Münchener Straße,250,3,5
synthetic_e_scooter,2025-04-12,2025-04-12 22:00:00,2025-04-12 23:00:00,e-scooter,F Weser-/Münchener Straße,350,3,9
synthetic_bikesharing,2025-04-13,2025-04-12 23:00:00,2025-04-13 00:00:00,bicycle,*405 F Dornbusch/Am Grünhof,50,0,0
synthetic_bikesharing,2025-04-13,2025-04-12 23:00:00,2025-04-13 00:00:00,bicycle,*405 F Dornbusch/Am Grünhof,100,0,0
synthetic_bikesharing,2025-04-13,2025-04-12 23:00:00,2025-04-13 00:00:00,bicycle,*405 F Dornbusch/Am Grünhof,250,1,0
synthetic_bikesharing,2025-04-13,2025-04-12 23:00:00,2025-04-13 00:00:00,bicycle,*405 F Dornbusch/Am Grünhof,350,1,0
synthetic_e_scooter,2025-04-13,2025-04-12 23:00:00,2025-04-13 00:00:00,e-scooter,*405 F Dornbusch/Am Grünhof,50,1,0
synthetic_e_scooter,2025-04-13,2025-04-12 23:00:00,2025-04-13 00:00:00,e-scooter,*405 F Dornbusch/Am Grünhof,100,1,0
synthetic_e_scooter,2025-04-13,2025-04-12 23:00:00,2025-04-13 00:00:00,e-scooter,*405 F Dornbusch/Am Grünhof,250,5,3
synthetic_e_scooter,2025-04-13,2025-04-12 23:00:00,2025-04-13 00:00:00,e-scooter,*405 F Dornbusch/Am Grünhof,350,6,4
synthetic_bikesharing,2025-04-13,2025-04-12 23:00:00,2025-04-13 00:00:00,bicycle,F Francois-Mitterrand-Platz,50,0,0
synthetic_bikesharing,2025-04-13,2025-04-12 23:00:00,2025-04-13 00:00:00,bicycle,F Francois-Mitterrand-Platz,100,0,0
synthetic_bikesharing,2025-04-13,2025-04-12 23:00:00,2025-04-13 00:00:00,bicycle,F Francois-Mitterrand-Platz,250,1,0
synthetic_bikesharing,2025-04-13,2025-04-12 23:00:00,2025-04-13 00:00:00,bicycle,F Francois-Mitterrand-Platz,350,1,0
synthetic_e_scooter,2025-04-13,2025-04-12 23:00:00,2025-04-13 00:00:00,e-scooter,F Francois-Mitterrand-Platz,50,1,0
synthetic_e_scooter,2025-04-13,2025-04-12 23:00:00,2025-04-13 00:00:00,e-scooter,F Francois-Mitterrand-Platz,100,1,1
synthetic_e_scooter,2025-04-13,2025-04-12 23:00:00,2025-04-13 00:00:00,e-scooter,F Francois-Mitterrand-Platz,250,2,2
synthetic_e_scooter,2025-04-13,2025-04-12 23:00:00,2025-04-13 00:00:00,e-scooter,F Francois-Mitterrand-Platz,350,2,2
synthetic_bikesharing,2025-04-13,2025-04-12 23:00:00,2025-04-13 00:00:00,bicycle,F Miquel-/Adickesallee,50,0,0
synthetic_bikesharing,2025-04-13,2025-04-12 23:00:00,2025-04-13 00:00:00,bicycle,F Miquel-/Adickesallee,100,0,0
synthetic_bikesharing,2025-04-13,2025-04-12 23:00:00,2025-04-13 00:00:00,bicycle,F Miquel-/Adickesallee,250,0,1
synthetic_bikesharing,2025-04-13,2025-04-12 23:00:00,2025-04-13 00:00:00,bicycle,F Miquel-/Adickesallee,350,1,2
synthetic_e_scooter,2025-04-13,2025-04-12 23:00:00,2025-04-13 00:00:00,e-scooter,F Miquel-/Adickesallee,50,2,0
synthetic_e_scooter,2025-04-13,2025-04-12 23:00:00,2025-04-13 00:00:00,e-scooter,F Miquel-/Adickesallee,100,2,0
synthetic_e_scooter,2025-04-13,2025-04-12 23:00:00,2025-04-13 00:00:00,e-scooter,F Miquel-/Adickesallee,250,5,1
synthetic_e_scooter,2025-04-13,2025-04-12 23:00:00,2025-04-13 00:00:00,e-scooter,F Miquel-/Adickesallee,350,5,2
synthetic_bikesharing,2025-04-13,2025-04-12 23:00:00,2025-04-13 00:00:00,bicycle,F Plieningerstraße,50,0,0
synthetic_bikesharing,2025-04-13,2025-04-12 23:00:00,2025-04-13 00:00:00,bicycle,F Plieningerstraße,100,0,0
synthetic_bikesharing,2025-04-13,2025-04-12 23:00:00,2025-04-13 00:00:00,bicycle,F Plieningerstraße,250,0,0
synthetic_bikesharing,2025-04-13,2025-04-12 23:00:00,2025-04-13 00:00:00,bicycle,F Plieningerstraße,350,1,0
synthetic_e_scooter,2025-04-13,2025-04-12 23:00:00,2025-04-13 00:00:00,e-scooter,F Plieningerstraße,50,0,0
synthetic_e_scooter,2025-04-13,2025-04-12 23:00:00,2025-04-13 00:00:00,e-scooter,F Plieningerstraße,100,0,0
synthetic_e_scooter,2025-04-13,2025-04-12 23:00:00,2025-04-13 00:00:00,e-scooter,F Plieningerstraße,250,0,0
synthetic_e_scooter,2025-04-13,2025-04-12 23:00:00,2025-04-13 00:00:00,e-scooter,F Plieningerstraße,350,1,0
synthetic_bikesharing,2025-04-13,2025-04-12 23:00:00,2025-04-13 00:00:00,bicycle,F Weser-/Münchener Straße,50,0,0
synthetic_bikesharing,2025-04-13,2025-04-12 23:00:00,2025-04-13 00:00:00,bicycle,F Weser-/Münchener Straße,100,0,0
synthetic_bikesharing,2025-04-13,2025-04-12 23:00:00,2025-04-13 00:00:00,bicycle,F Weser-/Münchener Straße,250,0,1
synthetic_bikesharing,2025-04-13,2025-04-12 23:00:00,2025-04-13 00:00:00,bicycle,F Weser-/Münchener Straße,350,1,3
synthetic_e_scooter,2025-04-13,2025-04-12 23:00:00,2025-04-13 00:00:00,e-scooter,F Weser-/Münchener Straße,50,2,0
synthetic_e_scooter,2025-04-13,2025-04-12 23:00:00,2025-04-13 00:00:00,e-scooter,F Weser-/Münchener Straße,100,6,0
synthetic_e_scooter,2025-04-13,2025-04-12 23:00:00,2025-04-13 00:00:00,e-scooter,F Weser-/Münchener Straße,250,9,4
synthetic_e_scooter,2025-04-13,2025-04-12 23:00:00,2025-04-13 00:00:00,e-scooter,F Weser-/Münchener Straße,350,10,6
synthetic_bikesharing,2025-04-13,2025-04-13 00:00:00,2025-04-13 01:00:00,bicycle,*405 F Dornbusch/Am Grünhof,50,0,0
synthetic_bikesharing,2025-04-13,2025-04-13 00:00:00,2025-04-13 01:00:00,bicycle,*405 F Dornbusch/Am Grünhof,100,0,0
synthetic_bikesharing,2025-04-13,2025-04-13 00:00:00,2025-04-13 01:00:00,bicycle,*405 F Dornbusch/Am Grünhof,250,0,0
synthetic_bikesharing,2025-04-13,2025-04-13 00:00:00,2025-04-13 01:00:00,bicycle,*405 F Dornbusch/Am Grünhof,350,0,0
synthetic_e_scooter,2025-04-13,2025-04-13 00:00:00,2025-04-13 01:00:00,e-scooter,*405 F Dornbusch/Am Grünhof,50,0,0
synthetic_e_scooter,2025-04-13,2025-04-13 00:00:00,2025-04-13 01:00:00,e-scooter,*405 F Dornbusch/Am Grünhof,100,0,0
synthetic_e_scooter,2025-04-13,2025-04-13 00:00:00,2025-04-13 01:00:00,e-scooter,*405 F Dornbusch/Am Grünhof,250,0,1
synthetic_e_scooter,2025-04-13,2025-04-13 00:00:00,2025-04-13 01:00:00,e-scooter,*405 F Dornbusch/Am Grünhof,350,0,1
synthetic_bikesharing,2025-04-13,2025-04-13 00:00:00,2025-04-13 01:00:00,bicycle,F Francois-Mitterrand-Platz,50,0,0
synthetic_bikesharing,2025-04-13,2025-04-13 00:00:00,2025-04-13 01:00:00,bicycle,F Francois-Mitterrand-Platz,100,0,0
synthetic_bikesharing,2025-04-13,2025-04-13 00:00:00,2025-04-13 01:00:00,bicycle,F Francois-Mitterrand-Platz,250,0,0
synthetic_bikesharing,2025-04-13,2025-04-13 00:00:00,2025-04-13 01:00:00,bicycle,F Francois-Mitterrand-Platz,350,0,0
synthetic_e_scooter,2025-04-13,2025-04-13 00:00:00,2025-04-13 01:00:00,e-scooter,F Francois-Mitterrand-Platz,50,0,2
synthetic_e_scooter,2025-04-13,2025-04-13 00:00:00,2025-04-13 01:00:00,e-scooter,F Francois-Mitterrand-Platz,100,0,2
synthetic_e_scooter,2025-04-13,2025-04-13 00:00:00,2025-04-13 01:00:00,e-scooter,F Francois-Mitterrand-Platz,250,0,2
synthetic_e_scooter,2025-04-13,2025-04-13 00:00:00,2025-04-13 01:00:00,e-scooter,F Francois-Mitterrand-Platz,350,1,2
synthetic_bikesharing,2025-04-13,2025-04-13 00:00:00,2025-04-13 01:00:00,bicycle,F Miquel-/Adickesallee,50,0,0
synthetic_bikesharing,2025-04-13,2025-04-13 00:00:00,2025-04-13 01:00:00,bicycle,F Miquel-/Adickesallee,100,0,0
synthetic_bikesharing,2025-04-13,2025-04-13 00:00:00,2025-04-13 01:00:00,bicycle,F Miquel-/Adickesallee,250,0,2
synthetic_bikesharing,2025-04-13,2025-04-13 00:00:00,2025-04-13 01:00:00,bicycle,F Miquel-/Adickesallee,350,0,2
synthetic_e_scooter,2025-04-13,2025-04-13 00:00:00,2025-04-13 01:00:00,e-scooter,F Miquel-/Adickesallee,50,1,1
synthetic_e_scooter,2025-04-13,2025-04-13 00:00:00,2025-04-13 01:00:00,e-scooter,F Miquel-/Adickesallee,100,1,1
synthetic_e_scooter,2025-04-13,2025-04-13 00:00:00,2025-04-13 01:00:00,e-scooter,F Miquel-/Adickesallee,250,1,3
synthetic_e_scooter,2025-04-13,2025-04-13 00:00:00,2025-04-13 01:00:00,e-scooter,F Miquel-/Adickesallee,350,1,4
synthetic_bikesharing,2025-04-13,2025-04-13 00:00:00,2025-04-13 01:00:00,bicycle,F Plieningerstraße,50,0,0
synthetic_bikesharing,2025-04-13,2025-04-13 00:00:00,2025-04-13 01:00:00,bicycle,F Plieningerstraße,100,1,0
synthetic_bikesharing,2025-04-13,2025-04-13 00:00:00,2025-04-13 01:00:00,bicycle,F Plieningerstraße,250,1,0
synthetic_bikesharing,2025-04-13,2025-04-13 00:00:00,2025-04-13 01:00:00,bicycle,F Plieningerstraße,350,1,0
synthetic_e_scooter,2025-04-13,2025-04-13 00:00:00,2025-04-13 01:00:00,e-scooter,F Plieningerstraße,50,0,0
synthetic_e_scooter,2025-04-13,2025-04-13 00:00:00,2025-04-13 01:00:00,e-scooter,F Plieningerstraße,100,0,0
synthetic_e_scooter,2025-04-13,2025-04-13 00:00:00,2025-04-13 01:00:00,e-scooter,F Plieningerstraße,250,0,1
synthetic_e_scooter,2025-04-13,2025-04-13 00:00:00,2025-04-13 01:00:00,e-scooter,F Plieningerstraße,350,0,1
synthetic_bikesharing,2025-04-13,2025-04-13 00:00:00,2025-04-13 01:00:00,bicycle,F Weser-/Münchener Straße,50,0,0
synthetic_bikesharing,2025-04-13,2025-04-13 00:00:00,2025-04-13 01:00:00,bicycle,F Weser-/Münchener Straße,100,0,0
synthetic_bikesharing,2025-04-13,2025-04-13 00:00:00,2025-04-13 01:00:00,bicycle,F Weser-/Münchener Straße,250,0,0
synthetic_bikesharing,2025-04-13,2025-04-13 00:00:00,2025-04-13 01:00:00,bicycle,F Weser-/Münchener Straße,350,0,0
synthetic_e_scooter,2025-04-13,2025-04-13 00:00:00,2025-04-13 01:00:00,e-scooter,F Weser-/Münchener Straße,50,0,0
synthetic_e_scooter,2025-04-13,2025-04-13 00:00:00,2025-04-13 01:00:00,e-scooter,F Weser-/Münchener Straße,100,1,1
synthetic_e_scooter,2025-04-13,2025-04-13 00:00:00,2025-04-13 01:00:00,e-scooter,F Weser-/Münchener Straße,250,2,1
synthetic_e_scooter,2025-04-13,2025-04-13 00:00:00,2025-04-13 01:00:00,e-scooter,F Weser-/Münchener Straße,350,2,5
synthetic_bikesharing,2025-04-13,2025-04-13 01:00:00,2025-04-13 02:00:00,bicycle,*405 F Dornbusch/Am Grünhof,50,0,0
synthetic_bikesharing,2025-04-13,2025-04-13 01:00:00,2025-04-13 02:00:00,bicycle,*405 F Dornbusch/Am Grünhof,100,0,0
synthetic_bikesharing,2025-04-13,2025-04-13 01:00:00,2025-04-13 02:00:00,bicycle,*405 F Dornbusch/Am Grünhof,250,0,0
synthetic_bikesharing,2025-04-13,2025-04-13 01:00:00,2025-04-13 02:00:00,bicycle,*405 F Dornbusch/Am Grünhof,350,0,0
synthetic_e_scooter,2025-04-13,2025-04-13 01:00:00,2025-04-13 02:00:00,e-scooter,*405 F Dornbusch/Am Grünhof,50,0,0
synthetic_e_scooter,2025-04-13,2025-04-13 01:00:00,2025-04-13 02:00:00,e-scooter,*405 F Dornbusch/Am Grünhof,100,0,0
synthetic_e_scooter,2025-04-13,2025-04-13 01:00:00,2025-04-13 02:00:00,e-scooter,*405 F Dornbusch/Am Grünhof,250,0,0
synthetic_e_scooter,2025-04-13,2025-04-13 01:00:00,2025-04-13 02:00:00,e-scooter,*405 F Dornbusch/Am Grünhof,350,0,1
synthetic_bikesharing,2025-04-13,2025-04-13 01:00:00,2025-04-13 02:00:00,bicycle,F Francois-Mitterrand-Platz,50,0,0
synthetic_bikesharing,2025-04-13,2025-04-13 01:00:00,2025-04-13 02:00:00,bicycle,F Francois-Mitterrand-Platz,100,0,0
synthetic_bikesharing,2025-04-13,2025-04-13 01:00:00,2025-04-13 02:00:00,bicycle,F Francois-Mitterrand-Platz,250,0,0
synthetic_bikesharing,2025-04-13,2025-04-13 01:00:00,2025-04-13 02:00:00,bicycle,F Francois-Mitterrand-Platz,350,0,1
synthetic_e_scooter,2025-04-13,2025-04-13 01:00:00,2025-04-13 02:00:00,e-scooter,F Francois-Mitterrand-Platz,50,0,0
synthetic_e_scooter,2025-04-13,2025-04-13 01:00:00,2025-04-13 02:00:00,e-scooter,F Francois-Mitterrand-Platz,100,0,0
synthetic_e_scooter,2025-04-13,2025-04-13 01:00:00,2025-04-13 02:00:00,e-scooter,F Francois-Mitterrand-Platz,250,0,0
synthetic_e_scooter,2025-04-13,2025-04-13 01:00:00,2025-04-13 02:00:00,e-scooter,F Francois-Mitterrand-Platz,350,0,0
synthetic_bikesharing,2025-04-13,2025-04-13 01:00:00,2025-04-13 02:00:00,bicycle,F Miquel-/Adickesallee,50,0,0
synthetic_bikesharing,2025-04-13,2025-04-13 01:00:00,2025-04-13 02:00:00,bicycle,F Miquel-/Adickesallee,100,0,0
synthetic_bikesharing,2025-04-13,2025-04-13 01:00:00,2025-04-13 02:00:00,bicycle,F Miquel-/Adickesallee,250,0,1
synthetic_bikesharing,2025-04-13,2025-04-13 01:00:00,2025-04-13 02:00:00,bicycle,F Miquel-/Adickesallee,350,0,1
synthetic_e_scooter,2025-04-13,2025-04-13 01:00:00,2025-04-13 02:00:00,e-scooter,F Miquel-/Adickesallee,50,1,0
synthetic_e_scooter,2025-04-13,2025-04-13 01:00:00,2025-04-13 02:00:00,e-scooter,F Miquel-/Adickesallee,100,1,0
synthetic_e_scooter,2025-04-13,2025-04-13 01:00:00,2025-04-13 02:00:00,e-scooter,F Miquel-/Adickesallee,250,3,1
synthetic_e_scooter,2025-04-13,2025-04-13 01:00:00,2025-04-13 02:00:00,e-scooter,F Miquel-/Adickesallee,350,4,2
synthetic_bikesharing,2025-04-13,2025-04-13 01:00:00,2025-04-13 02:00:00,bicycle,F Plieningerstraße,50,0,0
synthetic_bikesharing,2025-04-13,2025-04-13 01:00:00,2025-04-13 02:00:00,bicycle,F Plieningerstraße,100,0,0
synthetic_bikesharing,2025-04-13,2025-04-13 01:00:00,2025-04-13 02:00:00,bicycle,F Plieningerstraße,250,0,0
synthetic_bikesharing,2025-04-13,2025-04-13 01:00:00,2025-04-13 02:00:00,bicycle,F Plieningerstraße,350,0,0
synthetic_e_scooter,2025-04-13,2025-04-13 01:00:00,2025-04-13 02:00:00,e-scooter,F Plieningerstraße,50,0,0
synthetic_e_scooter,2025-04-13,2025-04-13 01:00:00,2025-04-13 02:00:00,e-scooter,F Plieningerstraße,100,0,1
synthetic_e_scooter,2025-04-13,2025-04-13 01:00:00,2025-04-13 02:00:00,e-scooter,F Plieningerstraße,250,1,1
synthetic_e_scooter,2025-04-13,2025-04-13 01:00:00,2025-04-13 02:00:00,e-scooter,F Plieningerstraße,350,1,1
synthetic_bikesharing,2025-04-13,2025-04-13 01:00:00,2025-04-13 02:00:00,bicycle,F Weser-/Münchener Straße,50,0,0
synthetic_bikesharing,2025-04-13,2025-04-13 01:00:00,2025-04-13 02:00:00,bicycle,F Weser-/Münchener Straße,100,0,0
synthetic_bikesharing,2025-04-13,2025-04-13 01:00:00,2025-04-13 02:00:00,bicycle,F Weser-/Münchener Straße,250,0,0
synthetic_bikesharing,2025-04-13,2025-04-13 01:00:00,2025-04-13 02:00:00,bicycle,F Weser-/Münchener Straße,350,0,0
synthetic_e_scooter,2025-04-13,2025-04-13 01:00:00,2025-04-13 02:00:00,e-scooter,F Weser-/Münchener Straße,50,0,0
synthetic_e_scooter,2025-04-13,2025-04-13 01:00:00,2025-04-13 02:00:00,e-scooter,F Weser-/Münchener Straße,100,0,1
synthetic_e_scooter,2025-04-13,2025-04-13 01:00:00,2025-04-13 02:00:00,e-scooter,F Weser-/Münchener Straße,250,0,1
synthetic_e_scooter,2025-04-13,2025-04-13 01:00:00,2025-04-13 02:00:00,e-scooter,F Weser-/Münchener Straße,350,0,3
synthetic_bikesharing,2025-04-13,2025-04-13 02:00:00,2025-04-13 03:00:00,bicycle,*405 F Dornbusch/Am Grünhof,50,0,0
synthetic_bikesharing,2025-04-13,2025-04-13 02:00:00,2025-04-13 03:00:00,bicycle,*405 F Dornbusch/Am Grünhof,100,0,0
synthetic_bikesharing,2025-04-13,2025-04-13 02:00:00,2025-04-13 03:00:00,bicycle,*405 F Dornbusch/Am Grünhof,250,0,0
synthetic_bikesharing,2025-04-13,2025-04-13 02:00:00,2025-04-13 03:00:00,bicycle,*405 F Dornbusch/Am Grünhof,350,0,0
synthetic_e_scooter,2025-04-13,2025-04-13 02:00:00,2025-04-13 03:00:00,e-scooter,*405 F Dornbusch/Am Grünhof,50,0,0
synthetic_e_scooter,2025-04-13,2025-04-13 02:00:00,2025-04-13 03:00:00,e-scooter,*405 F Dornbusch/Am Grünhof,100,0,0
synthetic_e_scooter,2025-04-13,2025-04-13 02:00:00,2025-04-13 03:00:00,e-scooter,*405 F Dornbusch/Am Grünhof,250,0,0
synthetic_e_scooter,2025-04-13,2025-04-13 02:00:00,2025-04-13 03:00:00,e-scooter,*405 F Dornbusch/Am Grünhof,350,0,2
synthetic_bikesharing,2025-04-13,2025-04-13 02:00:00,2025-04-13 03:00:00,bicycle,F Francois-Mitterrand-Platz,50,0,0
synthetic_bikesharing,2025-04-13,2025-04-13 02:00:00,2025-04-13 03:00:00,bicycle,F Francois-Mitterrand-Platz,100,0,0
synthetic_bikesharing,2025-04-13,2025-04-13 02:00:00,2025-04-13 03:00:00,bicycle,F Francois-Mitterrand-Platz,250,0,0
synthetic_bikesharing,2025-04-13,2025-04-13 02:00:00,2025-04-13 03:00:00,bicycle,F Francois-Mitterrand-Platz,350,0,0
synthetic_e_scooter,2025-04-13,2025-04-13 02:00:00,2025-04-13 03:00:00,e-scooter,F Francois-Mitterrand-Platz,50,0,0
synthetic_e_scooter,2025-04-13,2025-04-13 02:00:00,2025-04-13 03:00:00,e-scooter,F Francois-Mitterrand-Platz,100,0,0
synthetic_e_scooter,2025-04-13,2025-04-13 02:00:00,2025-04-13 03:00:00,e-scooter,F Francois-Mitterrand-Platz,250,0,0
synthetic_e_scooter,2025-04-13,2025-04-13 02:00:00,2025-04-13 03:00:00,e-scooter,F Francois-Mitterrand-Platz,350,0,0
synthetic_bikesharing,2025-04-13,2025-04-13 02:00:00,2025-04-13 03:00:00,bicycle,F Miquel-/Adickesallee,50,0,0
synthetic_bikesharing,2025-04-13,2025-04-13 02:00:00,2025-04-13 03:00:00,bicycle,F Miquel-/Adickesallee,100,0,0
synthetic_bikesharing,2025-04-13,2025-04-13 02:00:00,2025-04-13 03:00:00,bicycle,F Miquel-/Adickesallee,250,0,0
synthetic_bikesharing,2025-04-13,2025-04-13 02:00:00,2025-04-13 03:00:00,bicycle,F Miquel-/Adickesallee,350,0,0
synthetic_e_scooter,2025-04-13,2025-04-13 02:00:00,2025-04-13 03:00:00,e-scooter,F Miquel-/Adickesallee,50,0,0
synthetic_e_scooter,2025-04-13,2025-04-13 02:00:00,2025-04-13 03:00:00,e-scooter,F Miquel-/Adickesallee,100,1,0
synthetic_e_scooter,2025-04-13,2025-04-13 02:00:00,2025-04-13 03:00:00,e-scooter,F Miquel-/Adickesallee,250,1,1
synthetic_e_scooter,2025-04-13,2025-04-13 02:00:00,2025-04-13 03:00:00,e-scooter,F Miquel-/Adickesallee,350,1,1
synthetic_bikesharing,2025-04-13,2025-04-13 02:00:00,2025-04-13 03:00:00,bicycle,F Plieningerstraße,50,0,0
synthetic_bikesharing,2025-04-13,2025-04-13 02:00:00,2025-04-13 03:00:00,bicycle,F Plieningerstraße,100,0,0
synthetic_bikesharing,2025-04-13,2025-04-13 02:00:00,2025-04-13 03:00:00,bicycle,F Plieningerstraße,250,0,0
synthetic_bikesharing,2025-04-13,2025-04-13 02:00:00,2025-04-13 03:00:00,bicycle,F Plieningerstraße,350,0,0
synthetic_e_scooter,2025-04-13,2025-04-13 02:00:00,2025-04-13 03:00:00,e-scooter,F Plieningerstraße,50,0,0
synthetic_e_scooter,2025-04-13,2025-04-13 02:00:00,2025-04-13 03:00:00,e-scooter,F Plieningerstraße,100,0,0
synthetic_e_scooter,2025-04-13,2025-04-13 02:00:00,2025-04-13 03:00:00,e-scooter,F Plieningerstraße,250,0,0
synthetic_e_scooter,2025-04-13,2025-04-13 02:00:00,2025-04-13 03:00:00,e-scooter,F Plieningerstraße,350,1,0
synthetic_bikesharing,2025-04-13,2025-04-13 02:00:00,2025-04-13 03:00:00,bicycle,F Weser-/Münchener Straße,50,0,0
synthetic_bikesharing,2025-04-13,2025-04-13 02:00:00,2025-04-13 03:00:00,bicycle,F Weser-/Münchener Straße,100,0,0
synthetic_bikesharing,2025-04-13,2025-04-13 02:00:00,2025-04-13 03:00:00,bicycle,F Weser-/Münchener Straße,250,0,0
synthetic_bikesharing,2025-04-13,2025-04-13 02:00:00,2025-04-13 03:00:00,bicycle,F Weser-/Münchener Straße,350,0,0
synthetic_e_scooter,2025-04-13,2025-04-13 02:00:00,2025-04-13 03:00:00,e-scooter,F Weser-/Münchener Straße,50,0,1
synthetic_e_scooter,2025-04-13,2025-04-13 02:00:00,2025-04-13 03:00:00,e-scooter,F Weser-/Münchener Straße,100,1,1
synthetic_e_scooter,2025-04-13,2025-04-13 02:00:00,2025-04-13 03:00:00,e-scooter,F Weser-/Münchener Straße,250,2,2
synthetic_e_scooter,2025-04-13,2025-04-13 02:00:00,2025-04-13 03:00:00,e-scooter,F Weser-/Münchener Straße,350,3,2
synthetic_bikesharing,2025-04-13,2025-04-13 03:00:00,2025-04-13 04:00:00,bicycle,*405 F Dornbusch/Am Grünhof,50,0,0
synthetic_bikesharing,2025-04-13,2025-04-13 03:00:00,2025-04-13 04:00:00,bicycle,*405 F Dornbusch/Am Grünhof,100,0,0
synthetic_bikesharing,2025-04-13,2025-04-13 03:00:00,2025-04-13 04:00:00,bicycle,*405 F Dornbusch/Am Grünhof,250,0,0
synthetic_bikesharing,2025-04-13,2025-04-13 03:00:00,2025-04-13 04:00:00,bicycle,*405 F Dornbusch/Am Grünhof,350,0,0
synthetic_e_scooter,2025-04-13,2025-04-13 03:00:00,2025-04-13 04:00:00,e-scooter,*405 F Dornbusch/Am Grünhof,50,0,0
synthetic_e_scooter,2025-04-13,2025-04-13 03:00:00,2025-04-13 04:00:00,e-scooter,*405 F Dornbusch/Am Grünhof,100,0,0
synthetic_e_scooter,2025-04-13,2025-04-13 03:00:00,2025-04-13 04:00:00,e-scooter,*405 F Dornbusch/Am Grünhof,250,0,0
synthetic_e_scooter,2025-04-13,2025-04-13 03:00:00,2025-04-13 04:00:00,e-scooter,*405 F Dornbusch/Am Grünhof,350,0,0
synthetic_bikesharing,2025-04-13,2025-04-13 03:00:00,2025-04-13 04:00:00,bicycle,F Francois-Mitterrand-Platz,50,0,0
synthetic_bikesharing,2025-04-13,2025-04-13 03:00:00,2025-04-13 04:00:00,bicycle,F Francois-Mitterrand-Platz,100,0,0
synthetic_bikesharing,2025-04-13,2025-04-13 03:00:00,2025-04-13 04:00:00,bicycle,F Francois-Mitterrand-Platz,250,0,1
synthetic_bikesharing,2025-04-13,2025-04-13 03:00:00,2025-04-13 04:00:00,bicycle,F Francois-Mitterrand-Platz,350,0,1
synthetic_e_scooter,2025-04-13,2025-04-13 03:00:00,2025-04-13 04:00:00,e-scooter,F Francois-Mitterrand-Platz,50,0,0
synthetic_e_scooter,2025-04-13,2025-04-13 03:00:00,2025-04-13 04:00:00,e-scooter,F Francois-Mitterrand-Platz,100,0,0
synthetic_e_scooter,2025-04-13,2025-04-13 03:00:00,2025-04-13 04:00:00,e-scooter,F Francois-Mitterrand-Platz,250,0,0
synthetic_e_scooter,2025-04-13,2025-04-13 03:00:00,2025-04-13 04:00:00,e-scooter,F Francois-Mitterrand-Platz,350,0,0
synthetic_bikesharing,2025-04-13,2025-04-13 03:00:00,2025-04-13 04:00:00,bicycle,F Miquel-/Adickesallee,50,0,0
synthetic_bikesharing,2025-04-13,2025-04-13 03:00:00,2025-04-13 04:00:00,bicycle,F Miquel-/Adickesallee,100,0,0
synthetic_bikesharing,2025-04-13,2025-04-13 03:00:00,2025-04-13 04:00:00,bicycle,F Miquel-/Adickesallee,250,0,0
synthetic_bikesharing,2025-04-13,2025-04-13 03:00:00,2025-04-13 04:00:00,bicycle,F Miquel-/Adickesallee,350,0,0
synthetic_e_scooter,2025-04-13,2025-04-13 03:00:00,2025-04-13 04:00:00,e-scooter,F Miquel-/Adickesallee,50,0,0
synthetic_e_scooter,2025-04-13,2025-04-13 03:00:00,2025-04-13 04:00:00,e-scooter,F Miquel-/Adickesallee,100,0,0
synthetic_e_scooter,2025-04-13,2025-04-13 03:00:00,2025-04-13 04:00:00,e-scooter,F Miquel-/Adickesallee,250,1,1
synthetic_e_scooter,2025-04-13,2025-04-13 03:00:00,2025-04-13 04:00:00,e-scooter,F Miquel-/Adickesallee,350,1,1
synthetic_bikesharing,2025-04-13,2025-04-13 03:00:00,2025-04-13 04:00:00,bicycle,F Plieningerstraße,50,0,0
synthetic_bikesharing,2025-04-13,2025-04-13 03:00:00,2025-04-13 04:00:00,bicycle,F Plieningerstraße,100,0,0
synthetic_bikesharing,2025-04-13,2025-04-13 03:00:00,2025-04-13 04:00:00,bicycle,F Plieningerstraße,250,0,0
synthetic_bikesharing,2025-04-13,2025-04-13 03:00:00,2025-04-13 04:00:00,bicycle,F Plieningerstraße,350,0,0
synthetic_e_scooter,2025-04-13,2025-04-13 03:00:00,2025-04-13 04:00:00,e-scooter,F Plieningerstraße,50,0,0
synthetic_e_scooter,2025-04-13,2025-04-13 03:00:00,2025-04-13 04:00:00,e-scooter,F Plieningerstraße,100,0,0
synthetic_e_scooter,2025-04-13,2025-04-13 03:00:00,2025-04-13 04:00:00,e-scooter,F Plieningerstraße,250,0,0
synthetic_e_scooter,2025-04-13,2025-04-13 03:00:00,2025-04-13 04:00:00,e-scooter,F Plieningerstraße,350,0,0
synthetic_bikesharing,2025-04-13,2025-04-13 03:00:00,2025-04-13 04:00:00,bicycle,F Weser-/Münchener Straße,50,0,0
synthetic_bikesharing,2025-04-13,2025-04-13 03:00:00,2025-04-13 04:00:00,bicycle,F Weser-/Münchener Straße,100,0,0
synthetic_bikesharing,2025-04-13,2025-04-13 03:00:00,2025-04-13 04:00:00,bicycle,F Weser-/Münchener Straße,250,0,0
synthetic_bikesharing,2025-04-13,2025-04-13 03:00:00,2025-04-13 04:00:00,bicycle,F Weser-/Münchener Straße,350,0,0
synthetic_e_scooter,2025-04-13,2025-04-13 03:00:00,2025-04-13 04:00:00,e-scooter,F Weser-/Münchener Straße,50,0,0
synthetic_e_scooter,2025-04-13,2025-04-13 03:00:00,2025-04-13 04:00:00,e-scooter,F Weser-/Münchener Straße,100,0,0
synthetic_e_scooter,2025-04-13,2025-04-13 03:00:00,2025-04-13 04:00:00,e-scooter,F Weser-/Münchener Straße,250,1,0
synthetic_e_scooter,2025-04-13,2025-04-13 03:00:00,2025-04-13 04:00:00,e-scooter,F Weser-/Münchener Straße,350,1,0
synthetic_bikesharing,2025-04-13,2025-04-13 04:00:00,2025-04-13 05:00:00,bicycle,*405 F Dornbusch/Am Grünhof,50,0,0
synthetic_bikesharing,2025-04-13,2025-04-13 04:00:00,2025-04-13 05:00:00,bicycle,*405 F Dornbusch/Am Grünhof,100,0,0
synthetic_bikesharing,2025-04-13,2025-04-13 04:00:00,2025-04-13 05:00:00,bicycle,*405 F Dornbusch/Am Grünhof,250,0,0
synthetic_bikesharing,2025-04-13,2025-04-13 04:00:00,2025-04-13 05:00:00,bicycle,*405 F Dornbusch/Am Grünhof,350,0,1
synthetic_e_scooter,2025-04-13,2025-04-13 04:00:00,2025-04-13 05:00:00,e-scooter,*405 F Dornbusch/Am Grünhof,50,0,1
synthetic_e_scooter,2025-04-13,2025-04-13 04:00:00,2025-04-13 05:00:00,e-scooter,*405 F Dornbusch/Am Grünhof,100,0,2
synthetic_e_scooter,2025-04-13,2025-04-13 04:00:00,2025-04-13 05:00:00,e-scooter,*405 F Dornbusch/Am Grünhof,250,0,2
synthetic_e_scooter,2025-04-13,2025-04-13 04:00:00,2025-04-13 05:00:00,e-scooter,*405 F Dornbusch/Am Grünhof,350,0,2
synthetic_bikesharing,2025-04-13,2025-04-13 04:00:00,2025-04-13 05:00:00,bicycle,F Francois-Mitterrand-Platz,50,0,0
synthetic_bikesharing,2025-04-13,2025-04-13 04:00:00,2025-04-13 05:00:00,bicycle,F Francois-Mitterrand-Platz,100,0,0
synthetic_bikesharing,2025-04-13,2025-04-13 04:00:00,2025-04-13 05:00:00,bicycle,F Francois-Mitterrand-Platz,250,0,0
synthetic_bikesharing,2025-04-13,2025-04-13 04:00:00,2025-04-13 05:00:00,bicycle,F Francois-Mitterrand-Platz,350,0,0
synthetic_e_scooter,2025-04-13,2025-04-13 04:00:00,2025-04-13 05:00:00,e-scooter,F Francois-Mitterrand-Platz,50,0,0
synthetic_e_scooter,2025-04-13,2025-04-13 04:00:00,2025-04-13 05:00:00,e-scooter,F Francois-Mitterrand-Platz,100,0,0
synthetic_e_scooter,2025-04-13,2025-04-13 04:00:00,2025-04-13 05:00:00,e-scooter,F Francois-Mitterrand-Platz,250,1,0
synthetic_e_scooter,2025-04-13,2025-04-13 04:00:00,2025-04-13 05:00:00,e-scooter,F Francois-Mitterrand-Platz,350,1,0
synthetic_bikesharing,2025-04-13,2025-04-13 04:00:00,2025-04-13 05:00:00,bicycle,F Miquel-/Adickesallee,50,0,0
synthetic_bikesharing,2025-04-13,2025-04-13 04:00:00,2025-04-13 05:00:00,bicycle,F Miquel-/Adickesallee,100,0,0
synthetic_bikesharing,2025-04-13,2025-04-13 04:00:00,2025-04-13 05:00:00,bicycle,F Miquel-/Adickesallee,250,0,0
synthetic_bikesharing,2025-04-13,2025-04-13 04:00:00,2025-04-13 05:00:00,bicycle,F Miquel-/Adickesallee,350,0,0
synthetic_e_scooter,2025-04-13,2025-04-13 04:00:00,2025-04-13 05:00:00,e-scooter,F Miquel-/Adickesallee,50,0,0
synthetic_e_scooter,2025-04-13,2025-04-13 04:00:00,2025-04-13 05:00:00,e-scooter,F Miquel-/Adickesallee,100,0,0
synthetic_e_scooter,2025-04-13,2025-04-13 04:00:00,2025-04-13 05:00:00,e-scooter,F Miquel-/Adickesallee,250,0,0
synthetic_e_scooter,2025-04-13,2025-04-13 04:00:00,2025-04-13 05:00:00,e-scooter,F Miquel-/Adickesallee,350,0,0
synthetic_bikesharing,2025-04-13,2025-04-13 04:00:00,2025-04-13 05:00:00,bicycle,F Plieningerstraße,50,0,0
synthetic_bikesharing,2025-04-13,2025-04-13 04:00:00,2025-04-13 05:00:00,bicycle,F Plieningerstraße,100,0,0
synthetic_bikesharing,2025-04-13,2025-04-13 04:00:00,2025-04-13 05:00:00,bicycle,F Plieningerstraße,250,0,0
synthetic_bikesharing,2025-04-13,2025-04-13 04:00:00,2025-04-13 05:00:00,bicycle,F Plieningerstraße,350,0,0
synthetic_e_scooter,2025-04-13,2025-04-13 04:00:00,2025-04-13 05:00:00,e-scooter,F Plieningerstraße,50,0,0
synthetic_e_scooter,2025-04-13,2025-04-13 04:00:00,2025-04-13 05:00:00,e-scooter,F Plieningerstraße,100,0,0
synthetic_e_scooter,2025-04-13,2025-04-13 04:00:00,2025-04-13 05:00:00,e-scooter,F Plieningerstraße,250,0,0
synthetic_e_scooter,2025-04-13,2025-04-13 04:00:00,2025-04-13 05:00:00,e-scooter,F Plieningerstraße,350,0,0
synthetic_bikesharing,2025-04-13,2025-04-13 04:00:00,2025-04-13 05:00:00,bicycle,F Weser-/Münchener Straße,50,0,0
synthetic_bikesharing,2025-04-13,2025-04-13 04:00:00,2025-04-13 05:00:00,bicycle,F Weser-/Münchener Straße,100,0,0
synthetic_bikesharing,2025-04-13,2025-04-13 04:00:00,2025-04-13 05:00:00,bicycle,F Weser-/Münchener Straße,250,0,0
synthetic_bikesharing,2025-04-13,2025-04-13 04:00:00,2025-04-13 05:00:00,bicycle,F Weser-/Münchener Straße,350,0,0
synthetic_e_scooter,2025-04-13,2025-04-13 04:00:00,2025-04-13 05:00:00,e-scooter,F Weser-/Münchener Straße,50,0,1
synthetic_e_scooter,2025-04-13,2025-04-13 04:00:00,2025-04-13 05:00:00,e-scooter,F Weser-/Münchener Straße,100,0,1
synthetic_e_scooter,2025-04-13,2025-04-13 04:00:00,2025-04-13 05:00:00,e-scooter,F Weser-/Münchener Straße,250,0,3
synthetic_e_scooter,2025-04-13,2025-04-13 04:00:00,2025-04-13 05:00:00,e-scooter,F Weser-/Münchener Straße,350,0,3
synthetic_bikesharing,2025-04-13,2025-04-13 05:00:00,2025-04-13 06:00:00,bicycle,*405 F Dornbusch/Am Grünhof,50,0,0
synthetic_bikesharing,2025-04-13,2025-04-13 05:00:00,2025-04-13 06:00:00,bicycle,*405 F Dornbusch/Am Grünhof,100,0,0
synthetic_bikesharing,2025-04-13,2025-04-13 05:00:00,2025-04-13 06:00:00,bicycle,*405 F Dornbusch/Am Grünhof,250,0,0
synthetic_bikesharing,2025-04-13,2025-04-13 05:00:00,2025-04-13 06:00:00,bicycle,*405 F Dornbusch/Am Grünhof,350,0,0
synthetic_e_scooter,2025-04-13,2025-04-13 05:00:00,2025-04-13 06:00:00,e-scooter,*405 F Dornbusch/Am Grünhof,50,0,0
synthetic_e_scooter,2025-04-13,2025-04-13 05:00:00,2025-04-13 06:00:00,e-scooter,*405 F Dornbusch/Am Grünhof,100,0,0
synthetic_e_scooter,2025-04-13,2025-04-13 05:00:00,2025-04-13 06:00:00,e-scooter,*405 F Dornbusch/Am Grünhof,250,0,0
synthetic_e_scooter,2025-04-13,2025-04-13 05:00:00,2025-04-13 06:00:00,e-scooter,*405 F Dornbusch/Am Grünhof,350,0,1
synthetic_bikesharing,2025-04-13,2025-04-13 05:00:00,2025-04-13 06:00:00,bicycle,F Francois-Mitterrand-Platz,50,0,1
synthetic_bikesharing,2025-04-13,2025-04-13 05:00:00,2025-04-13 06:00:00,bicycle,F Francois-Mitterrand-Platz,100,1,1
synthetic_bikesharing,2025-04-13,2025-04-13 05:00:00,2025-04-13 06:00:00,bicycle,F Francois-Mitterrand-Platz,250,1,2
synthetic_bikesharing,2025-04-13,2025-04-13 05:00:00,2025-04-13 06:00:00,bicycle,F Francois-Mitterrand-Platz,350,2,2
synthetic_e_scooter,2025-04-13,2025-04-13 05:00:00,2025-04-13 06:00:00,e-scooter,F Francois-Mitterrand-Platz,50,0,0
synthetic_e_scooter,2025-04-13,2025-04-13 05:00:00,2025-04-13 06:00:00,e-scooter,F Francois-Mitterrand-Platz,100,0,0
synthetic_e_scooter,2025-04-13,2025-04-13 05:00:00,2025-04-13 06:00:00,e-scooter,F Francois-Mitterrand-Platz,250,0,1
synthetic_e_scooter,2025-04-13,2025-04-13 05:00:00,2025-04-13 06:00:00,e-scooter,F Francois-Mitterrand-Platz,350,0,1
synthetic_bikesharing,2025-04-13,2025-04-13 05:00:00,2025-04-13 06:00:00,bicycle,F Miquel-/Adickesallee,50,0,1
synthetic_bikesharing,2025-04-13,2025-04-13 05:00:00,2025-04-13 06:00:00,bicycle,F Miquel-/Adickesallee,100,0,1
synthetic_bikesharing,2025-04-13,2025-04-13 05:00:00,2025-04-13 06:00:00,bicycle,F Miquel-/Adickesallee,250,0,1
synthetic_bikesharing,2025-04-13,2025-04-13 05:00:00,2025-04-13 06:00:00,bicycle,F Miquel-/Adickesallee,350,0,1
synthetic_e_scooter,2025-04-13,2025-04-13 05:00:00,2025-04-13 06:00:00,e-scooter,F Miquel-/Adickesallee,50,1,0
synthetic_e_scooter,2025-04-13,2025-04-13 05:00:00,2025-04-13 06:00:00,e-scooter,F Miquel-/Adickesallee,100,1,0
synthetic_e_scooter,2025-04-13,2025-04-13 05:00:00,2025-04-13 06:00:00,e-scooter,F Miquel-/Adickesallee,250,1,1
synthetic_e_scooter,2025-04-13,2025-04-13 05:00:00,2025-04-13 06:00:00,e-scooter,F Miquel-/Adickesallee,350,1,1
synthetic_bikesharing,2025-04-13,2025-04-13 05:00:00,2025-04-13 06:00:00,bicycle,F Plieningerstraße,50,0,0
synthetic_bikesharing,2025-04-13,2025-04-13 05:00:00,2025-04-13 06:00:00,bicycle,F Plieningerstraße,100,0,0
synthetic_bikesharing,2025-04-13,2025-04-13 05:00:00,2025-04-13 06:00:00,bicycle,F Plieningerstraße,250,0,0
synthetic_bikesharing,2025-04-13,2025-04-13 05:00:00,2025-04-13 06:00:00,bicycle,F Plieningerstraße,350,0,0
synthetic_e_scooter,2025-04-13,2025-04-13 05:00:00,2025-04-13 06:00:00,e-scooter,F Plieningerstraße,50,0,0
synthetic_e_scooter,2025-04-13,2025-04-13 05:00:00,2025-04-13 06:00:00,e-scooter,F Plieningerstraße,100,0,0
synthetic_e_scooter,2025-04-13,2025-04-13 05:00:00,2025-04-13 06:00:00,e-scooter,F Plieningerstraße,250,0,0
synthetic_e_scooter,2025-04-13,2025-04-13 05:00:00,2025-04-13 06:00:00,e-scooter,F Plieningerstraße,350,0,0
synthetic_bikesharing,2025-04-13,2025-04-13 05:00:00,2025-04-13 06:00:00,bicycle,F Weser-/Münchener Straße,50,0,0
synthetic_bikesharing,2025-04-13,2025-04-13 05:00:00,2025-04-13 06:00:00,bicycle,F Weser-/Münchener Straße,100,0,0
synthetic_bikesharing,2025-04-13,2025-04-13 05:00:00,2025-04-13 06:00:00,bicycle,F Weser-/Münchener Straße,250,0,0
synthetic_bikesharing,2025-04-13,2025-04-13 05:00:00,2025-04-13 06:00:00,bicycle,F Weser-/Münchener Straße,350,0,0
synthetic_e_scooter,2025-04-13,2025-04-13 05:00:00,2025-04-13 06:00:00,e-scooter,F Weser-/Münchener Straße,50,0,0
synthetic_e_scooter,2025-04-13,2025-04-13 05:00:00,2025-04-13 06:00:00,e-scooter,F Weser-/Münchener Straße,100,0,0
synthetic_e_scooter,2025-04-13,2025-04-13 05:00:00,2025-04-13 06:00:00,e-scooter,F Weser-/Münchener Straße,250,1,0
synthetic_e_scooter,2025-04-13,2025-04-13 05:00:00,2025-04-13 06:00:00,e-scooter,F Weser-/Münchener Straße,350,1,0
synthetic_bikesharing,2025-04-13,2025-04-13 06:00:00,2025-04-13 07:00:00,bicycle,*405 F Dornbusch/Am Grünhof,50,0,0
synthetic_bikesharing,2025-04-13,2025-04-13 06:00:00,2025-04-13 07:00:00,bicycle,*405 F Dornbusch/Am Grünhof,100,0,0
synthetic_bikesharing,2025-04-13,2025-04-13 06:00:00,2025-04-13 07:00:00,bicycle,*405 F Dornbusch/Am Grünhof,250,1,0
synthetic_bikesharing,2025-04-13,2025-04-13 06:00:00,2025-04-13 07:00:00,bicycle,*405 F Dornbusch/Am Grünhof,350,1,0
synthetic_e_scooter,2025-04-13,2025-04-13 06:00:00,2025-04-13 07:00:00,e-scooter,*405 F Dornbusch/Am Grünhof,50,0,0
synthetic_e_scooter,2025-04-13,2025-04-13 06:00:00,2025-04-13 07:00:00,e-scooter,*405 F Dornbusch/Am Grünhof,100,0,0
synthetic_e_scooter,2025-04-13,2025-04-13 06:00:00,2025-04-13 07:00:00,e-scooter,*405 F Dornbusch/Am Grünhof,250,0,0
synthetic_e_scooter,2025-04-13,2025-04-13 06:00:00,2025-04-13 07:00:00,e-scooter,*405 F Dornbusch/Am Grünhof,350,0,0
synthetic_bikesharing,2025-04-13,2025-04-13 06:00:00,2025-04-13 07:00:00,bicycle,F Francois-Mitterrand-Platz,50,0,0
synthetic_bikesharing,2025-04-13,2025-04-13 06:00:00,2025-04-13 07:00:00,bicycle,F Francois-Mitterrand-Platz,100,1,1
synthetic_bikesharing,2025-04-13,2025-04-13 06:00:00,2025-04-13 07:00:00,bicycle,F Francois-Mitterrand-Platz,250,2,1
synthetic_bikesharing,2025-04-13,2025-04-13 06:00:00,2025-04-13 07:00:00,bicycle,F Francois-Mitterrand-Platz,350,2,2
synthetic_e_scooter,2025-04-13,2025-04-13 06:00:00,2025-04-13 07:00:00,e-scooter,F Francois-Mitterrand-Platz,50,0,0
synthetic_e_scooter,2025-04-13,2025-04-13 06:00:00,2025-04-13 07:00:00,e-scooter,F Francois-Mitterrand-Platz,100,0,0
synthetic_e_scooter,2025-04-13,2025-04-13 06:00:00,2025-04-13 07:00:00,e-scooter,F Francois-Mitterrand-Platz,250,0,0
synthetic_e_scooter,2025-04-13,2025-04-13 06:00:00,2025-04-13 07:00:00,e-scooter,F Francois-Mitterrand-Platz,350,0,0
synthetic_bikesharing,2025-04-13,2025-04-13 06:00:00,2025-04-13 07:00:00,bicycle,F Miquel-/Adickesallee,50,0,0
synthetic_bikesharing,2025-04-13,2025-04-13 06:00:00,2025-04-13 07:00:00,bicycle,F Miquel-/Adickesallee,100,0,0
synthetic_bikesharing,2025-04-13,2025-04-13 06:00:00,2025-04-13 07:00:00,bicycle,F Miquel-/Adickesallee,250,0,0
synthetic_bikesharing,2025-04-13,2025-04-13 06:00:00,2025-04-13 07:00:00,bicycle,F Miquel-/Adickesallee,350,0,2
synthetic_e_scooter,2025-04-13,2025-04-13 06:00:00,2025-04-13 07:00:00,e-scooter,F Miquel-/Adickesallee,50,0,0
synthetic_e_scooter,2025-04-13,2025-04-13 06:00:00,2025-04-13 07:00:00,e-scooter,F Miquel-/Adickesallee,100,0,0
synthetic_e_scooter,2025-04-13,2025-04-13 06:00:00,2025-04-13 07:00:00,e-scooter,F Miquel-/Adickesallee,250,0,0
synthetic_e_scooter,2025-04-13,2025-04-13 06:00:00,2025-04-13 07:00:00,e-scooter,F Miquel-/Adickesallee,350,0,0
synthetic_bikesharing,2025-04-13,2025-04-13 06:00:00,2025-04-13 07:00:00,bicycle,F Plieningerstraße,50,0,0
synthetic_bikesharing,2025-04-13,2025-04-13 06:00:00,2025-04-13 07:00:00,bicycle,F Plieningerstraße,100,0,0
synthetic_bikesharing,2025-04-13,2025-04-13 06:00:00,2025-04-13 07:00:00,bicycle,F Plieningerstraße,250,1,0
synthetic_bikesharing,2025-04-13,2025-04-13 06:00:00,2025-04-13 07:00:00,bicycle,F Plieningerstraße,350,1,0
synthetic_e_scooter,2025-04-13,2025-04-13 06:00:00,2025-04-13 07:00:00,e-scooter,F Plieningerstraße,50,0,0
synthetic_e_scooter,2025-04-13,2025-04-13 06:00:00,2025-04-13 07:00:00,e-scooter,F Plieningerstraße,100,0,0
synthetic_e_scooter,2025-04-13,2025-04-13 06:00:00,2025-04-13 07:00:00,e-scooter,F Plieningerstraße,250,0,0
synthetic_e_scooter,2025-04-13,2025-04-13 06:00:00,2025-04-13 07:00:00,e-scooter,F Plieningerstraße,350,0,0
synthetic_bikesharing,2025-04-13,2025-04-13 06:00:00,2025-04-13 07:00:00,bicycle,F Weser-/Münchener Straße,50,0,0
synthetic_bikesharing,2025-04-13,2025-04-13 06:00:00,2025-04-13 07:00:00,bicycle,F Weser-/Münchener Straße,100,0,0
synthetic_bikesharing,2025-04-13,2025-04-13 06:00:00,2025-04-13 07:00:00,bicycle,F Weser-/Münchener Straße,250,0,0
synthetic_bikesharing,2025-04-13,2025-04-13 06:00:00,2025-04-13 07:00:00,bicycle,F Weser-/Münchener Straße,350,0,0
synthetic_e_scooter,2025-04-13,2025-04-13 06:00:00,2025-04-13 07:00:00,e-scooter,F Weser-/Münchener Straße,50,0,0
synthetic_e_scooter,2025-04-13,2025-04-13 06:00:00,2025-04-13 07:00:00,e-scooter,F Weser-/Münchener Straße,100,0,0
synthetic_e_scooter,2025-04-13,2025-04-13 06:00:00,2025-04-13 07:00:00,e-scooter,F Weser-/Münchener Straße,250,1,0
synthetic_e_scooter,2025-04-13,2025-04-13 06:00:00,2025-04-13 07:00:00,e-scooter,F Weser-/Münchener Straße,350,2,0
synthetic_bikesharing,2025-04-13,2025-04-13 07:00:00,2025-04-13 08:00:00,bicycle,*405 F Dornbusch/Am Grünhof,50,0,0
synthetic_bikesharing,2025-04-13,2025-04-13 07:00:00,2025-04-13 08:00:00,bicycle,*405 F Dornbusch/Am Grünhof,100,0,0
synthetic_bikesharing,2025-04-13,2025-04-13 07:00:00,2025-04-13 08:00:00,bicycle,*405 F Dornbusch/Am Grünhof,250,1,0
synthetic_bikesharing,2025-04-13,2025-04-13 07:00:00,2025-04-13 08:00:00,bicycle,*405 F Dornbusch/Am Grünhof,350,1,0
synthetic_e_scooter,2025-04-13,2025-04-13 07:00:00,2025-04-13 08:00:00,e-scooter,*405 F Dornbusch/Am Grünhof,50,0,1
synthetic_e_scooter,2025-04-13,2025-04-13 07:00:00,2025-04-13 08:00:00,e-scooter,*405 F Dornbusch/Am Grünhof,100,0,2
synthetic_e_scooter,2025-04-13,2025-04-13 07:00:00,2025-04-13 08:00:00,e-scooter,*405 F Dornbusch/Am Grünhof,250,1,2
synthetic_e_scooter,2025-04-13,2025-04-13 07:00:00,2025-04-13 08:00:00,e-scooter,*405 F Dornbusch/Am Grünhof,350,1,2
synthetic_bikesharing,2025-04-13,2025-04-13 07:00:00,2025-04-13 08:00:00,bicycle,F Francois-Mitterrand-Platz,50,0,0
synthetic_bikesharing,2025-04-13,2025-04-13 07:00:00,2025-04-13 08:00:00,bicycle,F Francois-Mitterrand-Platz,100,0,0
synthetic_bikesharing,2025-04-13,2025-04-13 07:00:00,2025-04-13 08:00:00,bicycle,F Francois-Mitterrand-Platz,250,0,1
synthetic_bikesharing,2025-04-13,2025-04-13 07:00:00,2025-04-13 08:00:00,bicycle,F Francois-Mitterrand-Platz,350,0,1
synthetic_e_scooter,2025-04-13,2025-04-13 07:00:00,2025-04-13 08:00:00,e-scooter,F Francois-Mitterrand-Platz,50,0,0
synthetic_e_scooter,2025-04-13,2025-04-13 07:00:00,2025-04-13 08:00:00,e-scooter,F Francois-Mitterrand-Platz,100,0,0
synthetic_e_scooter,2025-04-13,2025-04-13 07:00:00,2025-04-13 08:00:00,e-scooter,F Francois-Mitterrand-Platz,250,0,0
synthetic_e_scooter,2025-04-13,2025-04-13 07:00:00,2025-04-13 08:00:00,e-scooter,F Francois-Mitterrand-Platz,350,0,0
synthetic_bikesharing,2025-04-13,2025-04-13 07:00:00,2025-04-13 08:00:00,bicycle,F Miquel-/Adickesallee,50,1,0
synthetic_bikesharing,2025-04-13,2025-04-13 07:00:00,2025-04-13 08:00:00,bicycle,F Miquel-/Adickesallee,100,1,4
synthetic_bikesharing,2025-04-13,2025-04-13 07:00:00,2025-04-13 08:00:00,bicycle,F Miquel-/Adickesallee,250,2,5
synthetic_bikesharing,2025-04-13,2025-04-13 07:00:00,2025-04-13 08:00:00,bicycle,F Miquel-/Adickesallee,350,3,5
synthetic_e_scooter,2025-04-13,2025-04-13 07:00:00,2025-04-13 08:00:00,e-scooter,F Miquel-/Adickesallee,50,0,0
synthetic_e_scooter,2025-04-13,2025-04-13 07:00:00,2025-04-13 08:00:00,e-scooter,F Miquel-/Adickesallee,100,0,0
synthetic_e_scooter,2025-04-13,2025-04-13 07:00:00,2025-04-13 08:00:00,e-scooter,F Miquel-/Adickesallee,250,0,0
synthetic_e_scooter,2025-04-13,2025-04-13 07:00:00,2025-04-13 08:00:00,e-scooter,F Miquel-/Adickesallee,350,1,0
synthetic_bikesharing,2025-04-13,2025-04-13 07:00:00,2025-04-13 08:00:00,bicycle,F Plieningerstraße,50,1,1
synthetic_bikesharing,2025-04-13,2025-04-13 07:00:00,2025-04-13 08:00:00,bicycle,F Plieningerstraße,100,2,1
synthetic_bikesharing,2025-04-13,2025-04-13 07:00:00,2025-04-13 08:00:00,bicycle,F Plieningerstraße,250,2,4
synthetic_bikesharing,2025-04-13,2025-04-13 07:00:00,2025-04-13 08:00:00,bicycle,F Plieningerstraße,350,2,5
synthetic_e_scooter,2025-04-13,2025-04-13 07:00:00,2025-04-13 08:00:00,e-scooter,F Plieningerstraße,50,0,0
synthetic_e_scooter,2025-04-13,2025-04-13 07:00:00,2025-04-13 08:00:00,e-scooter,F Plieningerstraße,100,0,0
synthetic_e_scooter,2025-04-13,2025-04-13 07:00:00,2025-04-13 08:00:00,e-scooter,F Plieningerstraße,250,0,0
synthetic_e_scooter,2025-04-13,2025-04-13 07:00:00,2025-04-13 08:00:00,e-scooter,F Plieningerstraße,350,0,0
synthetic_bikesharing,2025-04-13,2025-04-13 07:00:00,2025-04-13 08:00:00,bicycle,F Weser-/Münchener Straße,50,0,0
synthetic_bikesharing,2025-04-13,2025-04-13 07:00:00,2025-04-13 08:00:00,bicycle,F Weser-/Münchener Straße,100,1,0
synthetic_bikesharing,2025-04-13,2025-04-13 07:00:00,2025-04-13 08:00:00,bicycle,F Weser-/Münchener Straße,250,5,2
synthetic_bikesharing,2025-04-13,2025-04-13 07:00:00,2025-04-13 08:00:00,bicycle,F Weser-/Münchener Straße,350,7,3
synthetic_e_scooter,2025-04-13,2025-04-13 07:00:00,2025-04-13 08:00:00,e-scooter,F Weser-/Münchener Straße,50,1,0
synthetic_e_scooter,2025-04-13,2025-04-13 07:00:00,2025-04-13 08:00:00,e-scooter,F Weser-/Münchener Straße,100,1,1
synthetic_e_scooter,2025-04-13,2025-04-13 07:00:00,2025-04-13 08:00:00,e-scooter,F Weser-/Münchener Straße,250,5,2
synthetic_e_scooter,2025-04-13,2025-04-13 07:00:00,2025-04-13 08:00:00,e-scooter,F Weser-/Münchener Straße,350,7,3
synthetic_bikesharing,2025-04-13,2025-04-13 08:00:00,2025-04-13 09:00:00,bicycle,*405 F Dornbusch/Am Grünhof,50,0,0
synthetic_bikesharing,2025-04-13,2025-04-13 08:00:00,2025-04-13 09:00:00,bicycle,*405 F Dornbusch/Am Grünhof,100,1,0
synthetic_bikesharing,2025-04-13,2025-04-13 08:00:00,2025-04-13 09:00:00,bicycle,*405 F Dornbusch/Am Grünhof,250,1,1
synthetic_bikesharing,2025-04-13,2025-04-13 08:00:00,2025-04-13 09:00:00,bicycle,*405 F Dornbusch/Am Grünhof,350,2,1
synthetic_e_scooter,2025-04-13,2025-04-13 08:00:00,2025-04-13 09:00:00,e-scooter,*405 F Dornbusch/Am Grünhof,50,0,0
synthetic_e_scooter,2025-04-13,2025-04-13 08:00:00,2025-04-13 09:00:00,e-scooter,*405 F Dornbusch/Am Grünhof,100,1,0
synthetic_e_scooter,2025-04-13,2025-04-13 08:00:00,2025-04-13 09:00:00,e-scooter,*405 F Dornbusch/Am Grünhof,250,2,0
synthetic_e_scooter,2025-04-13,2025-04-13 08:00:00,2025-04-13 09:00:00,e-scooter,*405 F Dornbusch/Am Grünhof,350,2,2
synthetic_bikesharing,2025-04-13,2025-04-13 08:00:00,2025-04-13 09:00:00,bicycle,F Francois-Mitterrand-Platz,50,0,1
synthetic_bikesharing,2025-04-13,2025-04-13 08:00:00,2025-04-13 09:00:00,bicycle,F Francois-Mitterrand-Platz,100,1,3
synthetic_bikesharing,2025-04-13,2025-04-13 08:00:00,2025-04-13 09:00:00,bicycle,F Francois-Mitterrand-Platz,250,3,7
synthetic_bikesharing,2025-04-13,2025-04-13 08:00:00,2025-04-13 09:00:00,bicycle,F Francois-Mitterrand-Platz,350,3,8
synthetic_e_scooter,2025-04-13,2025-04-13 08:00:00,2025-04-13 09:00:00,e-scooter,F Francois-Mitterrand-Platz,50,0,1
synthetic_e_scooter,2025-04-13,2025-04-13 08:00:00,2025-04-13 09:00:00,e-scooter,F Francois-Mitterrand-Platz,100,0,1
synthetic_e_scooter,2025-04-13,2025-04-13 08:00:00,2025-04-13 09:00:00,e-scooter,F Francois-Mitterrand-Platz,250,2,1
synthetic_e_scooter,2025-04-13,2025-04-13 08:00:00,2025-04-13 09:00:00,e-scooter,F Francois-Mitterrand-Platz,350,3,2
synthetic_bikesharing,2025-04-13,2025-04-13 08:00:00,2025-04-13 09:00:00,bicycle,F Miquel-/Adickesallee,50,1,1
synthetic_bikesharing,2025-04-13,2025-04-13 08:00:00,2025-04-13 09:00:00,bicycle,F Miquel-/Adickesallee,100,1,1
synthetic_bikesharing,2025-04-13,2025-04-13 08:00:00,2025-04-13 09:00:00,bicycle,F Miquel-/Adickesallee,250,3,3
synthetic_bikesharing,2025-04-13,2025-04-13 08:00:00,2025-04-13 09:00:00,bicycle,F Miquel-/Adickesallee,350,3,3
synthetic_e_scooter,2025-04-13,2025-04-13 08:00:00,2025-04-13 09:00:00,e-scooter,F Miquel-/Adickesallee,50,1,0
synthetic_e_scooter,2025-04-13,2025-04-13 08:00:00,2025-04-13 09:00:00,e-scooter,F Miquel-/Adickesallee,100,2,0
synthetic_e_scooter,2025-04-13,2025-04-13 08:00:00,2025-04-13 09:00:00,e-scooter,F Miquel-/Adickesallee,250,5,2
synthetic_e_scooter,2025-04-13,2025-04-13 08:00:00,2025-04-13 09:00:00,e-scooter,F Miquel-/Adickesallee,350,5,2
synthetic_bikesharing,2025-04-13,2025-04-13 08:00:00,2025-04-13 09:00:00,bicycle,F Plieningerstraße,50,0,0
synthetic_bikesharing,2025-04-13,2025-04-13 08:00:00,2025-04-13 09:00:00,bicycle,F Plieningerstraße,100,0,0
synthetic_bikesharing,2025-04-13,2025-04-13 08:00:00,2025-04-13 09:00:00,bicycle,F Plieningerstraße,250,1,0
synthetic_bikesharing,2025-04-13,2025-04-13 08:00:00,2025-04-13 09:00:00,bicycle,F Plieningerstraße,350,1,1
synthetic_e_scooter,2025-04-13,2025-04-13 08:00:00,2025-04-13 09:00:00,e-scooter,F Plieningerstraße,50,0,0
synthetic_e_scooter,2025-04-13,2025-04-13 08:00:00,2025-04-13 09:00:00,e-scooter,F Plieningerstraße,100,0,0
synthetic_e_scooter,2025-04-13,2025-04-13 08:00:00,2025-04-13 09:00:00,e-scooter,F Plieningerstraße,250,0,0
synthetic_e_scooter,2025-04-13,2025-04-13 08:00:00,2025-04-13 09:00:00,e-scooter,F Plieningerstraße,350,0,0
synthetic_bikesharing,2025-04-13,2025-04-13 08:00:00,2025-04-13 09:00:00,bicycle,F Weser-/Münchener Straße,50,1,0
synthetic_bikesharing,2025-04-13,2025-04-13 08:00:00,2025-04-13 09:00:00,bicycle,F Weser-/Münchener Straße,100,4,1
synthetic_bikesharing,2025-04-13,2025-04-13 08:00:00,2025-04-13 09:00:00,bicycle,F Weser-/Münchener Straße,250,6,1
synthetic_bikesharing,2025-04-13,2025-04-13 08:00:00,2025-04-13 09:00:00,bicycle,F Weser-/Münchener Straße,350,9,2
synthetic_e_scooter,2025-04-13,2025-04-13 08:00:00,2025-04-13 09:00:00,e-scooter,F Weser-/Münchener Straße,50,1,0
synthetic_e_scooter,2025-04-13,2025-04-13 08:00:00,2025-04-13 09:00:00,e-scooter,F Weser-/Münchener Straße,100,2,0
synthetic_e_scooter,2025-04-13,2025-04-13 08:00:00,2025-04-13 09:00:00,e-scooter,F Weser-/Münchener Straße,250,4,0
synthetic_e_scooter,2025-04-13,2025-04-13 08:00:00,2025-04-13 09:00:00,e-scooter,F Weser-/Münchener Straße,350,4,0
synthetic_bikesharing,2025-04-13,2025-04-13 09:00:00,2025-04-13 10:00:00,bicycle,*405 F Dornbusch/Am Grünhof,50,0,2
synthetic_bikesharing,2025-04-13,2025-04-13 09:00:00,2025-04-13 10:00:00,bicycle,*405 F Dornbusch/Am Grünhof,100,0,2
synthetic_bikesharing,2025-04-13,2025-04-13 09:00:00,2025-04-13 10:00:00,bicycle,*405 F Dornbusch/Am Grünhof,250,1,2
synthetic_bikesharing,2025-04-13,2025-04-13 09:00:00,2025-04-13 10:00:00,bicycle,*405 F Dornbusch/Am Grünhof,350,2,2
synthetic_e_scooter,2025-04-13,2025-04-13 09:00:00,2025-04-13 10:00:00,e-scooter,*405 F Dornbusch/Am Grünhof,50,1,0
synthetic_e_scooter,2025-04-13,2025-04-13 09:00:00,2025-04-13 10:00:00,e-scooter,*405 F Dornbusch/Am Grünhof,100,1,0
synthetic_e_scooter,2025-04-13,2025-04-13 09:00:00,2025-04-13 10:00:00,e-scooter,*405 F Dornbusch/Am Grünhof,250,2,0
synthetic_e_scooter,2025-04-13,2025-04-13 09:00:00,2025-04-13 10:00:00,e-scooter,*405 F Dornbusch/Am Grünhof,350,3,2
synthetic_bikesharing,2025-04-13,2025-04-13 09:00:00,2025-04-13 10:00:00,bicycle,F Francois-Mitterrand-Platz,50,1,0
synthetic_bikesharing,2025-04-13,2025-04-13 09:00:00,2025-04-13 10:00:00,bicycle,F Francois-Mitterrand-Platz,100,1,0
synthetic_bikesharing,2025-04-13,2025-04-13 09:00:00,2025-04-13 10:00:00,bicycle,F Francois-Mitterrand-Platz,250,2,2
synthetic_bikesharing,2025-04-13,2025-04-13 09:00:00,2025-04-13 10:00:00,bicycle,F Francois-Mitterrand-Platz,350,2,2
synthetic_e_scooter,2025-04-13,2025-04-13 09:00:00,2025-04-13 10:00:00,e-scooter,F Francois-Mitterrand-Platz,50,0,0
synthetic_e_scooter,2025-04-13,2025-04-13 09:00:00,2025-04-13 10:00:00,e-scooter,F Francois-Mitterrand-Platz,100,1,2
synthetic_e_scooter,2025-04-13,2025-04-13 09:00:00,2025-04-13 10:00:00,e-scooter,F Francois-Mitterrand-Platz,250,1,5
synthetic_e_scooter,2025-04-13,2025-04-13 09:00:00,2025-04-13 10:00:00,e-scooter,F Francois-Mitterrand-Platz,350,1,5
synthetic_bikesharing,2025-04-13,2025-04-13 09:00:00,2025-04-13 10:00:00,bicycle,F Miquel-/Adickesallee,50,2,0
synthetic_bikesharing,2025-04-13,2025-04-13 09:00:00,2025-04-13 10:00:00,bicycle,F Miquel-/Adickesallee,100,3,1
synthetic_bikesharing,2025-04-13,2025-04-13 09:00:00,2025-04-13 10:00:00,bicycle,F Miquel-/Adickesallee,250,3,3
synthetic_bikesharing,2025-04-13,2025-04-13 09:00:00,2025-04-13 10:00:00,bicycle,F Miquel-/Adickesallee,350,3,3
synthetic_e_scooter,2025-04-13,2025-04-13 09:00:00,2025-04-13 10:00:00,e-scooter,F Miquel-/Adickesallee,50,0,1
synthetic_e_scooter,2025-04-13,2025-04-13 09:00:00,2025-04-13 10:00:00,e-scooter,F Miquel-/Adickesallee,100,1,1
synthetic_e_scooter,2025-04-13,2025-04-13 09:00:00,2025-04-13 10:00:00,e-scooter,F Miquel-/Adickesallee,250,2,1
synthetic_e_scooter,2025-04-13,2025-04-13 09:00:00,2025-04-13 10:00:00,e-scooter,F Miquel-/Adickesallee,350,2,1
synthetic_bikesharing,2025-04-13,2025-04-13 09:00:00,2025-04-13 10:00:00,bicycle,F Plieningerstraße,50,0,0
synthetic_bikesharing,2025-04-13,2025-04-13 09:00:00,2025-04-13 10:00:00,bicycle,F Plieningerstraße,100,0,0
synthetic_bikesharing,2025-04-13,2025-04-13 09:00:00,2025-04-13 10:00:00,bicycle,F Plieningerstraße,250,0,1
synthetic_bikesharing,2025-04-13,2025-04-13 09:00:00,2025-04-13 10:00:00,bicycle,F Plieningerstraße,350,0,2
synthetic_e_scooter,2025-04-13,2025-04-13 09:00:00,2025-04-13 10:00:00,e-scooter,F Plieningerstraße,50,0,0
synthetic_e_scooter,2025-04-13,2025-04-13 09:00:00,2025-04-13 10:00:00,e-scooter,F Plieningerstraße,100,1,1
synthetic_e_scooter,2025-04-13,2025-04-13 09:00:00,2025-04-13 10:00:00,e-scooter,F Plieningerstraße,250,2,1
synthetic_e_scooter,2025-04-13,2025-04-13 09:00:00,2025-04-13 10:00:00,e-scooter,F Plieningerstraße,350,2,1
synthetic_bikesharing,2025-04-13,2025-04-13 09:00:00,2025-04-13 10:00:00,bicycle,F Weser-/Münchener Straße,50,0,0
synthetic_bikesharing,2025-04-13,2025-04-13 09:00:00,2025-04-13 10:00:00,bicycle,F Weser-/Münchener Straße,100,0,1
synthetic_bikesharing,2025-04-13,2025-04-13 09:00:00,2025-04-13 10:00:00,bicycle,F Weser-/Münchener Straße,250,4,2
synthetic_bikesharing,2025-04-13,2025-04-13 09:00:00,2025-04-13 10:00:00,bicycle,F Weser-/Münchener Straße,350,6,2
synthetic_e_scooter,2025-04-13,2025-04-13 09:00:00,2025-04-13 10:00:00,e-scooter,F Weser-/Münchener Straße,50,1,1
synthetic_e_scooter,2025-04-13,2025-04-13 09:00:00,2025-04-13 10:00:00,e-scooter,F Weser-/Münchener Straße,100,2,2
synthetic_e_scooter,2025-04-13,2025-04-13 09:00:00,2025-04-13 10:00:00,e-scooter,F Weser-/Münchener Straße,250,2,2
synthetic_e_scooter,2025-04-13,2025-04-13 09:00:00,2025-04-13 10:00:00,e-scooter,F Weser-/Münchener Straße,350,4,2
synthetic_bikesharing,2025-04-13,2025-04-13 10:00:00,2025-04-13 11:00:00,bicycle,*405 F Dornbusch/Am Grünhof,50,0,1
synthetic_bikesharing,2025-04-13,2025-04-13 10:00:00,2025-04-13 11:00:00,bicycle,*405 F Dornbusch/Am Grünhof,100,1,1
synthetic_bikesharing,2025-04-13,2025-04-13 10:00:00,2025-04-13 11:00:00,bicycle,*405 F Dornbusch/Am Grünhof,250,2,3
synthetic_bikesharing,2025-04-13,2025-04-13 10:00:00,2025-04-13 11:00:00,bicycle,*405 F Dornbusch/Am Grünhof,350,3,4
synthetic_e_scooter,2025-04-13,2025-04-13 10:00:00,2025-04-13 11:00:00,e-scooter,*405 F Dornbusch/Am Grünhof,50,0,0
synthetic_e_scooter,2025-04-13,2025-04-13 10:00:00,2025-04-13 11:00:00,e-scooter,*405 F Dornbusch/Am Grünhof,100,1,0
synthetic_e_scooter,2025-04-13,2025-04-13 10:00:00,2025-04-13 11:00:00,e-scooter,*405 F Dornbusch/Am Grünhof,250,3,1
synthetic_e_scooter,2025-04-13,2025-04-13 10:00:00,2025-04-13 11:00:00,e-scooter,*405 F Dornbusch/Am Grünhof,350,3,2
synthetic_bikesharing,2025-04-13,2025-04-13 10:00:00,2025-04-13 11:00:00,bicycle,F Francois-Mitterrand-Platz,50,1,0
synthetic_bikesharing,2025-04-13,2025-04-13 10:00:00,2025-04-13 11:00:00,bicycle,F Francois-Mitterrand-Platz,100,1,2
synthetic_bikesharing,2025-04-13,2025-04-13 10:00:00,2025-04-13 11:00:00,bicycle,F Francois-Mitterrand-Platz,250,2,2
synthetic_bikesharing,2025-04-13,2025-04-13 10:00:00,2025-04-13 11:00:00,bicycle,F Francois-Mitterrand-Platz,350,3,4
synthetic_e_scooter,2025-04-13,2025-04-13 10:00:00,2025-04-13 11:00:00,e-scooter,F Francois-Mitterrand-Platz,50,0,1
synthetic_e_scooter,2025-04-13,2025-04-13 10:00:00,2025-04-13 11:00:00,e-scooter,F Francois-Mitterrand-Platz,100,1,1
synthetic_e_scooter,2025-04-13,2025-04-13 10:00:00,2025-04-13 11:00:00,e-scooter,F Francois-Mitterrand-Platz,250,2,3
synthetic_e_scooter,2025-04-13,2025-04-13 10:00:00,2025-04-13 11:00:00,e-scooter,F Francois-Mitterrand-Platz,350,6,5
synthetic_bikesharing,2025-04-13,2025-04-13 10:00:00,2025-04-13 11:00:00,bicycle,F Miquel-/Adickesallee,50,2,2
synthetic_bikesharing,2025-04-13,2025-04-13 10:00:00,2025-04-13 11:00:00,bicycle,F Miquel-/Adickesallee,100,4,2
synthetic_bikesharing,2025-04-13,2025-04-13 10:00:00,2025-04-13 11:00:00,bicycle,F Miquel-/Adickesallee,250,7,4
synthetic_bikesharing,2025-04-13,2025-04-13 10:00:00,2025-04-13 11:00:00,bicycle,F Miquel-/Adickesallee,350,7,5
synthetic_e_scooter,2025-04-13,2025-04-13 10:00:00,2025-04-13 11:00:00,e-scooter,F Miquel-/Adickesallee,50,0,1
synthetic_e_scooter,2025-04-13,2025-04-13 10:00:00,2025-04-13 11:00:00,e-scooter,F Miquel-/Adickesallee,100,1,1
synthetic_e_scooter,2025-04-13,2025-04-13 10:00:00,2025-04-13 11:00:00,e-scooter,F Miquel-/Adickesallee,250,5,3
synthetic_e_scooter,2025-04-13,2025-04-13 10:00:00,2025-04-13 11:00:00,e-scooter,F Miquel-/Adickesallee,350,5,4
synthetic_bikesharing,2025-04-13,2025-04-13 10:00:00,2025-04-13 11:00:00,bicycle,F Plieningerstraße,50,0,0
synthetic_bikesharing,2025-04-13,2025-04-13 10:00:00,2025-04-13 11:00:00,bicycle,F Plieningerstraße,100,0,1
synthetic_bikesharing,2025-04-13,2025-04-13 10:00:00,2025-04-13 11:00:00,bicycle,F Plieningerstraße,250,2,1
synthetic_bikesharing,2025-04-13,2025-04-13 10:00:00,2025-04-13 11:00:00,bicycle,F Plieningerstraße,350,2,2
synthetic_e_scooter,2025-04-13,2025-04-13 10:00:00,2025-04-13 11:00:00,e-scooter,F Plieningerstraße,50,0,1
synthetic_e_scooter,2025-04-13,2025-04-13 10:00:00,2025-04-13 11:00:00,e-scooter,F Plieningerstraße,100,1,1
synthetic_e_scooter,2025-04-13,2025-04-13 10:00:00,2025-04-13 11:00:00,e-scooter,F Plieningerstraße,250,2,2
synthetic_e_scooter,2025-04-13,2025-04-13 10:00:00,2025-04-13 11:00:00,e-scooter,F Plieningerstraße,350,4,2
synthetic_bikesharing,2025-04-13,2025-04-13 10:00:00,2025-04-13 11:00:00,bicycle,F Weser-/Münchener Straße,50,1,1
synthetic_bikesharing,2025-04-13,2025-04-13 10:00:00,2025-04-13 11:00:00,bicycle,F Weser-/Münchener Straße,100,2,1
synthetic_bikesharing,2025-04-13,2025-04-13 10:00:00,2025-04-13 11:00:00,bicycle,F Weser-/Münchener Straße,250,4,5
synthetic_bikesharing,2025-04-13,2025-04-13 10:00:00,2025-04-13 11:00:00,bicycle,F Weser-/Münchener Straße,350,7,8
synthetic_e_scooter,2025-04-13,2025-04-13 10:00:00,2025-04-13 11:00:00,e-scooter,F Weser-/Münchener Straße,50,0,1
synthetic_e_scooter,2025-04-13,2025-04-13 10:00:00,2025-04-13 11:00:00,e-scooter,F Weser-/Münchener Straße,100,3,3
synthetic_e_scooter,2025-04-13,2025-04-13 10:00:00,2025-04-13 11:00:00,e-scooter,F Weser-/Münchener Straße,250,5,7
synthetic_e_scooter,2025-04-13,2025-04-13 10:00:00,2025-04-13 11:00:00,e-scooter,F Weser-/Münchener Straße,350,8,10
synthetic_bikesharing,2025-04-13,2025-04-13 11:00:00,2025-04-13 12:00:00,bicycle,*405 F Dornbusch/Am Grünhof,50,0,0
synthetic_bikesharing,2025-04-13,2025-04-13 11:00:00,2025-04-13 12:00:00,bicycle,*405 F Dornbusch/Am Grünhof,100,1,0
synthetic_bikesharing,2025-04-13,2025-04-13 11:00:00,2025-04-13 12:00:00,bicycle,*405 F Dornbusch/Am Grünhof,250,2,1
synthetic_bikesharing,2025-04-13,2025-04-13 11:00:00,2025-04-13 12:00:00,bicycle,*405 F Dornbusch/Am Grünhof,350,2,1
synthetic_e_scooter,2025-04-13,2025-04-13 11:00:00,2025-04-13 12:00:00,e-scooter,*405 F Dornbusch/Am Grünhof,50,1,0
synthetic_e_scooter,2025-04-13,2025-04-13 11:00:00,2025-04-13 12:00:00,e-scooter,*405 F Dornbusch/Am Grünhof,100,2,0
synthetic_e_scooter,2025-04-13,2025-04-13 11:00:00,2025-04-13 12:00:00,e-scooter,*405 F Dornbusch/Am Grünhof,250,2,2
synthetic_e_scooter,2025-04-13,2025-04-13 11:00:00,2025-04-13 12:00:00,e-scooter,*405 F Dornbusch/Am Grünhof,350,3,3
synthetic_bikesharing,2025-04-13,2025-04-13 11:00:00,2025-04-13 12:00:00,bicycle,F Francois-Mitterrand-Platz,50,0,0
synthetic_bikesharing,2025-04-13,2025-04-13 11:00:00,2025-04-13 12:00:00,bicycle,F Francois-Mitterrand-Platz,100,0,0
synthetic_bikesharing,2025-04-13,2025-04-13 11:00:00,2025-04-13 12:00:00,bicycle,F Francois-Mitterrand-Platz,250,1,1
synthetic_bikesharing,2025-04-13,2025-04-13 11:00:00,2025-04-13 12:00:00,bicycle,F Francois-Mitterrand-Platz,350,3,2
synthetic_e_scooter,2025-04-13,2025-04-13 11:00:00,2025-04-13 12:00:00,e-scooter,F Francois-Mitterrand-Platz,50,1,0
synthetic_e_scooter,2025-04-13,2025-04-13 11:00:00,2025-04-13 12:00:00,e-scooter,F Francois-Mitterrand-Platz,100,2,1
synthetic_e_scooter,2025-04-13,2025-04-13 11:00:00,2025-04-13 12:00:00,e-scooter,F Francois-Mitterrand-Platz,250,6,3
synthetic_e_scooter,2025-04-13,2025-04-13 11:00:00,2025-04-13 12:00:00,e-scooter,F Francois-Mitterrand-Platz,350,7,7
synthetic_bikesharing,2025-04-13,2025-04-13 11:00:00,2025-04-13 12:00:00,bicycle,F Miquel-/Adickesallee,50,0,1
synthetic_bikesharing,2025-04-13,2025-04-13 11:00:00,2025-04-13 12:00:00,bicycle,F Miquel-/Adickesallee,100,1,1
synthetic_bikesharing,2025-04-13,2025-04-13 11:00:00,2025-04-13 12:00:00,bicycle,F Miquel-/Adickesallee,250,7,5
synthetic_bikesharing,2025-04-13,2025-04-13 11:00:00,2025-04-13 12:00:00,bicycle,F Miquel-/Adickesallee,350,7,7
synthetic_e_scooter,2025-04-13,2025-04-13 11:00:00,2025-04-13 12:00:00,e-scooter,F Miquel-/Adickesallee,50,1,1
synthetic_e_scooter,2025-04-13,2025-04-13 11:00:00,2025-04-13 12:00:00,e-scooter,F Miquel-/Adickesallee,100,2,5
synthetic_e_scooter,2025-04-13,2025-04-13 11:00:00,2025-04-13 12:00:00,e-scooter,F Miquel-/Adickesallee,250,8,8
synthetic_e_scooter,2025-04-13,2025-04-13 11:00:00,2025-04-13 12:00:00,e-scooter,F Miquel-/Adickesallee,350,15,9
synthetic_bikesharing,2025-04-13,2025-04-13 11:00:00,2025-04-13 12:00:00,bicycle,F Plieningerstraße,50,0,0
synthetic_bikesharing,2025-04-13,2025-04-13 11:00:00,2025-04-13 12:00:00,bicycle,F Plieningerstraße,100,0,0
synthetic_bikesharing,2025-04-13,2025-04-13 11:00:00,2025-04-13 12:00:00,bicycle,F Plieningerstraße,250,1,0
synthetic_bikesharing,2025-04-13,2025-04-13 11:00:00,2025-04-13 12:00:00,bicycle,F Plieningerstraße,350,1,1
synthetic_e_scooter,2025-04-13,2025-04-13 11:00:00,2025-04-13 12:00:00,e-scooter,F Plieningerstraße,50,1,0
synthetic_e_scooter,2025-04-13,2025-04-13 11:00:00,2025-04-13 12:00:00,e-scooter,F Plieningerstraße,100,2,0
synthetic_e_scooter,2025-04-13,2025-04-13 11:00:00,2025-04-13 12:00:00,e-scooter,F Plieningerstraße,250,3,0
synthetic_e_scooter,2025-04-13,2025-04-13 11:00:00,2025-04-13 12:00:00,e-scooter,F Plieningerstraße,350,4,3
synthetic_bikesharing,2025-04-13,2025-04-13 11:00:00,2025-04-13 12:00:00,bicycle,F Weser-/Münchener Straße,50,0,0
synthetic_bikesharing,2025-04-13,2025-04-13 11:00:00,2025-04-13 12:00:00,bicycle,F Weser-/Münchener Straße,100,0,1
synthetic_bikesharing,2025-04-13,2025-04-13 11:00:00,2025-04-13 12:00:00,bicycle,F Weser-/Münchener Straße,250,3,2
synthetic_bikesharing,2025-04-13,2025-04-13 11:00:00,2025-04-13 12:00:00,bicycle,F Weser-/Münchener Straße,350,3,5
synthetic_e_scooter,2025-04-13,2025-04-13 11:00:00,2025-04-13 12:00:00,e-scooter,F Weser-/Münchener Straße,50,0,1
synthetic_e_scooter,2025-04-13,2025-04-13 11:00:00,2025-04-13 12:00:00,e-scooter,F Weser-/Münchener Straße,100,1,1
synthetic_e_scooter,2025-04-13,2025-04-13 11:00:00,2025-04-13 12:00:00,e-scooter,F Weser-/Münchener Straße,250,6,7
synthetic_e_scooter,2025-04-13,2025-04-13 11:00:00,2025-04-13 12:00:00,e-scooter,F Weser-/Münchener Straße,350,9,8
synthetic_bikesharing,2025-04-13,2025-04-13 12:00:00,2025-04-13 13:00:00,bicycle,*405 F Dornbusch/Am Grünhof,50,0,0
synthetic_bikesharing,2025-04-13,2025-04-13 12:00:00,2025-04-13 13:00:00,bicycle,*405 F Dornbusch/Am Grünhof,100,1,1
synthetic_bikesharing,2025-04-13,2025-04-13 12:00:00,2025-04-13 13:00:00,bicycle,*405 F Dornbusch/Am Grünhof,250,1,5
synthetic_bikesharing,2025-04-13,2025-04-13 12:00:00,2025-04-13 13:00:00,bicycle,*405 F Dornbusch/Am Grünhof,350,2,5
synthetic_e_scooter,2025-04-13,2025-04-13 12:00:00,2025-04-13 13:00:00,e-scooter,*405 F Dornbusch/Am Grünhof,50,0,0
synthetic_e_scooter,2025-04-13,2025-04-13 12:00:00,2025-04-13 13:00:00,e-scooter,*405 F Dornbusch/Am Grünhof,100,1,0
synthetic_e_scooter,2025-04-13,2025-04-13 12:00:00,2025-04-13 13:00:00,e-scooter,*405 F Dornbusch/Am Grünhof,250,6,2
synthetic_e_scooter,2025-04-13,2025-04-13 12:00:00,2025-04-13 13:00:00,e-scooter,*405 F Dornbusch/Am Grünhof,350,9,5
synthetic_bikesharing,2025-04-13,2025-04-13 12:00:00,2025-04-13 13:00:00,bicycle,F Francois-Mitterrand-Platz,50,1,1
synthetic_bikesharing,2025-04-13,2025-04-13 12:00:00,2025-04-13 13:00:00,bicycle,F Francois-Mitterrand-Platz,100,3,3
synthetic_bikesharing,2025-04-13,2025-04-13 12:00:00,2025-04-13 13:00:00,bicycle,F Francois-Mitterrand-Platz,250,6,6
synthetic_bikesharing,2025-04-13,2025-04-13 12:00:00,2025-04-13 13:00:00,bicycle,F Francois-Mitterrand-Platz,350,6,7
synthetic_e_scooter,2025-04-13,2025-04-13 12:00:00,2025-04-13 13:00:00,e-scooter,F Francois-Mitterrand-Platz,50,1,1
synthetic_e_scooter,2025-04-13,2025-04-13 12:00:00,2025-04-13 13:00:00,e-scooter,F Francois-Mitterrand-Platz,100,5,1
synthetic_e_scooter,2025-04-13,2025-04-13 12:00:00,2025-04-13 13:00:00,e-scooter,F Francois-Mitterrand-Platz,250,7,8
synthetic_e_scooter,2025-04-13,2025-04-13 12:00:00,2025-04-13 13:00:00,e-scooter,F Francois-Mitterrand-Platz,350,10,12
synthetic_bikesharing,2025-04-13,2025-04-13 12:00:00,2025-04-13 13:00:00,bicycle,F Miquel-/Adickesallee,50,2,1
synthetic_bikesharing,2025-04-13,2025-04-13 12:00:00,2025-04-13 13:00:00,bicycle,F Miquel-/Adickesallee,100,3,4
synthetic_bikesharing,2025-04-13,2025-04-13 12:00:00,2025-04-13 13:00:00,bicycle,F Miquel-/Adickesallee,250,4,9
synthetic_bikesharing,2025-04-13,2025-04-13 12:00:00,2025-04-13 13:00:00,bicycle,F Miquel-/Adickesallee,350,6,11
synthetic_e_scooter,2025-04-13,2025-04-13 12:00:00,2025-04-13 13:00:00,e-scooter,F Miquel-/Adickesallee,50,1,3
synthetic_e_scooter,2025-04-13,2025-04-13 12:00:00,2025-04-13 13:00:00,e-scooter,F Miquel-/Adickesallee,100,3,5
synthetic_e_scooter,2025-04-13,2025-04-13 12:00:00,2025-04-13 13:00:00,e-scooter,F Miquel-/Adickesallee,250,13,7
synthetic_e_scooter,2025-04-13,2025-04-13 12:00:00,2025-04-13 13:00:00,e-scooter,F Miquel-/Adickesallee,350,13,9
synthetic_bikesharing,2025-04-13,2025-04-13 12:00:00,2025-04-13 13:00:00,bicycle,F Plieningerstraße,50,0,2
synthetic_bikesharing,2025-04-13,2025-04-13 12:00:00,2025-04-13 13:00:00,bicycle,F Plieningerstraße,100,0,2
synthetic_bikesharing,2025-04-13,2025-04-13 12:00:00,2025-04-13 13:00:00,bicycle,F Plieningerstraße,250,2,3
synthetic_bikesharing,2025-04-13,2025-04-13 12:00:00,2025-04-13 13:00:00,bicycle,F Plieningerstraße,350,2,4
synthetic_e_scooter,2025-04-13,2025-04-13 12:00:00,2025-04-13 13:00:00,e-scooter,F Plieningerstraße,50,0,1
synthetic_e_scooter,2025-04-13,2025-04-13 12:00:00,2025-04-13 13:00:00,e-scooter,F Plieningerstraße,100,2,1
synthetic_e_scooter,2025-04-13,2025-04-13 12:00:00,2025-04-13 13:00:00,e-scooter,F Plieningerstraße,250,4,2
synthetic_e_scooter,2025-04-13,2025-04-13 12:00:00,2025-04-13 13:00:00,e-scooter,F Plieningerstraße,350,6,2
synthetic_bikesharing,2025-04-13,2025-04-13 12:00:00,2025-04-13 13:00:00,bicycle,F Weser-/Münchener Straße,50,0,0
synthetic_bikesharing,2025-04-13,2025-04-13 12:00:00,2025-04-13 13:00:00,bicycle,F Weser-/Münchener Straße,100,2,1
synthetic_bikesharing,2025-04-13,2025-04-13 12:00:00,2025-04-13 13:00:00,bicycle,F Weser-/Münchener Straße,250,9,5
synthetic_bikesharing,2025-04-13,2025-04-13 12:00:00,2025-04-13 13:00:00,bicycle,F Weser-/Münchener Straße,350,10,11
synthetic_e_scooter,2025-04-13,2025-04-13 12:00:00,2025-04-13 13:00:00,e-scooter,F Weser-/Münchener Straße,50,0,2
synthetic_e_scooter,2025-04-13,2025-04-13 12:00:00,2025-04-13 13:00:00,e-scooter,F Weser-/Münchener Straße,100,3,5
synthetic_e_scooter,2025-04-13,2025-04-13 12:00:00,2025-04-13 13:00:00,e-scooter,F Weser-/Münchener Straße,250,6,11
synthetic_e_scooter,2025-04-13,2025-04-13 12:00:00,2025-04-13 13:00:00,e-scooter,F Weser-/Münchener Straße,350,10,14
synthetic_bikesharing,2025-04-13,2025-04-13 13:00:00,2025-04-13 14:00:00,bicycle,*405 F Dornbusch/Am Grünhof,50,0,0
synthetic_bikesharing,2025-04-13,2025-04-13 13:00:00,2025-04-13 14:00:00,bicycle,*405 F Dornbusch/Am Grünhof,100,0,1
synthetic_bikesharing,2025-04-13,2025-04-13 13:00:00,2025-04-13 14:00:00,bicycle,*405 F Dornbusch/Am Grünhof,250,1,1
synthetic_bikesharing,2025-04-13,2025-04-13 13:00:00,2025-04-13 14:00:00,bicycle,*405 F Dornbusch/Am Grünhof,350,1,1
synthetic_e_scooter,2025-04-13,2025-04-13 13:00:00,2025-04-13 14:00:00,e-scooter,*405 F Dornbusch/Am Grünhof,50,0,0
synthetic_e_scooter,2025-04-13,2025-04-13 13:00:00,2025-04-13 14:00:00,e-scooter,*405 F Dornbusch/Am Grünhof,100,2,0
synthetic_e_scooter,2025-04-13,2025-04-13 13:00:00,2025-04-13 14:00:00,e-scooter,*405 F Dornbusch/Am Grünhof,250,6,1
synthetic_e_scooter,2025-04-13,2025-04-13 13:00:00,2025-04-13 14:00:00,e-scooter,*405 F Dornbusch/Am Grünhof,350,7,3
synthetic_bikesharing,2025-04-13,2025-04-13 13:00:00,2025-04-13 14:00:00,bicycle,F Francois-Mitterrand-Platz,50,0,0
synthetic_bikesharing,2025-04-13,2025-04-13 13:00:00,2025-04-13 14:00:00,bicycle,F Francois-Mitterrand-Platz,100,3,2
synthetic_bikesharing,2025-04-13,2025-04-13 13:00:00,2025-04-13 14:00:00,bicycle,F Francois-Mitterrand-Platz,250,7,4
synthetic_bikesharing,2025-04-13,2025-04-13 13:00:00,2025-04-13 14:00:00,bicycle,F Francois-Mitterrand-Platz,350,8,5
synthetic_e_scooter,2025-04-13,2025-04-13 13:00:00,2025-04-13 14:00:00,e-scooter,F Francois-Mitterrand-Platz,50,0,3
synthetic_e_scooter,2025-04-13,2025-04-13 13:00:00,2025-04-13 14:00:00,e-scooter,F Francois-Mitterrand-Platz,100,2,5
synthetic_e_scooter,2025-04-13,2025-04-13 13:00:00,2025-04-13 14:00:00,e-scooter,F Francois-Mitterrand-Platz,250,3,9
synthetic_e_scooter,2025-04-13,2025-04-13 13:00:00,2025-04-13 14:00:00,e-scooter,F Francois-Mitterrand-Platz,350,6,12
synthetic_bikesharing,2025-04-13,2025-04-13 13:00:00,2025-04-13 14:00:00,bicycle,F Miquel-/Adickesallee,50,1,1
synthetic_bikesharing,2025-04-13,2025-04-13 13:00:00,2025-04-13 14:00:00,bicycle,F Miquel-/Adickesallee,100,3,2
synthetic_bikesharing,2025-04-13,2025-04-13 13:00:00,2025-04-13 14:00:00,bicycle,F Miquel-/Adickesallee,250,5,6
synthetic_bikesharing,2025-04-13,2025-04-13 13:00:00,2025-04-13 14:00:00,bicycle,F Miquel-/Adickesallee,350,9,8
synthetic_e_scooter,2025-04-13,2025-04-13 13:00:00,2025-04-13 14:00:00,e-scooter,F Miquel-/Adickesallee,50,2,1
synthetic_e_scooter,2025-04-13,2025-04-13 13:00:00,2025-04-13 14:00:00,e-scooter,F Miquel-/Adickesallee,100,6,5
synthetic_e_scooter,2025-04-13,2025-04-13 13:00:00,2025-04-13 14:00:00,e-scooter,F Miquel-/Adickesallee,250,9,10
synthetic_e_scooter,2025-04-13,2025-04-13 13:00:00,2025-04-13 14:00:00,e-scooter,F Miquel-/Adickesallee,350,13,11
synthetic_bikesharing,2025-04-13,2025-04-13 13:00:00,2025-04-13 14:00:00,bicycle,F Plieningerstraße,50,0,0
synthetic_bikesharing,2025-04-13,2025-04-13 13:00:00,2025-04-13 14:00:00,bicycle,F Plieningerstraße,100,0,0
synthetic_bikesharing,2025-04-13,2025-04-13 13:00:00,2025-04-13 14:00:00,bicycle,F Plieningerstraße,250,0,1
synthetic_bikesharing,2025-04-13,2025-04-13 13:00:00,2025-04-13 14:00:00,bicycle,F Plieningerstraße,350,0,3
synthetic_e_scooter,2025-04-13,2025-04-13 13:00:00,2025-04-13 14:00:00,e-scooter,F Plieningerstraße,50,0,0
synthetic_e_scooter,2025-04-13,2025-04-13 13:00:00,2025-04-13 14:00:00,e-scooter,F Plieningerstraße,100,1,1
synthetic_e_scooter,2025-04-13,2025-04-13 13:00:00,2025-04-13 14:00:00,e-scooter,F Plieningerstraße,250,3,3
synthetic_e_scooter,2025-04-13,2025-04-13 13:00:00,2025-04-13 14:00:00,e-scooter,F Plieningerstraße,350,5,6
synthetic_bikesharing,2025-04-13,2025-04-13 13:00:00,2025-04-13 14:00:00,bicycle,F Weser-/Münchener Straße,50,0,4
synthetic_bikesharing,2025-04-13,2025-04-13 13:00:00,2025-04-13 14:00:00,bicycle,F Weser-/Münchener Straße,100,1,5
synthetic_bikesharing,2025-04-13,2025-04-13 13:00:00,2025-04-13 14:00:00,bicycle,F Weser-/Münchener Straße,250,4,13
synthetic_bikesharing,2025-04-13,2025-04-13 13:00:00,2025-04-13 14:00:00,bicycle,F Weser-/Münchener Straße,350,6,14
synthetic_e_scooter,2025-04-13,2025-04-13 13:00:00,2025-04-13 14:00:00,e-scooter,F Weser-/Münchener Straße,50,1,2
synthetic_e_scooter,2025-04-13,2025-04-13 13:00:00,2025-04-13 14:00:00,e-scooter,F Weser-/Münchener Straße,100,2,5
synthetic_e_scooter,2025-04-13,2025-04-13 13:00:00,2025-04-13 14:00:00,e-scooter,F Weser-/Münchener Straße,250,8,7
synthetic_e_scooter,2025-04-13,2025-04-13 13:00:00,2025-04-13 14:00:00,e-scooter,F Weser-/Münchener Straße,350,13,8
synthetic_bikesharing,2025-04-13,2025-04-13 14:00:00,2025-04-13 15:00:00,bicycle,*405 F Dornbusch/Am Grünhof,50,0,0
synthetic_bikesharing,2025-04-13,2025-04-13 14:00:00,2025-04-13 15:00:00,bicycle,*405 F Dornbusch/Am Grünhof,100,2,1
synthetic_bikesharing,2025-04-13,2025-04-13 14:00:00,2025-04-13 15:00:00,bicycle,*405 F Dornbusch/Am Grünhof,250,3,3
synthetic_bikesharing,2025-04-13,2025-04-13 14:00:00,2025-04-13 15:00:00,bicycle,*405 F Dornbusch/Am Grünhof,350,5,4
synthetic_e_scooter,2025-04-13,2025-04-13 14:00:00,2025-04-13 15:00:00,e-scooter,*405 F Dornbusch/Am Grünhof,50,1,0
synthetic_e_scooter,2025-04-13,2025-04-13 14:00:00,2025-04-13 15:00:00,e-scooter,*405 F Dornbusch/Am Grünhof,100,2,3
synthetic_e_scooter,2025-04-13,2025-04-13 14:00:00,2025-04-13 15:00:00,e-scooter,*405 F Dornbusch/Am Grünhof,250,3,3
synthetic_e_scooter,2025-04-13,2025-04-13 14:00:00,2025-04-13 15:00:00,e-scooter,*405 F Dornbusch/Am Grünhof,350,7,6
synthetic_bikesharing,2025-04-13,2025-04-13 14:00:00,2025-04-13 15:00:00,bicycle,F Francois-Mitterrand-Platz,50,1,0
synthetic_bikesharing,2025-04-13,2025-04-13 14:00:00,2025-04-13 15:00:00,bicycle,F Francois-Mitterrand-Platz,100,1,0
synthetic_bikesharing,2025-04-13,2025-04-13 14:00:00,2025-04-13 15:00:00,bicycle,F Francois-Mitterrand-Platz,250,10,2
synthetic_bikesharing,2025-04-13,2025-04-13 14:00:00,2025-04-13 15:00:00,bicycle,F Francois-Mitterrand-Platz,350,11,4
synthetic_e_scooter,2025-04-13,2025-04-13 14:00:00,2025-04-13 15:00:00,e-scooter,F Francois-Mitterrand-Platz,50,1,0
synthetic_e_scooter,2025-04-13,2025-04-13 14:00:00,2025-04-13 15:00:00,e-scooter,F Francois-Mitterrand-Platz,100,3,2
synthetic_e_scooter,2025-04-13,2025-04-13 14:00:00,2025-04-13 15:00:00,e-scooter,F Francois-Mitterrand-Platz,250,5,7
synthetic_e_scooter,2025-04-13,2025-04-13 14:00:00,2025-04-13 15:00:00,e-scooter,F Francois-Mitterrand-Platz,350,7,8
synthetic_bikesharing,2025-04-13,2025-04-13 14:00:00,2025-04-13 15:00:00,bicycle,F Miquel-/Adickesallee,50,1,0
synthetic_bikesharing,2025-04-13,2025-04-13 14:00:00,2025-04-13 15:00:00,bicycle,F Miquel-/Adickesallee,100,3,0
synthetic_bikesharing,2025-04-13,2025-04-13 14:00:00,2025-04-13 15:00:00,bicycle,F Miquel-/Adickesallee,250,9,5
synthetic_bikesharing,2025-04-13,2025-04-13 14:00:00,2025-04-13 15:00:00,bicycle,F Miquel-/Adickesallee,350,11,7
synthetic_e_scooter,2025-04-13,2025-04-13 14:00:00,2025-04-13 15:00:00,e-scooter,F Miquel-/Adickesallee,50,1,0
synthetic_e_scooter,2025-04-13,2025-04-13 14:00:00,2025-04-13 15:00:00,e-scooter,F Miquel-/Adickesallee,100,4,3
synthetic_e_scooter,2025-04-13,2025-04-13 14:00:00,2025-04-13 15:00:00,e-scooter,F Miquel-/Adickesallee,250,7,7
synthetic_e_scooter,2025-04-13,2025-04-13 14:00:00,2025-04-13 15:00:00,e-scooter,F Miquel-/Adickesallee,350,9,8
synthetic_bikesharing,2025-04-13,2025-04-13 14:00:00,2025-04-13 15:00:00,bicycle,F Plieningerstraße,50,0,0
synthetic_bikesharing,2025-04-13,2025-04-13 14:00:00,2025-04-13 15:00:00,bicycle,F Plieningerstraße,100,0,0
synthetic_bikesharing,2025-04-13,2025-04-13 14:00:00,2025-04-13 15:00:00,bicycle,F Plieningerstraße,250,2,2
synthetic_bikesharing,2025-04-13,2025-04-13 14:00:00,2025-04-13 15:00:00,bicycle,F Plieningerstraße,350,3,3
synthetic_e_scooter,2025-04-13,2025-04-13 14:00:00,2025-04-13 15:00:00,e-scooter,F Plieningerstraße,50,0,1
synthetic_e_scooter,2025-04-13,2025-04-13 14:00:00,2025-04-13 15:00:00,e-scooter,F Plieningerstraße,100,1,2
synthetic_e_scooter,2025-04-13,2025-04-13 14:00:00,2025-04-13 15:00:00,e-scooter,F Plieningerstraße,250,5,2
synthetic_e_scooter,2025-04-13,2025-04-13 14:00:00,2025-04-13 15:00:00,e-scooter,F Plieningerstraße,350,6,6
synthetic_bikesharing,2025-04-13,2025-04-13 14:00:00,2025-04-13 15:00:00,bicycle,F Weser-/Münchener Straße,50,1,1
synthetic_bikesharing,2025-04-13,2025-04-13 14:00:00,2025-04-13 15:00:00,bicycle,F Weser-/Münchener Straße,100,1,3
synthetic_bikesharing,2025-04-13,2025-04-13 14:00:00,2025-04-13 15:00:00,bicycle,F Weser-/Münchener Straße,250,9,12
synthetic_bikesharing,2025-04-13,2025-04-13 14:00:00,2025-04-13 15:00:00,bicycle,F Weser-/Münchener Straße,350,20,14
synthetic_e_scooter,2025-04-13,2025-04-13 14:00:00,2025-04-13 15:00:00,e-scooter,F Weser-/Münchener Straße,50,3,3
synthetic_e_scooter,2025-04-13,2025-04-13 14:00:00,2025-04-13 15:00:00,e-scooter,F Weser-/Münchener Straße,100,4,4
synthetic_e_scooter,2025-04-13,2025-04-13 14:00:00,2025-04-13 15:00:00,e-scooter,F Weser-/Münchener Straße,250,10,10
synthetic_e_scooter,2025-04-13,2025-04-13 14:00:00,2025-04-13 15:00:00,e-scooter,F Weser-/Münchener Straße,350,13,13
synthetic_bikesharing,2025-04-13,2025-04-13 15:00:00,2025-04-13 16:00:00,bicycle,*405 F Dornbusch/Am Grünhof,50,2,1
synthetic_bikesharing,2025-04-13,2025-04-13 15:00:00,2025-04-13 16:00:00,bicycle,*405 F Dornbusch/Am Grünhof,100,2,1
synthetic_bikesharing,2025-04-13,2025-04-13 15:00:00,2025-04-13 16:00:00,bicycle,*405 F Dornbusch/Am Grünhof,250,5,3
synthetic_bikesharing,2025-04-13,2025-04-13 15:00:00,2025-04-13 16:00:00,bicycle,*405 F Dornbusch/Am Grünhof,350,7,5
synthetic_e_scooter,2025-04-13,2025-04-13 15:00:00,2025-04-13 16:00:00,e-scooter,*405 F Dornbusch/Am Grünhof,50,0,0
synthetic_e_scooter,2025-04-13,2025-04-13 15:00:00,2025-04-13 16:00:00,e-scooter,*405 F Dornbusch/Am Grünhof,100,0,0
synthetic_e_scooter,2025-04-13,2025-04-13 15:00:00,2025-04-13 16:00:00,e-scooter,*405 F Dornbusch/Am Grünhof,250,5,5
synthetic_e_scooter,2025-04-13,2025-04-13 15:00:00,2025-04-13 16:00:00,e-scooter,*405 F Dornbusch/Am Grünhof,350,6,8
synthetic_bikesharing,2025-04-13,2025-04-13 15:00:00,2025-04-13 16:00:00,bicycle,F Francois-Mitterrand-Platz,50,3,2
synthetic_bikesharing,2025-04-13,2025-04-13 15:00:00,2025-04-13 16:00:00,bicycle,F Francois-Mitterrand-Platz,100,4,4
synthetic_bikesharing,2025-04-13,2025-04-13 15:00:00,2025-04-13 16:00:00,bicycle,F Francois-Mitterrand-Platz,250,11,8
synthetic_bikesharing,2025-04-13,2025-04-13 15:00:00,2025-04-13 16:00:00,bicycle,F Francois-Mitterrand-Platz,350,12,9
synthetic_e_scooter,2025-04-13,2025-04-13 15:00:00,2025-04-13 16:00:00,e-scooter,F Francois-Mitterrand-Platz,50,1,1
synthetic_e_scooter,2025-04-13,2025-04-13 15:00:00,2025-04-13 16:00:00,e-scooter,F Francois-Mitterrand-Platz,100,1,1
synthetic_e_scooter,2025-04-13,2025-04-13 15:00:00,2025-04-13 16:00:00,e-scooter,F Francois-Mitterrand-Platz,250,2,4
synthetic_e_scooter,2025-04-13,2025-04-13 15:00:00,2025-04-13 16:00:00,e-scooter,F Francois-Mitterrand-Platz,350,3,5
synthetic_bikesharing,2025-04-13,2025-04-13 15:00:00,2025-04-13 16:00:00,bicycle,F Miquel-/Adickesallee,50,0,1
synthetic_bikesharing,2025-04-13,2025-04-13 15:00:00,2025-04-13 16:00:00,bicycle,F Miquel-/Adickesallee,100,0,2
synthetic_bikesharing,2025-04-13,2025-04-13 15:00:00,2025-04-13 16:00:00,bicycle,F Miquel-/Adickesallee,250,3,8
synthetic_bikesharing,2025-04-13,2025-04-13 15:00:00,2025-04-13 16:00:00,bicycle,F Miquel-/Adickesallee,350,6,10
synthetic_e_scooter,2025-04-13,2025-04-13 15:00:00,2025-04-13 16:00:00,e-scooter,F Miquel-/Adickesallee,50,4,2
synthetic_e_scooter,2025-04-13,2025-04-13 15:00:00,2025-04-13 16:00:00,e-scooter,F Miquel-/Adickesallee,100,10,7
synthetic_e_scooter,2025-04-13,2025-04-13 15:00:00,2025-04-13 16:00:00,e-scooter,F Miquel-/Adickesallee,250,21,13
synthetic_e_scooter,2025-04-13,2025-04-13 15:00:00,2025-04-13 16:00:00,e-scooter,F Miquel-/Adickesallee,350,26,16
synthetic_bikesharing,2025-04-13,2025-04-13 15:00:00,2025-04-13 16:00:00,bicycle,F Plieningerstraße,50,0,1
synthetic_bikesharing,2025-04-13,2025-04-13 15:00:00,2025-04-13 16:00:00,bicycle,F Plieningerstraße,100,0,1
synthetic_bikesharing,2025-04-13,2025-04-13 15:00:00,2025-04-13 16:00:00,bicycle,F Plieningerstraße,250,3,4
synthetic_bikesharing,2025-04-13,2025-04-13 15:00:00,2025-04-13 16:00:00,bicycle,F Plieningerstraße,350,3,5
synthetic_e_scooter,2025-04-13,2025-04-13 15:00:00,2025-04-13 16:00:00,e-scooter,F Plieningerstraße,50,0,3
synthetic_e_scooter,2025-04-13,2025-04-13 15:00:00,2025-04-13 16:00:00,e-scooter,F Plieningerstraße,100,1,4
synthetic_e_scooter,2025-04-13,2025-04-13 15:00:00,2025-04-13 16:00:00,e-scooter,F Plieningerstraße,250,7,6
synthetic_e_scooter,2025-04-13,2025-04-13 15:00:00,2025-04-13 16:00:00,e-scooter,F Plieningerstraße,350,8,8
synthetic_bikesharing,2025-04-13,2025-04-13 15:00:00,2025-04-13 16:00:00,bicycle,F Weser-/Münchener Straße,50,0,1
synthetic_bikesharing,2025-04-13,2025-04-13 15:00:00,2025-04-13 16:00:00,bicycle,F Weser-/Münchener Straße,100,2,3
synthetic_bikesharing,2025-04-13,2025-04-13 15:00:00,2025-04-13 16:00:00,bicycle,F Weser-/Münchener Straße,250,5,8
synthetic_bikesharing,2025-04-13,2025-04-13 15:00:00,2025-04-13 16:00:00,bicycle,F Weser-/Münchener Straße,350,8,11
synthetic_e_scooter,2025-04-13,2025-04-13 15:00:00,2025-04-13 16:00:00,e-scooter,F Weser-/Münchener Straße,50,1,1
synthetic_e_scooter,2025-04-13,2025-04-13 15:00:00,2025-04-13 16:00:00,e-scooter,F Weser-/Münchener Straße,100,1,2
synthetic_e_scooter,2025-04-13,2025-04-13 15:00:00,2025-04-13 16:00:00,e-scooter,F Weser-/Münchener Straße,250,5,7
synthetic_e_scooter,2025-04-13,2025-04-13 15:00:00,2025-04-13 16:00:00,e-scooter,F Weser-/Münchener Straße,350,6,9
synthetic_bikesharing,2025-04-13,2025-04-13 16:00:00,2025-04-13 17:00:00,bicycle,*405 F Dornbusch/Am Grünhof,50,0,0
synthetic_bikesharing,2025-04-13,2025-04-13 16:00:00,2025-04-13 17:00:00,bicycle,*405 F Dornbusch/Am Grünhof,100,0,3
synthetic_bikesharing,2025-04-13,2025-04-13 16:00:00,2025-04-13 17:00:00,bicycle,*405 F Dornbusch/Am Grünhof,250,2,8
synthetic_bikesharing,2025-04-13,2025-04-13 16:00:00,2025-04-13 17:00:00,bicycle,*405 F Dornbusch/Am Grünhof,350,5,12
synthetic_e_scooter,2025-04-13,2025-04-13 16:00:00,2025-04-13 17:00:00,e-scooter,*405 F Dornbusch/Am Grünhof,50,0,0
synthetic_e_scooter,2025-04-13,2025-04-13 16:00:00,2025-04-13 17:00:00,e-scooter,*405 F Dornbusch/Am Grünhof,100,2,3
synthetic_e_scooter,2025-04-13,2025-04-13 16:00:00,2025-04-13 17:00:00,e-scooter,*405 F Dornbusch/Am Grünhof,250,5,12
synthetic_e_scooter,2025-04-13,2025-04-13 16:00:00,2025-04-13 17:00:00,e-scooter,*405 F Dornbusch/Am Grünhof,350,7,13
synthetic_bikesharing,2025-04-13,2025-04-13 16:00:00,2025-04-13 17:00:00,bicycle,F Francois-Mitterrand-Platz,50,2,0
synthetic_bikesharing,2025-04-13,2025-04-13 16:00:00,2025-04-13 17:00:00,bicycle,F Francois-Mitterrand-Platz,100,5,2
synthetic_bikesharing,2025-04-13,2025-04-13 16:00:00,2025-04-13 17:00:00,bicycle,F Francois-Mitterrand-Platz,250,11,5
synthetic_bikesharing,2025-04-13,2025-04-13 16:00:00,2025-04-13 17:00:00,bicycle,F Francois-Mitterrand-Platz,350,21,7
synthetic_e_scooter,2025-04-13,2025-04-13 16:00:00,2025-04-13 17:00:00,e-scooter,F Francois-Mitterrand-Platz,50,2,2
synthetic_e_scooter,2025-04-13,2025-04-13 16:00:00,2025-04-13 17:00:00,e-scooter,F Francois-Mitterrand-Platz,100,9,2
synthetic_e_scooter,2025-04-13,2025-04-13 16:00:00,2025-04-13 17:00:00,e-scooter,F Francois-Mitterrand-Platz,250,14,6
synthetic_e_scooter,2025-04-13,2025-04-13 16:00:00,2025-04-13 17:00:00,e-scooter,F Francois-Mitterrand-Platz,350,16,7
synthetic_bikesharing,2025-04-13,2025-04-13 16:00:00,2025-04-13 17:00:00,bicycle,F Miquel-/Adickesallee,50,2,4
synthetic_bikesharing,2025-04-13,2025-04-13 16:00:00,2025-04-13 17:00:00,bicycle,F Miquel-/Adickesallee,100,4,9
synthetic_bikesharing,2025-04-13,2025-04-13 16:00:00,2025-04-13 17:00:00,bicycle,F Miquel-/Adickesallee,250,14,26
synthetic_bikesharing,2025-04-13,2025-04-13 16:00:00,2025-04-13 17:00:00,bicycle,F Miquel-/Adickesallee,350,17,33
synthetic_e_scooter,2025-04-13,2025-04-13 16:00:00,2025-04-13 17:00:00,e-scooter,F Miquel-/Adickesallee,50,0,1
synthetic_e_scooter,2025-04-13,2025-04-13 16:00:00,2025-04-13 17:00:00,e-scooter,F Miquel-/Adickesallee,100,2,3
synthetic_e_scooter,2025-04-13,2025-04-13 16:00:00,2025-04-13 17:00:00,e-scooter,F Miquel-/Adickesallee,250,11,15
synthetic_e_scooter,2025-04-13,2025-04-13 16:00:00,2025-04-13 17:00:00,e-scooter,F Miquel-/Adickesallee,350,17,25
synthetic_bikesharing,2025-04-13,2025-04-13 16:00:00,2025-04-13 17:00:00,bicycle,F Plieningerstraße,50,1,2
synthetic_bikesharing,2025-04-13,2025-04-13 16:00:00,2025-04-13 17:00:00,bicycle,F Plieningerstraße,100,4,2
synthetic_bikesharing,2025-04-13,2025-04-13 16:00:00,2025-04-13 17:00:00,bicycle,F Plieningerstraße,250,6,4
synthetic_bikesharing,2025-04-13,2025-04-13 16:00:00,2025-04-13 17:00:00,bicycle,F Plieningerstraße,350,7,6
synthetic_e_scooter,2025-04-13,2025-04-13 16:00:00,2025-04-13 17:00:00,e-scooter,F Plieningerstraße,50,0,0
synthetic_e_scooter,2025-04-13,2025-04-13 16:00:00,2025-04-13 17:00:00,e-scooter,F Plieningerstraße,100,2,0
synthetic_e_scooter,2025-04-13,2025-04-13 16:00:00,2025-04-13 17:00:00,e-scooter,F Plieningerstraße,250,8,1
synthetic_e_scooter,2025-04-13,2025-04-13 16:00:00,2025-04-13 17:00:00,e-scooter,F Plieningerstraße,350,15,2
synthetic_bikesharing,2025-04-13,2025-04-13 16:00:00,2025-04-13 17:00:00,bicycle,F Weser-/Münchener Straße,50,4,2
synthetic_bikesharing,2025-04-13,2025-04-13 16:00:00,2025-04-13 17:00:00,bicycle,F Weser-/Münchener Straße,100,4,3
synthetic_bikesharing,2025-04-13,2025-04-13 16:00:00,2025-04-13 17:00:00,bicycle,F Weser-/Münchener Straße,250,12,9
synthetic_bikesharing,2025-04-13,2025-04-13 16:00:00,2025-04-13 17:00:00,bicycle,F Weser-/Münchener Straße,350,16,16
synthetic_e_scooter,2025-04-13,2025-04-13 16:00:00,2025-04-13 17:00:00,e-scooter,F Weser-/Münchener Straße,50,3,2
synthetic_e_scooter,2025-04-13,2025-04-13 16:00:00,2025-04-13 17:00:00,e-scooter,F Weser-/Münchener Straße,100,4,8
synthetic_e_scooter,2025-04-13,2025-04-13 16:00:00,2025-04-13 17:00:00,e-scooter,F Weser-/Münchener Straße,250,11,24
synthetic_e_scooter,2025-04-13,2025-04-13 16:00:00,2025-04-13 17:00:00,e-scooter,F Weser-/Münchener Straße,350,15,38
synthetic_bikesharing,2025-04-13,2025-04-13 17:00:00,2025-04-13 18:00:00,bicycle,*405 F Dornbusch/Am Grünhof,50,4,0
synthetic_bikesharing,2025-04-13,2025-04-13 17:00:00,2025-04-13 18:00:00,bicycle,*405 F Dornbusch/Am Grünhof,100,4,1
synthetic_bikesharing,2025-04-13,2025-04-13 17:00:00,2025-04-13 18:00:00,bicycle,*405 F Dornbusch/Am Grünhof,250,7,6
synthetic_bikesharing,2025-04-13,2025-04-13 17:00:00,2025-04-13 18:00:00,bicycle,*405 F Dornbusch/Am Grünhof,350,9,7
synthetic_e_scooter,2025-04-13,2025-04-13 17:00:00,2025-04-13 18:00:00,e-scooter,*405 F Dornbusch/Am Grünhof,50,0,3
synthetic_e_scooter,2025-04-13,2025-04-13 17:00:00,2025-04-13 18:00:00,e-scooter,*405 F Dornbusch/Am Grünhof,100,1,5
synthetic_e_scooter,2025-04-13,2025-04-13 17:00:00,2025-04-13 18:00:00,e-scooter,*405 F Dornbusch/Am Grünhof,250,8,10
synthetic_e_scooter,2025-04-13,2025-04-13 17:00:00,2025-04-13 18:00:00,e-scooter,*405 F Dornbusch/Am Grünhof,350,13,12
synthetic_bikesharing,2025-04-13,2025-04-13 17:00:00,2025-04-13 18:00:00,bicycle,F Francois-Mitterrand-Platz,50,1,0
synthetic_bikesharing,2025-04-13,2025-04-13 17:00:00,2025-04-13 18:00:00,bicycle,F Francois-Mitterrand-Platz,100,2,1
synthetic_bikesharing,2025-04-13,2025-04-13 17:00:00,2025-04-13 18:00:00,bicycle,F Francois-Mitterrand-Platz,250,6,3
synthetic_bikesharing,2025-04-13,2025-04-13 17:00:00,2025-04-13 18:00:00,bicycle,F Francois-Mitterrand-Platz,350,9,4
synthetic_e_scooter,2025-04-13,2025-04-13 17:00:00,2025-04-13 18:00:00,e-scooter,F Francois-Mitterrand-Platz,50,1,0
synthetic_e_scooter,2025-04-13,2025-04-13 17:00:00,2025-04-13 18:00:00,e-scooter,F Francois-Mitterrand-Platz,100,4,1
synthetic_e_scooter,2025-04-13,2025-04-13 17:00:00,2025-04-13 18:00:00,e-scooter,F Francois-Mitterrand-Platz,250,9,6
synthetic_e_scooter,2025-04-13,2025-04-13 17:00:00,2025-04-13 18:00:00,e-scooter,F Francois-Mitterrand-Platz,350,13,11
synthetic_bikesharing,2025-04-13,2025-04-13 17:00:00,2025-04-13 18:00:00,bicycle,F Miquel-/Adickesallee,50,3,2
synthetic_bikesharing,2025-04-13,2025-04-13 17:00:00,2025-04-13 18:00:00,bicycle,F Miquel-/Adickesallee,100,5,6
synthetic_bikesharing,2025-04-13,2025-04-13 17:00:00,2025-04-13 18:00:00,bicycle,F Miquel-/Adickesallee,250,12,14
synthetic_bikesharing,2025-04-13,2025-04-13 17:00:00,2025-04-13 18:00:00,bicycle,F Miquel-/Adickesallee,350,13,17
synthetic_e_scooter,2025-04-13,2025-04-13 17:00:00,2025-04-13 18:00:00,e-scooter,F Miquel-/Adickesallee,50,4,4
synthetic_e_scooter,2025-04-13,2025-04-13 17:00:00,2025-04-13 18:00:00,e-scooter,F Miquel-/Adickesallee,100,6,9
synthetic_e_scooter,2025-04-13,2025-04-13 17:00:00,2025-04-13 18:00:00,e-scooter,F Miquel-/Adickesallee,250,9,19
synthetic_e_scooter,2025-04-13,2025-04-13 17:00:00,2025-04-13 18:00:00,e-scooter,F Miquel-/Adickesallee,350,14,27
synthetic_bikesharing,2025-04-13,2025-04-13 17:00:00,2025-04-13 18:00:00,bicycle,F Plieningerstraße,50,1,0
synthetic_bikesharing,2025-04-13,2025-04-13 17:00:00,2025-04-13 18:00:00,bicycle,F Plieningerstraße,100,2,3
synthetic_bikesharing,2025-04-13,2025-04-13 17:00:00,2025-04-13 18:00:00,bicycle,F Plieningerstraße,250,5,4
synthetic_bikesharing,2025-04-13,2025-04-13 17:00:00,2025-04-13 18:00:00,bicycle,F Plieningerstraße,350,8,4
synthetic_e_scooter,2025-04-13,2025-04-13 17:00:00,2025-04-13 18:00:00,e-scooter,F Plieningerstraße,50,0,1
synthetic_e_scooter,2025-04-13,2025-04-13 17:00:00,2025-04-13 18:00:00,e-scooter,F Plieningerstraße,100,0,1
synthetic_e_scooter,2025-04-13,2025-04-13 17:00:00,2025-04-13 18:00:00,e-scooter,F Plieningerstraße,250,3,2
synthetic_e_scooter,2025-04-13,2025-04-13 17:00:00,2025-04-13 18:00:00,e-scooter,F Plieningerstraße,350,7,4
synthetic_bikesharing,2025-04-13,2025-04-13 17:00:00,2025-04-13 18:00:00,bicycle,F Weser-/Münchener Straße,50,5,3
synthetic_bikesharing,2025-04-13,2025-04-13 17:00:00,2025-04-13 18:00:00,bicycle,F Weser-/Münchener Straße,100,9,14
synthetic_bikesharing,2025-04-13,2025-04-13 17:00:00,2025-04-13 18:00:00,bicycle,F Weser-/Münchener Straße,250,19,32
synthetic_bikesharing,2025-04-13,2025-04-13 17:00:00,2025-04-13 18:00:00,bicycle,F Weser-/Münchener Straße,350,28,39
synthetic_e_scooter,2025-04-13,2025-04-13 17:00:00,2025-04-13 18:00:00,e-scooter,F Weser-/Münchener Straße,50,8,5
synthetic_e_scooter,2025-04-13,2025-04-13 17:00:00,2025-04-13 18:00:00,e-scooter,F Weser-/Münchener Straße,100,13,12
synthetic_e_scooter,2025-04-13,2025-04-13 17:00:00,2025-04-13 18:00:00,e-scooter,F Weser-/Münchener Straße,250,24,21
synthetic_e_scooter,2025-04-13,2025-04-13 17:00:00,2025-04-13 18:00:00,e-scooter,F Weser-/Münchener Straße,350,27,26
synthetic_bikesharing,2025-04-13,2025-04-13 18:00:00,2025-04-13 19:00:00,bicycle,*405 F Dornbusch/Am Grünhof,50,0,5
synthetic_bikesharing,2025-04-13,2025-04-13 18:00:00,2025-04-13 19:00:00,bicycle,*405 F Dornbusch/Am Grünhof,100,2,6
synthetic_bikesharing,2025-04-13,2025-04-13 18:00:00,2025-04-13 19:00:00,bicycle,*405 F Dornbusch/Am Grünhof,250,3,8
synthetic_bikesharing,2025-04-13,2025-04-13 18:00:00,2025-04-13 19:00:00,bicycle,*405 F Dornbusch/Am Grünhof,350,4,12
synthetic_e_scooter,2025-04-13,2025-04-13 18:00:00,2025-04-13 19:00:00,e-scooter,*405 F Dornbusch/Am Grünhof,50,1,2
synthetic_e_scooter,2025-04-13,2025-04-13 18:00:00,2025-04-13 19:00:00,e-scooter,*405 F Dornbusch/Am Grünhof,100,3,3
synthetic_e_scooter,2025-04-13,2025-04-13 18:00:00,2025-04-13 19:00:00,e-scooter,*405 F Dornbusch/Am Grünhof,250,6,9
synthetic_e_scooter,2025-04-13,2025-04-13 18:00:00,2025-04-13 19:00:00,e-scooter,*405 F Dornbusch/Am Grünhof,350,7,11
synthetic_bikesharing,2025-04-13,2025-04-13 18:00:00,2025-04-13 19:00:00,bicycle,F Francois-Mitterrand-Platz,50,0,1
synthetic_bikesharing,2025-04-13,2025-04-13 18:00:00,2025-04-13 19:00:00,bicycle,F Francois-Mitterrand-Platz,100,1,2
synthetic_bikesharing,2025-04-13,2025-04-13 18:00:00,2025-04-13 19:00:00,bicycle,F Francois-Mitterrand-Platz,250,6,6
synthetic_bikesharing,2025-04-13,2025-04-13 18:00:00,2025-04-13 19:00:00,bicycle,F Francois-Mitterrand-Platz,350,8,8
synthetic_e_scooter,2025-04-13,2025-04-13 18:00:00,2025-04-13 19:00:00,e-scooter,F Francois-Mitterrand-Platz,50,1,2
synthetic_e_scooter,2025-04-13,2025-04-13 18:00:00,2025-04-13 19:00:00,e-scooter,F Francois-Mitterrand-Platz,100,4,4
synthetic_e_scooter,2025-04-13,2025-04-13 18:00:00,2025-04-13 19:00:00,e-scooter,F Francois-Mitterrand-Platz,250,13,7
synthetic_e_scooter,2025-04-13,2025-04-13 18:00:00,2025-04-13 19:00:00,e-scooter,F Francois-Mitterrand-Platz,350,17,10
synthetic_bikesharing,2025-04-13,2025-04-13 18:00:00,2025-04-13 19:00:00,bicycle,F Miquel-/Adickesallee,50,0,5
synthetic_bikesharing,2025-04-13,2025-04-13 18:00:00,2025-04-13 19:00:00,bicycle,F Miquel-/Adickesallee,100,1,10
synthetic_bikesharing,2025-04-13,2025-04-13 18:00:00,2025-04-13 19:00:00,bicycle,F Miquel-/Adickesallee,250,3,19
synthetic_bikesharing,2025-04-13,2025-04-13 18:00:00,2025-04-13 19:00:00,bicycle,F Miquel-/Adickesallee,350,3,25
synthetic_e_scooter,2025-04-13,2025-04-13 18:00:00,2025-04-13 19:00:00,e-scooter,F Miquel-/Adickesallee,50,0,2
synthetic_e_scooter,2025-04-13,2025-04-13 18:00:00,2025-04-13 19:00:00,e-scooter,F Miquel-/Adickesallee,100,2,5
synthetic_e_scooter,2025-04-13,2025-04-13 18:00:00,2025-04-13 19:00:00,e-scooter,F Miquel-/Adickesallee,250,9,15
synthetic_e_scooter,2025-04-13,2025-04-13 18:00:00,2025-04-13 19:00:00,e-scooter,F Miquel-/Adickesallee,350,15,25
synthetic_bikesharing,2025-04-13,2025-04-13 18:00:00,2025-04-13 19:00:00,bicycle,F Plieningerstraße,50,1,1
synthetic_bikesharing,2025-04-13,2025-04-13 18:00:00,2025-04-13 19:00:00,bicycle,F Plieningerstraße,100,1,3
synthetic_bikesharing,2025-04-13,2025-04-13 18:00:00,2025-04-13 19:00:00,bicycle,F Plieningerstraße,250,1,4
synthetic_bikesharing,2025-04-13,2025-04-13 18:00:00,2025-04-13 19:00:00,bicycle,F Plieningerstraße,350,5,4
synthetic_e_scooter,2025-04-13,2025-04-13 18:00:00,2025-04-13 19:00:00,e-scooter,F Plieningerstraße,50,0,1
synthetic_e_scooter,2025-04-13,2025-04-13 18:00:00,2025-04-13 19:00:00,e-scooter,F Plieningerstraße,100,3,1
synthetic_e_scooter,2025-04-13,2025-04-13 18:00:00,2025-04-13 19:00:00,e-scooter,F Plieningerstraße,250,7,3
synthetic_e_scooter,2025-04-13,2025-04-13 18:00:00,2025-04-13 19:00:00,e-scooter,F Plieningerstraße,350,11,8
synthetic_bikesharing,2025-04-13,2025-04-13 18:00:00,2025-04-13 19:00:00,bicycle,F Weser-/Münchener Straße,50,1,1
synthetic_bikesharing,2025-04-13,2025-04-13 18:00:00,2025-04-13 19:00:00,bicycle,F Weser-/Münchener Straße,100,2,4
synthetic_bikesharing,2025-04-13,2025-04-13 18:00:00,2025-04-13 19:00:00,bicycle,F Weser-/Münchener Straße,250,8,15
synthetic_bikesharing,2025-04-13,2025-04-13 18:00:00,2025-04-13 19:00:00,bicycle,F Weser-/Münchener Straße,350,9,24
synthetic_e_scooter,2025-04-13,2025-04-13 18:00:00,2025-04-13 19:00:00,e-scooter,F Weser-/Münchener Straße,50,1,3
synthetic_e_scooter,2025-04-13,2025-04-13 18:00:00,2025-04-13 19:00:00,e-scooter,F Weser-/Münchener Straße,100,4,9
synthetic_e_scooter,2025-04-13,2025-04-13 18:00:00,2025-04-13 19:00:00,e-scooter,F Weser-/Münchener Straße,250,12,25
synthetic_e_scooter,2025-04-13,2025-04-13 18:00:00,2025-04-13 19:00:00,e-scooter,F Weser-/Münchener Straße,350,19,32
synthetic_bikesharing,2025-04-13,2025-04-13 19:00:00,2025-04-13 20:00:00,bicycle,*405 F Dornbusch/Am Grünhof,50,1,1
synthetic_bikesharing,2025-04-13,2025-04-13 19:00:00,2025-04-13 20:00:00,bicycle,*405 F Dornbusch/Am Grünhof,100,2,1
synthetic_bikesharing,2025-04-13,2025-04-13 19:00:00,2025-04-13 20:00:00,bicycle,*405 F Dornbusch/Am Grünhof,250,3,2
synthetic_bikesharing,2025-04-13,2025-04-13 19:00:00,2025-04-13 20:00:00,bicycle,*405 F Dornbusch/Am Grünhof,350,3,3
synthetic_e_scooter,2025-04-13,2025-04-13 19:00:00,2025-04-13 20:00:00,e-scooter,*405 F Dornbusch/Am Grünhof,50,0,2
synthetic_e_scooter,2025-04-13,2025-04-13 19:00:00,2025-04-13 20:00:00,e-scooter,*405 F Dornbusch/Am Grünhof,100,1,2
synthetic_e_scooter,2025-04-13,2025-04-13 19:00:00,2025-04-13 20:00:00,e-scooter,*405 F Dornbusch/Am Grünhof,250,5,12
synthetic_e_scooter,2025-04-13,2025-04-13 19:00:00,2025-04-13 20:00:00,e-scooter,*405 F Dornbusch/Am Grünhof,350,8,14
synthetic_bikesharing,2025-04-13,2025-04-13 19:00:00,2025-04-13 20:00:00,bicycle,F Francois-Mitterrand-Platz,50,0,0
synthetic_bikesharing,2025-04-13,2025-04-13 19:00:00,2025-04-13 20:00:00,bicycle,F Francois-Mitterrand-Platz,100,0,0
synthetic_bikesharing,2025-04-13,2025-04-13 19:00:00,2025-04-13 20:00:00,bicycle,F Francois-Mitterrand-Platz,250,6,3
synthetic_bikesharing,2025-04-13,2025-04-13 19:00:00,2025-04-13 20:00:00,bicycle,F Francois-Mitterrand-Platz,350,15,5
synthetic_e_scooter,2025-04-13,2025-04-13 19:00:00,2025-04-13 20:00:00,e-scooter,F Francois-Mitterrand-Platz,50,1,1
synthetic_e_scooter,2025-04-13,2025-04-13 19:00:00,2025-04-13 20:00:00,e-scooter,F Francois-Mitterrand-Platz,100,7,2
synthetic_e_scooter,2025-04-13,2025-04-13 19:00:00,2025-04-13 20:00:00,e-scooter,F Francois-Mitterrand-Platz,250,10,4
synthetic_e_scooter,2025-04-13,2025-04-13 19:00:00,2025-04-13 20:00:00,e-scooter,F Francois-Mitterrand-Platz,350,12,5
synthetic_bikesharing,2025-04-13,2025-04-13 19:00:00,2025-04-13 20:00:00,bicycle,F Miquel-/Adickesallee,50,0,1
synthetic_bikesharing,2025-04-13,2025-04-13 19:00:00,2025-04-13 20:00:00,bicycle,F Miquel-/Adickesallee,100,2,7
synthetic_bikesharing,2025-04-13,2025-04-13 19:00:00,2025-04-13 20:00:00,bicycle,F Miquel-/Adickesallee,250,5,10
synthetic_bikesharing,2025-04-13,2025-04-13 19:00:00,2025-04-13 20:00:00,bicycle,F Miquel-/Adickesallee,350,7,12
synthetic_e_scooter,2025-04-13,2025-04-13 19:00:00,2025-04-13 20:00:00,e-scooter,F Miquel-/Adickesallee,50,2,6
synthetic_e_scooter,2025-04-13,2025-04-13 19:00:00,2025-04-13 20:00:00,e-scooter,F Miquel-/Adickesallee,100,4,9
synthetic_e_scooter,2025-04-13,2025-04-13 19:00:00,2025-04-13 20:00:00,e-scooter,F Miquel-/Adickesallee,250,15,19
synthetic_e_scooter,2025-04-13,2025-04-13 19:00:00,2025-04-13 20:00:00,e-scooter,F Miquel-/Adickesallee,350,18,30
synthetic_bikesharing,2025-04-13,2025-04-13 19:00:00,2025-04-13 20:00:00,bicycle,F Plieningerstraße,50,0,1
synthetic_bikesharing,2025-04-13,2025-04-13 19:00:00,2025-04-13 20:00:00,bicycle,F Plieningerstraße,100,0,1
synthetic_bikesharing,2025-04-13,2025-04-13 19:00:00,2025-04-13 20:00:00,bicycle,F Plieningerstraße,250,3,1
synthetic_bikesharing,2025-04-13,2025-04-13 19:00:00,2025-04-13 20:00:00,bicycle,F Plieningerstraße,350,5,2
synthetic_e_scooter,2025-04-13,2025-04-13 19:00:00,2025-04-13 20:00:00,e-scooter,F Plieningerstraße,50,1,0
synthetic_e_scooter,2025-04-13,2025-04-13 19:00:00,2025-04-13 20:00:00,e-scooter,F Plieningerstraße,100,4,1
synthetic_e_scooter,2025-04-13,2025-04-13 19:00:00,2025-04-13 20:00:00,e-scooter,F Plieningerstraße,250,7,5
synthetic_e_scooter,2025-04-13,2025-04-13 19:00:00,2025-04-13 20:00:00,e-scooter,F Plieningerstraße,350,9,5
synthetic_bikesharing,2025-04-13,2025-04-13 19:00:00,2025-04-13 20:00:00,bicycle,F Weser-/Münchener Straße,50,1,1
synthetic_bikesharing,2025-04-13,2025-04-13 19:00:00,2025-04-13 20:00:00,bicycle,F Weser-/Münchener Straße,100,3,3
synthetic_bikesharing,2025-04-13,2025-04-13 19:00:00,2025-04-13 20:00:00,bicycle,F Weser-/Münchener Straße,250,4,7
synthetic_bikesharing,2025-04-13,2025-04-13 19:00:00,2025-04-13 20:00:00,bicycle,F Weser-/Münchener Straße,350,4,8
synthetic_e_scooter,2025-04-13,2025-04-13 19:00:00,2025-04-13 20:00:00,e-scooter,F Weser-/Münchener Straße,50,2,3
synthetic_e_scooter,2025-04-13,2025-04-13 19:00:00,2025-04-13 20:00:00,e-scooter,F Weser-/Münchener Straße,100,3,6
synthetic_e_scooter,2025-04-13,2025-04-13 19:00:00,2025-04-13 20:00:00,e-scooter,F Weser-/Münchener Straße,250,14,18
synthetic_e_scooter,2025-04-13,2025-04-13 19:00:00,2025-04-13 20:00:00,e-scooter,F Weser-/Münchener Straße,350,17,24
synthetic_bikesharing,2025-04-13,2025-04-13 20:00:00,2025-04-13 21:00:00,bicycle,*405 F Dornbusch/Am Grünhof,50,0,0
synthetic_bikesharing,2025-04-13,2025-04-13 20:00:00,2025-04-13 21:00:00,bicycle,*405 F Dornbusch/Am Grünhof,100,0,0
synthetic_bikesharing,2025-04-13,2025-04-13 20:00:00,2025-04-13 21:00:00,bicycle,*405 F Dornbusch/Am Grünhof,250,1,1
synthetic_bikesharing,2025-04-13,2025-04-13 20:00:00,2025-04-13 21:00:00,bicycle,*405 F Dornbusch/Am Grünhof,350,2,2
synthetic_e_scooter,2025-04-13,2025-04-13 20:00:00,2025-04-13 21:00:00,e-scooter,*405 F Dornbusch/Am Grünhof,50,2,2
synthetic_e_scooter,2025-04-13,2025-04-13 20:00:00,2025-04-13 21:00:00,e-scooter,*405 F Dornbusch/Am Grünhof,100,8,5
synthetic_e_scooter,2025-04-13,2025-04-13 20:00:00,2025-04-13 21:00:00,e-scooter,*405 F Dornbusch/Am Grünhof,250,13,8
synthetic_e_scooter,2025-04-13,2025-04-13 20:00:00,2025-04-13 21:00:00,e-scooter,*405 F Dornbusch/Am Grünhof,350,15,12
synthetic_bikesharing,2025-04-13,2025-04-13 20:00:00,2025-04-13 21:00:00,bicycle,F Francois-Mitterrand-Platz,50,3,0
synthetic_bikesharing,2025-04-13,2025-04-13 20:00:00,2025-04-13 21:00:00,bicycle,F Francois-Mitterrand-Platz,100,3,0
synthetic_bikesharing,2025-04-13,2025-04-13 20:00:00,2025-04-13 21:00:00,bicycle,F Francois-Mitterrand-Platz,250,4,1
synthetic_bikesharing,2025-04-13,2025-04-13 20:00:00,2025-04-13 21:00:00,bicycle,F Francois-Mitterrand-Platz,350,4,2
synthetic_e_scooter,2025-04-13,2025-04-13 20:00:00,2025-04-13 21:00:00,e-scooter,F Francois-Mitterrand-Platz,50,2,2
synthetic_e_scooter,2025-04-13,2025-04-13 20:00:00,2025-04-13 21:00:00,e-scooter,F Francois-Mitterrand-Platz,100,2,7
synthetic_e_scooter,2025-04-13,2025-04-13 20:00:00,2025-04-13 21:00:00,e-scooter,F Francois-Mitterrand-Platz,250,9,11
synthetic_e_scooter,2025-04-13,2025-04-13 20:00:00,2025-04-13 21:00:00,e-scooter,F Francois-Mitterrand-Platz,350,16,15
synthetic_bikesharing,2025-04-13,2025-04-13 20:00:00,2025-04-13 21:00:00,bicycle,F Miquel-/Adickesallee,50,1,1
synthetic_bikesharing,2025-04-13,2025-04-13 20:00:00,2025-04-13 21:00:00,bicycle,F Miquel-/Adickesallee,100,1,2
synthetic_bikesharing,2025-04-13,2025-04-13 20:00:00,2025-04-13 21:00:00,bicycle,F Miquel-/Adickesallee,250,3,5
synthetic_bikesharing,2025-04-13,2025-04-13 20:00:00,2025-04-13 21:00:00,bicycle,F Miquel-/Adickesallee,350,5,6
synthetic_e_scooter,2025-04-13,2025-04-13 20:00:00,2025-04-13 21:00:00,e-scooter,F Miquel-/Adickesallee,50,3,1
synthetic_e_scooter,2025-04-13,2025-04-13 20:00:00,2025-04-13 21:00:00,e-scooter,F Miquel-/Adickesallee,100,6,3
synthetic_e_scooter,2025-04-13,2025-04-13 20:00:00,2025-04-13 21:00:00,e-scooter,F Miquel-/Adickesallee,250,12,12
synthetic_e_scooter,2025-04-13,2025-04-13 20:00:00,2025-04-13 21:00:00,e-scooter,F Miquel-/Adickesallee,350,16,14
synthetic_bikesharing,2025-04-13,2025-04-13 20:00:00,2025-04-13 21:00:00,bicycle,F Plieningerstraße,50,0,1
synthetic_bikesharing,2025-04-13,2025-04-13 20:00:00,2025-04-13 21:00:00,bicycle,F Plieningerstraße,100,0,1
synthetic_bikesharing,2025-04-13,2025-04-13 20:00:00,2025-04-13 21:00:00,bicycle,F Plieningerstraße,250,1,2
synthetic_bikesharing,2025-04-13,2025-04-13 20:00:00,2025-04-13 21:00:00,bicycle,F Plieningerstraße,350,2,2
synthetic_e_scooter,2025-04-13,2025-04-13 20:00:00,2025-04-13 21:00:00,e-scooter,F Plieningerstraße,50,1,0
synthetic_e_scooter,2025-04-13,2025-04-13 20:00:00,2025-04-13 21:00:00,e-scooter,F Plieningerstraße,100,3,0
synthetic_e_scooter,2025-04-13,2025-04-13 20:00:00,2025-04-13 21:00:00,e-scooter,F Plieningerstraße,250,7,4
synthetic_e_scooter,2025-04-13,2025-04-13 20:00:00,2025-04-13 21:00:00,e-scooter,F Plieningerstraße,350,10,6
synthetic_bikesharing,2025-04-13,2025-04-13 20:00:00,2025-04-13 21:00:00,bicycle,F Weser-/Münchener Straße,50,1,2
synthetic_bikesharing,2025-04-13,2025-04-13 20:00:00,2025-04-13 21:00:00,bicycle,F Weser-/Münchener Straße,100,1,2
synthetic_bikesharing,2025-04-13,2025-04-13 20:00:00,2025-04-13 21:00:00,bicycle,F Weser-/Münchener Straße,250,5,9
synthetic_bikesharing,2025-04-13,2025-04-13 20:00:00,2025-04-13 21:00:00,bicycle,F Weser-/Münchener Straße,350,5,12
synthetic_e_scooter,2025-04-13,2025-04-13 20:00:00,2025-04-13 21:00:00,e-scooter,F Weser-/Münchener Straße,50,5,2
synthetic_e_scooter,2025-04-13,2025-04-13 20:00:00,2025-04-13 21:00:00,e-scooter,F Weser-/Münchener Straße,100,13,6
synthetic_e_scooter,2025-04-13,2025-04-13 20:00:00,2025-04-13 21:00:00,e-scooter,F Weser-/Münchener Straße,250,24,19
synthetic_e_scooter,2025-04-13,2025-04-13 20:00:00,2025-04-13 21:00:00,e-scooter,F Weser-/Münchener Straße,350,34,27
synthetic_bikesharing,2025-04-13,2025-04-13 21:00:00,2025-04-13 22:00:00,bicycle,*405 F Dornbusch/Am Grünhof,50,0,0
synthetic_bikesharing,2025-04-13,2025-04-13 21:00:00,2025-04-13 22:00:00,bicycle,*405 F Dornbusch/Am Grünhof,100,0,0
synthetic_bikesharing,2025-04-13,2025-04-13 21:00:00,2025-04-13 22:00:00,bicycle,*405 F Dornbusch/Am Grünhof,250,1,0
synthetic_bikesharing,2025-04-13,2025-04-13 21:00:00,2025-04-13 22:00:00,bicycle,*405 F Dornbusch/Am Grünhof,350,2,0
synthetic_e_scooter,2025-04-13,2025-04-13 21:00:00,2025-04-13 22:00:00,e-scooter,*405 F Dornbusch/Am Grünhof,50,0,0
synthetic_e_scooter,2025-04-13,2025-04-13 21:00:00,2025-04-13 22:00:00,e-scooter,*405 F Dornbusch/Am Grünhof,100,2,2
synthetic_e_scooter,2025-04-13,2025-04-13 21:00:00,2025-04-13 22:00:00,e-scooter,*405 F Dornbusch/Am Grünhof,250,2,3
synthetic_e_scooter,2025-04-13,2025-04-13 21:00:00,2025-04-13 22:00:00,e-scooter,*405 F Dornbusch/Am Grünhof,350,2,4
synthetic_bikesharing,2025-04-13,2025-04-13 21:00:00,2025-04-13 22:00:00,bicycle,F Francois-Mitterrand-Platz,50,0,0
synthetic_bikesharing,2025-04-13,2025-04-13 21:00:00,2025-04-13 22:00:00,bicycle,F Francois-Mitterrand-Platz,100,0,0
synthetic_bikesharing,2025-04-13,2025-04-13 21:00:00,2025-04-13 22:00:00,bicycle,F Francois-Mitterrand-Platz,250,0,2
synthetic_bikesharing,2025-04-13,2025-04-13 21:00:00,2025-04-13 22:00:00,bicycle,F Francois-Mitterrand-Platz,350,0,3
synthetic_e_scooter,2025-04-13,2025-04-13 21:00:00,2025-04-13 22:00:00,e-scooter,F Francois-Mitterrand-Platz,50,0,2
synthetic_e_scooter,2025-04-13,2025-04-13 21:00:00,2025-04-13 22:00:00,e-scooter,F Francois-Mitterrand-Platz,100,0,3
synthetic_e_scooter,2025-04-13,2025-04-13 21:00:00,2025-04-13 22:00:00,e-scooter,F Francois-Mitterrand-Platz,250,5,6
synthetic_e_scooter,2025-04-13,2025-04-13 21:00:00,2025-04-13 22:00:00,e-scooter,F Francois-Mitterrand-Platz,350,8,9
synthetic_bikesharing,2025-04-13,2025-04-13 21:00:00,2025-04-13 22:00:00,bicycle,F Miquel-/Adickesallee,50,0,0
synthetic_bikesharing,2025-04-13,2025-04-13 21:00:00,2025-04-13 22:00:00,bicycle,F Miquel-/Adickesallee,100,1,2
synthetic_bikesharing,2025-04-13,2025-04-13 21:00:00,2025-04-13 22:00:00,bicycle,F Miquel-/Adickesallee,250,3,3
synthetic_bikesharing,2025-04-13,2025-04-13 21:00:00,2025-04-13 22:00:00,bicycle,F Miquel-/Adickesallee,350,4,6
synthetic_e_scooter,2025-04-13,2025-04-13 21:00:00,2025-04-13 22:00:00,e-scooter,F Miquel-/Adickesallee,50,3,2
synthetic_e_scooter,2025-04-13,2025-04-13 21:00:00,2025-04-13 22:00:00,e-scooter,F Miquel-/Adickesallee,100,7,4
synthetic_e_scooter,2025-04-13,2025-04-13 21:00:00,2025-04-13 22:00:00,e-scooter,F Miquel-/Adickesallee,250,10,7
synthetic_e_scooter,2025-04-13,2025-04-13 21:00:00,2025-04-13 22:00:00,e-scooter,F Miquel-/Adickesallee,350,14,12
synthetic_bikesharing,2025-04-13,2025-04-13 21:00:00,2025-04-13 22:00:00,bicycle,F Plieningerstraße,50,1,0
synthetic_bikesharing,2025-04-13,2025-04-13 21:00:00,2025-04-13 22:00:00,bicycle,F Plieningerstraße,100,1,0
synthetic_bikesharing,2025-04-13,2025-04-13 21:00:00,2025-04-13 22:00:00,bicycle,F Plieningerstraße,250,2,0
synthetic_bikesharing,2025-04-13,2025-04-13 21:00:00,2025-04-13 22:00:00,bicycle,F Plieningerstraße,350,2,1
synthetic_e_scooter,2025-04-13,2025-04-13 21:00:00,2025-04-13 22:00:00,e-scooter,F Plieningerstraße,50,0,0
synthetic_e_scooter,2025-04-13,2025-04-13 21:00:00,2025-04-13 22:00:00,e-scooter,F Plieningerstraße,100,0,2
synthetic_e_scooter,2025-04-13,2025-04-13 21:00:00,2025-04-13 22:00:00,e-scooter,F Plieningerstraße,250,1,5
synthetic_e_scooter,2025-04-13,2025-04-13 21:00:00,2025-04-13 22:00:00,e-scooter,F Plieningerstraße,350,2,6
synthetic_bikesharing,2025-04-13,2025-04-13 21:00:00,2025-04-13 22:00:00,bicycle,F Weser-/Münchener Straße,50,2,2
synthetic_bikesharing,2025-04-13,2025-04-13 21:00:00,2025-04-13 22:00:00,bicycle,F Weser-/Münchener Straße,100,4,3
synthetic_bikesharing,2025-04-13,2025-04-13 21:00:00,2025-04-13 22:00:00,bicycle,F Weser-/Münchener Straße,250,7,7
synthetic_bikesharing,2025-04-13,2025-04-13 21:00:00,2025-04-13 22:00:00,bicycle,F Weser-/Münchener Straße,350,11,9
synthetic_e_scooter,2025-04-13,2025-04-13 21:00:00,2025-04-13 22:00:00,e-scooter,F Weser-/Münchener Straße,50,2,2
synthetic_e_scooter,2025-04-13,2025-04-13 21:00:00,2025-04-13 22:00:00,e-scooter,F Weser-/Münchener Straße,100,8,6
synthetic_e_scooter,2025-04-13,2025-04-13 21:00:00,2025-04-13 22:00:00,e-scooter,F Weser-/Münchener Straße,250,11,9
synthetic_e_scooter,2025-04-13,2025-04-13 21:00:00,2025-04-13 22:00:00,e-scooter,F Weser-/Münchener Straße,350,15,13
synthetic_bikesharing,2025-04-13,2025-04-13 22:00:00,2025-04-13 23:00:00,bicycle,*405 F Dornbusch/Am Grünhof,50,1,1
synthetic_bikesharing,2025-04-13,2025-04-13 22:00:00,2025-04-13 23:00:00,bicycle,*405 F Dornbusch/Am Grünhof,100,2,2
synthetic_bikesharing,2025-04-13,2025-04-13 22:00:00,2025-04-13 23:00:00,bicycle,*405 F Dornbusch/Am Grünhof,250,2,2
synthetic_bikesharing,2025-04-13,2025-04-13 22:00:00,2025-04-13 23:00:00,bicycle,*405 F Dornbusch/Am Grünhof,350,3,3
synthetic_e_scooter,2025-04-13,2025-04-13 22:00:00,2025-04-13 23:00:00,e-scooter,*405 F Dornbusch/Am Grünhof,50,0,1
synthetic_e_scooter,2025-04-13,2025-04-13 22:00:00,2025-04-13 23:00:00,e-scooter,*405 F Dornbusch/Am Grünhof,100,0,2
synthetic_e_scooter,2025-04-13,2025-04-13 22:00:00,2025-04-13 23:00:00,e-scooter,*405 F Dornbusch/Am Grünhof,250,1,3
synthetic_e_scooter,2025-04-13,2025-04-13 22:00:00,2025-04-13 23:00:00,e-scooter,*405 F Dornbusch/Am Grünhof,350,3,6
synthetic_bikesharing,2025-04-13,2025-04-13 22:00:00,2025-04-13 23:00:00,bicycle,F Francois-Mitterrand-Platz,50,0,1
synthetic_bikesharing,2025-04-13,2025-04-13 22:00:00,2025-04-13 23:00:00,bicycle,F Francois-Mitterrand-Platz,100,1,2
synthetic_bikesharing,2025-04-13,2025-04-13 22:00:00,2025-04-13 23:00:00,bicycle,F Francois-Mitterrand-Platz,250,2,3
synthetic_bikesharing,2025-04-13,2025-04-13 22:00:00,2025-04-13 23:00:00,bicycle,F Francois-Mitterrand-Platz,350,2,3
synthetic_e_scooter,2025-04-13,2025-04-13 22:00:00,2025-04-13 23:00:00,e-scooter,F Francois-Mitterrand-Platz,50,2,1
synthetic_e_scooter,2025-04-13,2025-04-13 22:00:00,2025-04-13 23:00:00,e-scooter,F Francois-Mitterrand-Platz,100,4,3
synthetic_e_scooter,2025-04-13,2025-04-13 22:00:00,2025-04-13 23:00:00,e-scooter,F Francois-Mitterrand-Platz,250,9,5
synthetic_e_scooter,2025-04-13,2025-04-13 22:00:00,2025-04-13 23:00:00,e-scooter,F Francois-Mitterrand-Platz,350,9,7
synthetic_bikesharing,2025-04-13,2025-04-13 22:00:00,2025-04-13 23:00:00,bicycle,F Miquel-/Adickesallee,50,0,0
synthetic_bikesharing,2025-04-13,2025-04-13 22:00:00,2025-04-13 23:00:00,bicycle,F Miquel-/Adickesallee,100,2,0
synthetic_bikesharing,2025-04-13,2025-04-13 22:00:00,2025-04-13 23:00:00,bicycle,F Miquel-/Adickesallee,250,6,0
synthetic_bikesharing,2025-04-13,2025-04-13 22:00:00,2025-04-13 23:00:00,bicycle,F Miquel-/Adickesallee,350,7,5
synthetic_e_scooter,2025-04-13,2025-04-13 22:00:00,2025-04-13 23:00:00,e-scooter,F Miquel-/Adickesallee,50,1,1
synthetic_e_scooter,2025-04-13,2025-04-13 22:00:00,2025-04-13 23:00:00,e-scooter,F Miquel-/Adickesallee,100,3,2
synthetic_e_scooter,2025-04-13,2025-04-13 22:00:00,2025-04-13 23:00:00,e-scooter,F Miquel-/Adickesallee,250,8,13
synthetic_e_scooter,2025-04-13,2025-04-13 22:00:00,2025-04-13 23:00:00,e-scooter,F Miquel-/Adickesallee,350,11,14
synthetic_bikesharing,2025-04-13,2025-04-13 22:00:00,2025-04-13 23:00:00,bicycle,F Plieningerstraße,50,0,0
synthetic_bikesharing,2025-04-13,2025-04-13 22:00:00,2025-04-13 23:00:00,bicycle,F Plieningerstraße,100,0,0
synthetic_bikesharing,2025-04-13,2025-04-13 22:00:00,2025-04-13 23:00:00,bicycle,F Plieningerstraße,250,0,0
synthetic_bikesharing,2025-04-13,2025-04-13 22:00:00,2025-04-13 23:00:00,bicycle,F Plieningerstraße,350,0,0
synthetic_e_scooter,2025-04-13,2025-04-13 22:00:00,2025-04-13 23:00:00,e-scooter,F Plieningerstraße,50,0,0
synthetic_e_scooter,2025-04-13,2025-04-13 22:00:00,2025-04-13 23:00:00,e-scooter,F Plieningerstraße,100,0,2
synthetic_e_scooter,2025-04-13,2025-04-13 22:00:00,2025-04-13 23:00:00,e-scooter,F Plieningerstraße,250,1,2
synthetic_e_scooter,2025-04-13,2025-04-13 22:00:00,2025-04-13 23:00:00,e-scooter,F Plieningerstraße,350,2,4
synthetic_bikesharing,2025-04-13,2025-04-13 22:00:00,2025-04-13 23:00:00,bicycle,F Weser-/Münchener Straße,50,1,1
synthetic_bikesharing,2025-04-13,2025-04-13 22:00:00,2025-04-13 23:00:00,bicycle,F Weser-/Münchener Straße,100,2,3
synthetic_bikesharing,2025-04-13,2025-04-13 22:00:00,2025-04-13 23:00:00,bicycle,F Weser-/Münchener Straße,250,4,4
synthetic_bikesharing,2025-04-13,2025-04-13 22:00:00,2025-04-13 23:00:00,bicycle,F Weser-/Münchener Straße,350,6,5
synthetic_e_scooter,2025-04-13,2025-04-13 22:00:00,2025-04-13 23:00:00,e-scooter,F Weser-/Münchener Straße,50,1,3
synthetic_e_scooter,2025-04-13,2025-04-13 22:00:00,2025-04-13 23:00:00,e-scooter,F Weser-/Münchener Straße,100,4,5
synthetic_e_scooter,2025-04-13,2025-04-13 22:00:00,2025-04-13 23:00:00,e-scooter,F Weser-/Münchener Straße,250,8,10
synthetic_e_scooter,2025-04-13,2025-04-13 22:00:00,2025-04-13 23:00:00,e-scooter,F Weser-/Münchener Straße,350,10,13
synthetic_bikesharing,2025-04-14,2025-04-13 23:00:00,2025-04-14 00:00:00,bicycle,*405 F Dornbusch/Am Grünhof,50,0,0
synthetic_bikesharing,2025-04-14,2025-04-13 23:00:00,2025-04-14 00:00:00,bicycle,*405 F Dornbusch/Am Grünhof,100,0,0
synthetic_bikesharing,2025-04-14,2025-04-13 23:00:00,2025-04-14 00:00:00,bicycle,*405 F Dornbusch/Am Grünhof,250,0,0
synthetic_bikesharing,2025-04-14,2025-04-13 23:00:00,2025-04-14 00:00:00,bicycle,*405 F Dornbusch/Am Grünhof,350,0,0
synthetic_e_scooter,2025-04-14,2025-04-13 23:00:00,2025-04-14 00:00:00,e-scooter,*405 F Dornbusch/Am Grünhof,50,0,1
synthetic_e_scooter,2025-04-14,2025-04-13 23:00:00,2025-04-14 00:00:00,e-scooter,*405 F Dornbusch/Am Grünhof,100,0,2
synthetic_e_scooter,2025-04-14,2025-04-13 23:00:00,2025-04-14 00:00:00,e-scooter,*405 F Dornbusch/Am Grünhof,250,0,2
synthetic_e_scooter,2025-04-14,2025-04-13 23:00:00,2025-04-14 00:00:00,e-scooter,*405 F Dornbusch/Am Grünhof,350,0,2
synthetic_bikesharing,2025-04-14,2025-04-13 23:00:00,2025-04-14 00:00:00,bicycle,F Francois-Mitterrand-Platz,50,0,0
synthetic_bikesharing,2025-04-14,2025-04-13 23:00:00,2025-04-14 00:00:00,bicycle,F Francois-Mitterrand-Platz,100,0,1
synthetic_bikesharing,2025-04-14,2025-04-13 23:00:00,2025-04-14 00:00:00,bicycle,F Francois-Mitterrand-Platz,250,0,1
synthetic_bikesharing,2025-04-14,2025-04-13 23:00:00,2025-04-14 00:00:00,bicycle,F Francois-Mitterrand-Platz,350,0,2
synthetic_e_scooter,2025-04-14,2025-04-13 23:00:00,2025-04-14 00:00:00,e-scooter,F Francois-Mitterrand-Platz,50,0,1
synthetic_e_scooter,2025-04-14,2025-04-13 23:00:00,2025-04-14 00:00:00,e-scooter,F Francois-Mitterrand-Platz,100,0,1
synthetic_e_scooter,2025-04-14,2025-04-13 23:00:00,2025-04-14 00:00:00,e-scooter,F Francois-Mitterrand-Platz,250,3,2
synthetic_e_scooter,2025-04-14,2025-04-13 23:00:00,2025-04-14 00:00:00,e-scooter,F Francois-Mitterrand-Platz,350,4,2
synthetic_bikesharing,2025-04-14,2025-04-13 23:00:00,2025-04-14 00:00:00,bicycle,F Miquel-/Adickesallee,50,1,0
synthetic_bikesharing,2025-04-14,2025-04-13 23:00:00,2025-04-14 00:00:00,bicycle,F Miquel-/Adickesallee,100,1,0
synthetic_bikesharing,2025-04-14,2025-04-13 23:00:00,2025-04-14 00:00:00,bicycle,F Miquel-/Adickesallee,250,2,1
synthetic_bikesharing,2025-04-14,2025-04-13 23:00:00,2025-04-14 00:00:00,bicycle,F Miquel-/Adickesallee,350,2,1
synthetic_e_scooter,2025-04-14,2025-04-13 23:00:00,2025-04-14 00:00:00,e-scooter,F Miquel-/Adickesallee,50,1,0
synthetic_e_scooter,2025-04-14,2025-04-13 23:00:00,2025-04-14 00:00:00,e-scooter,F Miquel-/Adickesallee,100,2,0
synthetic_e_scooter,2025-04-14,2025-04-13 23:00:00,2025-04-14 00:00:00,e-scooter,F Miquel-/Adickesallee,250,5,2
synthetic_e_scooter,2025-04-14,2025-04-13 23:00:00,2025-04-14 00:00:00,e-scooter,F Miquel-/Adickesallee,350,6,4
synthetic_bikesharing,2025-04-14,2025-04-13 23:00:00,2025-04-14 00:00:00,bicycle,F Plieningerstraße,50,0,1
synthetic_bikesharing,2025-04-14,2025-04-13 23:00:00,2025-04-14 00:00:00,bicycle,F Plieningerstraße,100,0,1
synthetic_bikesharing,2025-04-14,2025-04-13 23:00:00,2025-04-14 00:00:00,bicycle,F Plieningerstraße,250,0,1
synthetic_bikesharing,2025-04-14,2025-04-13 23:00:00,2025-04-14 00:00:00,bicycle,F Plieningerstraße,350,0,1
synthetic_e_scooter,2025-04-14,2025-04-13 23:00:00,2025-04-14 00:00:00,e-scooter,F Plieningerstraße,50,0,0
synthetic_e_scooter,2025-04-14,2025-04-13 23:00:00,2025-04-14 00:00:00,e-scooter,F Plieningerstraße,100,0,1
synthetic_e_scooter,2025-04-14,2025-04-13 23:00:00,2025-04-14 00:00:00,e-scooter,F Plieningerstraße,250,2,1
synthetic_e_scooter,2025-04-14,2025-04-13 23:00:00,2025-04-14 00:00:00,e-scooter,F Plieningerstraße,350,2,1
synthetic_bikesharing,2025-04-14,2025-04-13 23:00:00,2025-04-14 00:00:00,bicycle,F Weser-/Münchener Straße,50,0,0
synthetic_bikesharing,2025-04-14,2025-04-13 23:00:00,2025-04-14 00:00:00,bicycle,F Weser-/Münchener Straße,100,0,0
synthetic_bikesharing,2025-04-14,2025-04-13 23:00:00,2025-04-14 00:00:00,bicycle,F Weser-/Münchener Straße,250,1,1
synthetic_bikesharing,2025-04-14,2025-04-13 23:00:00,2025-04-14 00:00:00,bicycle,F Weser-/Münchener Straße,350,1,1
synthetic_e_scooter,2025-04-14,2025-04-13 23:00:00,2025-04-14 00:00:00,e-scooter,F Weser-/Münchener Straße,50,1,1
synthetic_e_scooter,2025-04-14,2025-04-13 23:00:00,2025-04-14 00:00:00,e-scooter,F Weser-/Münchener Straße,100,2,3
synthetic_e_scooter,2025-04-14,2025-04-13 23:00:00,2025-04-14 00:00:00,e-scooter,F Weser-/Münchener Straße,250,2,5
synthetic_e_scooter,2025-04-14,2025-04-13 23:00:00,2025-04-14 00:00:00,e-scooter,F Weser-/Münchener Straße,350,2,6
